fiscal_year,year,month,month_name,season,store_name,category,price_band,channel,bills,units,revenue,gross_margin
FY2024-25,2024,4,April,Wedding,Cross Cut Road,Accessories,Value,Exhibition Stall,50,57,23602.26,10857.03
FY2024-25,2024,4,April,Wedding,Cross Cut Road,Accessories,Value,Online,16,19,7575.06,3484.52
FY2024-25,2024,4,April,Wedding,Cross Cut Road,Accessories,Value,Walk-in,113,132,54292.23,24974.38
FY2024-25,2024,4,April,Wedding,Cross Cut Road,Accessories,Value,WhatsApp Order,27,31,13196.25,6070.28
FY2024-25,2024,4,April,Wedding,Cross Cut Road,Cotton Saree,Value,Exhibition Stall,70,81,110853.98,34364.73
FY2024-25,2024,4,April,Wedding,Cross Cut Road,Cotton Saree,Value,Online,25,27,36727.6,11385.54
FY2024-25,2024,4,April,Wedding,Cross Cut Road,Cotton Saree,Value,Walk-in,160,201,294786.05,91383.68
FY2024-25,2024,4,April,Wedding,Cross Cut Road,Cotton Saree,Value,WhatsApp Order,61,68,99695.91,30905.76
FY2024-25,2024,4,April,Wedding,Cross Cut Road,Fancy Saree,Mid,Exhibition Stall,64,68,212191.54,72145.14
FY2024-25,2024,4,April,Wedding,Cross Cut Road,Fancy Saree,Mid,Online,22,25,83521.51,28397.33
FY2024-25,2024,4,April,Wedding,Cross Cut Road,Fancy Saree,Mid,Walk-in,157,193,623843.77,212106.91
FY2024-25,2024,4,April,Wedding,Cross Cut Road,Fancy Saree,Mid,WhatsApp Order,56,67,223110.93,75857.69
FY2024-25,2024,4,April,Wedding,Cross Cut Road,Kids Wear,Value,Exhibition Stall,31,40,33800.44,13858.18
FY2024-25,2024,4,April,Wedding,Cross Cut Road,Kids Wear,Value,Online,9,10,9069.88,3718.66
FY2024-25,2024,4,April,Wedding,Cross Cut Road,Kids Wear,Value,Walk-in,82,96,92629.97,37978.28
FY2024-25,2024,4,April,Wedding,Cross Cut Road,Kids Wear,Value,WhatsApp Order,29,36,36692.34,15043.86
FY2024-25,2024,4,April,Wedding,Cross Cut Road,Readymade,Mid,Exhibition Stall,36,43,91245.8,34673.4
FY2024-25,2024,4,April,Wedding,Cross Cut Road,Readymade,Mid,Online,21,25,62718.02,23832.82
FY2024-25,2024,4,April,Wedding,Cross Cut Road,Readymade,Mid,Walk-in,122,150,341251.42,129675.59
FY2024-25,2024,4,April,Wedding,Cross Cut Road,Readymade,Mid,WhatsApp Order,41,54,125110.7,47542.07
FY2024-25,2024,4,April,Wedding,Cross Cut Road,Silk Saree,Premium,Exhibition Stall,32,40,474176.91,113802.45
FY2024-25,2024,4,April,Wedding,Cross Cut Road,Silk Saree,Premium,Online,11,12,147186.1,35324.65
FY2024-25,2024,4,April,Wedding,Cross Cut Road,Silk Saree,Premium,Walk-in,80,95,1227334.18,294560.24
FY2024-25,2024,4,April,Wedding,Cross Cut Road,Silk Saree,Premium,WhatsApp Order,23,26,326203.27,78288.8
FY2024-25,2024,4,April,Wedding,RS Puram,Accessories,Value,Exhibition Stall,29,34,15006.09,6902.81
FY2024-25,2024,4,April,Wedding,RS Puram,Accessories,Value,Online,9,9,3329.42,1531.54
FY2024-25,2024,4,April,Wedding,RS Puram,Accessories,Value,Walk-in,85,92,39247.57,18053.91
FY2024-25,2024,4,April,Wedding,RS Puram,Accessories,Value,WhatsApp Order,21,24,11540.39,5308.58
FY2024-25,2024,4,April,Wedding,RS Puram,Cotton Saree,Value,Exhibition Stall,45,56,75593.62,23434.04
FY2024-25,2024,4,April,Wedding,RS Puram,Cotton Saree,Value,Online,14,15,22946.02,7113.28
FY2024-25,2024,4,April,Wedding,RS Puram,Cotton Saree,Value,Walk-in,136,172,250753.71,77733.62
FY2024-25,2024,4,April,Wedding,RS Puram,Cotton Saree,Value,WhatsApp Order,28,36,51877.55,16082.07
FY2024-25,2024,4,April,Wedding,RS Puram,Fancy Saree,Mid,Exhibition Stall,46,55,159064.72,54082.03
FY2024-25,2024,4,April,Wedding,RS Puram,Fancy Saree,Mid,Online,18,21,63114.23,21458.86
FY2024-25,2024,4,April,Wedding,RS Puram,Fancy Saree,Mid,Walk-in,124,148,467060.33,158800.52
FY2024-25,2024,4,April,Wedding,RS Puram,Fancy Saree,Mid,WhatsApp Order,44,58,179048.72,60876.59
FY2024-25,2024,4,April,Wedding,RS Puram,Kids Wear,Value,Exhibition Stall,14,21,19503.55,7996.46
FY2024-25,2024,4,April,Wedding,RS Puram,Kids Wear,Value,Online,5,6,6367.22,2610.56
FY2024-25,2024,4,April,Wedding,RS Puram,Kids Wear,Value,Walk-in,51,55,55615.66,22802.42
FY2024-25,2024,4,April,Wedding,RS Puram,Kids Wear,Value,WhatsApp Order,16,20,18534.03,7598.96
FY2024-25,2024,4,April,Wedding,RS Puram,Readymade,Mid,Exhibition Stall,47,60,120417.63,45758.69
FY2024-25,2024,4,April,Wedding,RS Puram,Readymade,Mid,Online,17,20,44301.61,16834.58
FY2024-25,2024,4,April,Wedding,RS Puram,Readymade,Mid,Walk-in,94,110,253347.29,96271.98
FY2024-25,2024,4,April,Wedding,RS Puram,Readymade,Mid,WhatsApp Order,30,38,89070.57,33846.82
FY2024-25,2024,4,April,Wedding,RS Puram,Silk Saree,Premium,Exhibition Stall,18,20,249006.1,59761.47
FY2024-25,2024,4,April,Wedding,RS Puram,Silk Saree,Premium,Online,11,14,182690.28,43845.68
FY2024-25,2024,4,April,Wedding,RS Puram,Silk Saree,Premium,Walk-in,48,56,700433.02,168103.94
FY2024-25,2024,4,April,Wedding,RS Puram,Silk Saree,Premium,WhatsApp Order,18,23,319522.73,76685.47
FY2024-25,2024,5,May,Wedding,Cross Cut Road,Accessories,Value,Exhibition Stall,23,34,12823.39,5898.77
FY2024-25,2024,5,May,Wedding,Cross Cut Road,Accessories,Value,Online,11,12,5088.75,2340.83
FY2024-25,2024,5,May,Wedding,Cross Cut Road,Accessories,Value,Walk-in,98,113,47005.52,21622.55
FY2024-25,2024,5,May,Wedding,Cross Cut Road,Accessories,Value,WhatsApp Order,32,44,19930.52,9168.05
FY2024-25,2024,5,May,Wedding,Cross Cut Road,Cotton Saree,Value,Exhibition Stall,65,76,110472.31,34246.4
FY2024-25,2024,5,May,Wedding,Cross Cut Road,Cotton Saree,Value,Online,28,35,50043.22,15513.38
FY2024-25,2024,5,May,Wedding,Cross Cut Road,Cotton Saree,Value,Walk-in,178,219,312230.05,96791.33
FY2024-25,2024,5,May,Wedding,Cross Cut Road,Cotton Saree,Value,WhatsApp Order,61,75,111513.97,34569.36
FY2024-25,2024,5,May,Wedding,Cross Cut Road,Fancy Saree,Mid,Exhibition Stall,75,93,265371.55,90226.3
FY2024-25,2024,5,May,Wedding,Cross Cut Road,Fancy Saree,Mid,Online,32,38,126440.92,42989.92
FY2024-25,2024,5,May,Wedding,Cross Cut Road,Fancy Saree,Mid,Walk-in,167,197,614418.33,208902.18
FY2024-25,2024,5,May,Wedding,Cross Cut Road,Fancy Saree,Mid,WhatsApp Order,46,58,186941.01,63559.95
FY2024-25,2024,5,May,Wedding,Cross Cut Road,Kids Wear,Value,Exhibition Stall,28,31,26850.59,11008.74
FY2024-25,2024,5,May,Wedding,Cross Cut Road,Kids Wear,Value,Online,13,19,17399.76,7133.89
FY2024-25,2024,5,May,Wedding,Cross Cut Road,Kids Wear,Value,Walk-in,81,92,89333.83,36626.93
FY2024-25,2024,5,May,Wedding,Cross Cut Road,Kids Wear,Value,WhatsApp Order,20,25,24962.8,10234.75
FY2024-25,2024,5,May,Wedding,Cross Cut Road,Readymade,Mid,Exhibition Stall,49,65,143641.72,54583.87
FY2024-25,2024,5,May,Wedding,Cross Cut Road,Readymade,Mid,Online,17,25,59480.56,22602.61
FY2024-25,2024,5,May,Wedding,Cross Cut Road,Readymade,Mid,Walk-in,130,154,341489.67,129766.07
FY2024-25,2024,5,May,Wedding,Cross Cut Road,Readymade,Mid,WhatsApp Order,38,42,99377.97,37763.61
FY2024-25,2024,5,May,Wedding,Cross Cut Road,Silk Saree,Premium,Exhibition Stall,26,33,383908.45,92138.01
FY2024-25,2024,5,May,Wedding,Cross Cut Road,Silk Saree,Premium,Online,12,14,183160.44,43958.51
FY2024-25,2024,5,May,Wedding,Cross Cut Road,Silk Saree,Premium,Walk-in,77,91,1174061.24,281774.74
FY2024-25,2024,5,May,Wedding,Cross Cut Road,Silk Saree,Premium,WhatsApp Order,25,34,460597.06,110543.26
FY2024-25,2024,5,May,Wedding,RS Puram,Accessories,Value,Exhibition Stall,33,38,15979.91,7350.76
FY2024-25,2024,5,May,Wedding,RS Puram,Accessories,Value,Online,12,15,6323.64,2908.87
FY2024-25,2024,5,May,Wedding,RS Puram,Accessories,Value,Walk-in,60,83,36145.36,16626.89
FY2024-25,2024,5,May,Wedding,RS Puram,Accessories,Value,WhatsApp Order,25,32,12851.26,5911.59
FY2024-25,2024,5,May,Wedding,RS Puram,Cotton Saree,Value,Exhibition Stall,45,53,75402.42,23374.76
FY2024-25,2024,5,May,Wedding,RS Puram,Cotton Saree,Value,Online,15,19,27658.24,8574.06
FY2024-25,2024,5,May,Wedding,RS Puram,Cotton Saree,Value,Walk-in,137,171,247737.3,76798.59
FY2024-25,2024,5,May,Wedding,RS Puram,Cotton Saree,Value,WhatsApp Order,25,30,45005.86,13951.82
FY2024-25,2024,5,May,Wedding,RS Puram,Fancy Saree,Mid,Exhibition Stall,61,69,193845.71,65907.54
FY2024-25,2024,5,May,Wedding,RS Puram,Fancy Saree,Mid,Online,15,18,53654.97,18242.7
FY2024-25,2024,5,May,Wedding,RS Puram,Fancy Saree,Mid,Walk-in,133,176,554973.5,188690.98
FY2024-25,2024,5,May,Wedding,RS Puram,Fancy Saree,Mid,WhatsApp Order,40,46,149220.58,50734.99
FY2024-25,2024,5,May,Wedding,RS Puram,Kids Wear,Value,Exhibition Stall,15,17,14922.79,6118.34
FY2024-25,2024,5,May,Wedding,RS Puram,Kids Wear,Value,Online,6,7,6886.92,2823.64
FY2024-25,2024,5,May,Wedding,RS Puram,Kids Wear,Value,Walk-in,54,70,73994.97,30337.95
FY2024-25,2024,5,May,Wedding,RS Puram,Kids Wear,Value,WhatsApp Order,18,24,25095.58,10289.18
FY2024-25,2024,5,May,Wedding,RS Puram,Readymade,Mid,Exhibition Stall,28,33,66687.54,25341.28
FY2024-25,2024,5,May,Wedding,RS Puram,Readymade,Mid,Online,12,17,42192.17,16033.03
FY2024-25,2024,5,May,Wedding,RS Puram,Readymade,Mid,Walk-in,81,89,202687.02,77021.09
FY2024-25,2024,5,May,Wedding,RS Puram,Readymade,Mid,WhatsApp Order,28,34,74243.82,28212.67
FY2024-25,2024,5,May,Wedding,RS Puram,Silk Saree,Premium,Exhibition Stall,22,27,364735.7,87536.57
FY2024-25,2024,5,May,Wedding,RS Puram,Silk Saree,Premium,Online,3,4,55641.58,13353.98
FY2024-25,2024,5,May,Wedding,RS Puram,Silk Saree,Premium,Walk-in,44,53,642164.4,154119.45
FY2024-25,2024,5,May,Wedding,RS Puram,Silk Saree,Premium,WhatsApp Order,14,15,166663.44,39999.23
FY2024-25,2024,6,June,Lean,Cross Cut Road,Accessories,Value,Exhibition Stall,44,53,19060.74,8767.93
FY2024-25,2024,6,June,Lean,Cross Cut Road,Accessories,Value,Online,11,12,5038.56,2317.74
FY2024-25,2024,6,June,Lean,Cross Cut Road,Accessories,Value,Walk-in,101,129,56041.92,25779.28
FY2024-25,2024,6,June,Lean,Cross Cut Road,Accessories,Value,WhatsApp Order,27,28,11775.16,5416.58
FY2024-25,2024,6,June,Lean,Cross Cut Road,Cotton Saree,Value,Exhibition Stall,45,54,73049.66,22645.44
FY2024-25,2024,6,June,Lean,Cross Cut Road,Cotton Saree,Value,Online,23,29,40519.42,12561.03
FY2024-25,2024,6,June,Lean,Cross Cut Road,Cotton Saree,Value,Walk-in,155,181,263527.9,81693.62
FY2024-25,2024,6,June,Lean,Cross Cut Road,Cotton Saree,Value,WhatsApp Order,42,52,77277.04,23955.88
FY2024-25,2024,6,June,Lean,Cross Cut Road,Fancy Saree,Mid,Exhibition Stall,45,59,174808.0,59434.74
FY2024-25,2024,6,June,Lean,Cross Cut Road,Fancy Saree,Mid,Online,18,22,68310.93,23225.72
FY2024-25,2024,6,June,Lean,Cross Cut Road,Fancy Saree,Mid,Walk-in,132,156,510044.12,173414.95
FY2024-25,2024,6,June,Lean,Cross Cut Road,Fancy Saree,Mid,WhatsApp Order,35,47,140046.38,47615.78
FY2024-25,2024,6,June,Lean,Cross Cut Road,Kids Wear,Value,Exhibition Stall,17,22,19463.93,7980.22
FY2024-25,2024,6,June,Lean,Cross Cut Road,Kids Wear,Value,Online,5,9,9391.51,3850.51
FY2024-25,2024,6,June,Lean,Cross Cut Road,Kids Wear,Value,Walk-in,54,73,69477.2,28485.64
FY2024-25,2024,6,June,Lean,Cross Cut Road,Kids Wear,Value,WhatsApp Order,22,27,22674.07,9296.36
FY2024-25,2024,6,June,Lean,Cross Cut Road,Readymade,Mid,Exhibition Stall,27,31,59449.55,22590.81
FY2024-25,2024,6,June,Lean,Cross Cut Road,Readymade,Mid,Online,18,21,40939.9,15557.15
FY2024-25,2024,6,June,Lean,Cross Cut Road,Readymade,Mid,Walk-in,108,127,293884.11,111675.95
FY2024-25,2024,6,June,Lean,Cross Cut Road,Readymade,Mid,WhatsApp Order,33,37,88803.23,33745.22
FY2024-25,2024,6,June,Lean,Cross Cut Road,Silk Saree,Premium,Exhibition Stall,18,20,247415.86,59379.81
FY2024-25,2024,6,June,Lean,Cross Cut Road,Silk Saree,Premium,Online,10,11,130434.98,31304.41
FY2024-25,2024,6,June,Lean,Cross Cut Road,Silk Saree,Premium,Walk-in,49,62,778349.59,186803.88
FY2024-25,2024,6,June,Lean,Cross Cut Road,Silk Saree,Premium,WhatsApp Order,12,14,174988.4,41997.2
FY2024-25,2024,6,June,Lean,RS Puram,Accessories,Value,Exhibition Stall,18,23,9239.24,4250.06
FY2024-25,2024,6,June,Lean,RS Puram,Accessories,Value,Online,8,9,3778.94,1738.31
FY2024-25,2024,6,June,Lean,RS Puram,Accessories,Value,Walk-in,44,56,22933.79,10549.55
FY2024-25,2024,6,June,Lean,RS Puram,Accessories,Value,WhatsApp Order,21,27,11765.69,5412.23
FY2024-25,2024,6,June,Lean,RS Puram,Cotton Saree,Value,Exhibition Stall,50,62,77669.78,24077.65
FY2024-25,2024,6,June,Lean,RS Puram,Cotton Saree,Value,Online,16,18,27103.79,8402.2
FY2024-25,2024,6,June,Lean,RS Puram,Cotton Saree,Value,Walk-in,94,117,166265.55,51542.29
FY2024-25,2024,6,June,Lean,RS Puram,Cotton Saree,Value,WhatsApp Order,35,42,60308.16,18695.55
FY2024-25,2024,6,June,Lean,RS Puram,Fancy Saree,Mid,Exhibition Stall,27,32,94772.79,32222.76
FY2024-25,2024,6,June,Lean,RS Puram,Fancy Saree,Mid,Online,18,20,50189.69,17064.49
FY2024-25,2024,6,June,Lean,RS Puram,Fancy Saree,Mid,Walk-in,81,102,327385.16,111310.97
FY2024-25,2024,6,June,Lean,RS Puram,Fancy Saree,Mid,WhatsApp Order,22,30,89450.02,30412.99
FY2024-25,2024,6,June,Lean,RS Puram,Kids Wear,Value,Exhibition Stall,16,18,16663.15,6831.89
FY2024-25,2024,6,June,Lean,RS Puram,Kids Wear,Value,Online,6,7,5536.07,2269.79
FY2024-25,2024,6,June,Lean,RS Puram,Kids Wear,Value,Walk-in,55,67,64125.97,26291.65
FY2024-25,2024,6,June,Lean,RS Puram,Kids Wear,Value,WhatsApp Order,17,19,18316.62,7509.82
FY2024-25,2024,6,June,Lean,RS Puram,Readymade,Mid,Exhibition Stall,26,31,62384.12,23705.94
FY2024-25,2024,6,June,Lean,RS Puram,Readymade,Mid,Online,7,8,20986.5,7974.88
FY2024-25,2024,6,June,Lean,RS Puram,Readymade,Mid,Walk-in,65,76,173603.42,65969.31
FY2024-25,2024,6,June,Lean,RS Puram,Readymade,Mid,WhatsApp Order,28,40,89960.23,34184.92
FY2024-25,2024,6,June,Lean,RS Puram,Silk Saree,Premium,Exhibition Stall,19,24,271843.91,65242.53
FY2024-25,2024,6,June,Lean,RS Puram,Silk Saree,Premium,Online,6,9,99420.87,23860.99
FY2024-25,2024,6,June,Lean,RS Puram,Silk Saree,Premium,Walk-in,35,42,544818.88,130756.55
FY2024-25,2024,6,June,Lean,RS Puram,Silk Saree,Premium,WhatsApp Order,10,11,130395.83,31295.0
FY2024-25,2024,7,July,Aadi,Cross Cut Road,Accessories,Value,Exhibition Stall,19,25,11604.97,5338.27
FY2024-25,2024,7,July,Aadi,Cross Cut Road,Accessories,Value,Online,3,3,1296.41,596.34
FY2024-25,2024,7,July,Aadi,Cross Cut Road,Accessories,Value,Walk-in,60,76,31433.2,14459.24
FY2024-25,2024,7,July,Aadi,Cross Cut Road,Accessories,Value,WhatsApp Order,26,30,10840.47,4986.6
FY2024-25,2024,7,July,Aadi,Cross Cut Road,Cotton Saree,Value,Exhibition Stall,26,34,48395.04,15002.47
FY2024-25,2024,7,July,Aadi,Cross Cut Road,Cotton Saree,Value,Online,15,17,25989.64,8056.78
FY2024-25,2024,7,July,Aadi,Cross Cut Road,Cotton Saree,Value,Walk-in,105,123,182362.11,56532.34
FY2024-25,2024,7,July,Aadi,Cross Cut Road,Cotton Saree,Value,WhatsApp Order,33,39,58953.42,18275.58
FY2024-25,2024,7,July,Aadi,Cross Cut Road,Fancy Saree,Mid,Exhibition Stall,30,42,139612.99,47468.41
FY2024-25,2024,7,July,Aadi,Cross Cut Road,Fancy Saree,Mid,Online,10,10,29900.09,10166.04
FY2024-25,2024,7,July,Aadi,Cross Cut Road,Fancy Saree,Mid,Walk-in,88,107,337478.08,114742.53
FY2024-25,2024,7,July,Aadi,Cross Cut Road,Fancy Saree,Mid,WhatsApp Order,24,31,96319.99,32748.79
FY2024-25,2024,7,July,Aadi,Cross Cut Road,Kids Wear,Value,Exhibition Stall,14,17,14228.64,5833.73
FY2024-25,2024,7,July,Aadi,Cross Cut Road,Kids Wear,Value,Online,6,6,4828.6,1979.72
FY2024-25,2024,7,July,Aadi,Cross Cut Road,Kids Wear,Value,Walk-in,50,58,56863.31,23313.97
FY2024-25,2024,7,July,Aadi,Cross Cut Road,Kids Wear,Value,WhatsApp Order,11,11,10380.94,4256.18
FY2024-25,2024,7,July,Aadi,Cross Cut Road,Readymade,Mid,Exhibition Stall,33,39,80222.79,30484.66
FY2024-25,2024,7,July,Aadi,Cross Cut Road,Readymade,Mid,Online,7,9,16481.34,6262.92
FY2024-25,2024,7,July,Aadi,Cross Cut Road,Readymade,Mid,Walk-in,56,64,135401.92,51452.77
FY2024-25,2024,7,July,Aadi,Cross Cut Road,Readymade,Mid,WhatsApp Order,26,30,65071.24,24727.07
FY2024-25,2024,7,July,Aadi,Cross Cut Road,Silk Saree,Premium,Exhibition Stall,16,20,261067.81,62656.27
FY2024-25,2024,7,July,Aadi,Cross Cut Road,Silk Saree,Premium,Online,9,11,159355.94,38245.44
FY2024-25,2024,7,July,Aadi,Cross Cut Road,Silk Saree,Premium,Walk-in,42,60,792409.88,190178.37
FY2024-25,2024,7,July,Aadi,Cross Cut Road,Silk Saree,Premium,WhatsApp Order,15,17,248220.09,59572.82
FY2024-25,2024,7,July,Aadi,RS Puram,Accessories,Value,Exhibition Stall,16,23,8629.17,3969.41
FY2024-25,2024,7,July,Aadi,RS Puram,Accessories,Value,Online,7,7,2803.73,1289.71
FY2024-25,2024,7,July,Aadi,RS Puram,Accessories,Value,Walk-in,33,41,17505.44,8052.49
FY2024-25,2024,7,July,Aadi,RS Puram,Accessories,Value,WhatsApp Order,15,15,6994.31,3217.39
FY2024-25,2024,7,July,Aadi,RS Puram,Cotton Saree,Value,Exhibition Stall,22,31,43980.76,13634.02
FY2024-25,2024,7,July,Aadi,RS Puram,Cotton Saree,Value,Online,14,14,18732.81,5807.16
FY2024-25,2024,7,July,Aadi,RS Puram,Cotton Saree,Value,Walk-in,66,83,126277.08,39145.87
FY2024-25,2024,7,July,Aadi,RS Puram,Cotton Saree,Value,WhatsApp Order,17,17,28798.44,8927.51
FY2024-25,2024,7,July,Aadi,RS Puram,Fancy Saree,Mid,Exhibition Stall,22,24,73222.25,24895.55
FY2024-25,2024,7,July,Aadi,RS Puram,Fancy Saree,Mid,Online,9,10,30846.07,10487.66
FY2024-25,2024,7,July,Aadi,RS Puram,Fancy Saree,Mid,Walk-in,44,55,174310.1,59265.4
FY2024-25,2024,7,July,Aadi,RS Puram,Fancy Saree,Mid,WhatsApp Order,17,20,73150.09,24871.05
FY2024-25,2024,7,July,Aadi,RS Puram,Kids Wear,Value,Exhibition Stall,7,8,7430.72,3046.58
FY2024-25,2024,7,July,Aadi,RS Puram,Kids Wear,Value,Online,2,2,1985.09,813.89
FY2024-25,2024,7,July,Aadi,RS Puram,Kids Wear,Value,Walk-in,32,36,37992.05,15576.76
FY2024-25,2024,7,July,Aadi,RS Puram,Kids Wear,Value,WhatsApp Order,10,11,11277.31,4623.72
FY2024-25,2024,7,July,Aadi,RS Puram,Readymade,Mid,Exhibition Stall,16,18,37200.6,14136.24
FY2024-25,2024,7,July,Aadi,RS Puram,Readymade,Mid,Online,6,9,18321.36,6962.12
FY2024-25,2024,7,July,Aadi,RS Puram,Readymade,Mid,Walk-in,46,48,110308.07,41917.07
FY2024-25,2024,7,July,Aadi,RS Puram,Readymade,Mid,WhatsApp Order,12,17,39733.07,15098.57
FY2024-25,2024,7,July,Aadi,RS Puram,Silk Saree,Premium,Exhibition Stall,12,18,203447.47,48827.4
FY2024-25,2024,7,July,Aadi,RS Puram,Silk Saree,Premium,Online,1,1,5760.0,1382.4
FY2024-25,2024,7,July,Aadi,RS Puram,Silk Saree,Premium,Walk-in,27,31,356662.15,85598.91
FY2024-25,2024,7,July,Aadi,RS Puram,Silk Saree,Premium,WhatsApp Order,9,12,131170.71,31480.97
FY2024-25,2024,8,August,Aadi,Cross Cut Road,Accessories,Value,Exhibition Stall,36,48,20560.27,9457.69
FY2024-25,2024,8,August,Aadi,Cross Cut Road,Accessories,Value,Online,10,14,7521.96,3460.09
FY2024-25,2024,8,August,Aadi,Cross Cut Road,Accessories,Value,Walk-in,72,91,38100.21,17526.1
FY2024-25,2024,8,August,Aadi,Cross Cut Road,Accessories,Value,WhatsApp Order,21,25,9948.41,4576.28
FY2024-25,2024,8,August,Aadi,Cross Cut Road,Cotton Saree,Value,Exhibition Stall,31,41,55053.44,17066.6
FY2024-25,2024,8,August,Aadi,Cross Cut Road,Cotton Saree,Value,Online,12,15,24316.03,7537.98
FY2024-25,2024,8,August,Aadi,Cross Cut Road,Cotton Saree,Value,Walk-in,98,117,168909.25,52361.87
FY2024-25,2024,8,August,Aadi,Cross Cut Road,Cotton Saree,Value,WhatsApp Order,32,37,56787.23,17604.04
FY2024-25,2024,8,August,Aadi,Cross Cut Road,Fancy Saree,Mid,Exhibition Stall,27,34,106060.61,36060.62
FY2024-25,2024,8,August,Aadi,Cross Cut Road,Fancy Saree,Mid,Online,12,13,45918.93,15612.44
FY2024-25,2024,8,August,Aadi,Cross Cut Road,Fancy Saree,Mid,Walk-in,80,94,295408.87,100439.02
FY2024-25,2024,8,August,Aadi,Cross Cut Road,Fancy Saree,Mid,WhatsApp Order,23,29,102517.89,34856.04
FY2024-25,2024,8,August,Aadi,Cross Cut Road,Kids Wear,Value,Exhibition Stall,19,22,17585.11,7209.91
FY2024-25,2024,8,August,Aadi,Cross Cut Road,Kids Wear,Value,Online,10,12,10333.44,4236.71
FY2024-25,2024,8,August,Aadi,Cross Cut Road,Kids Wear,Value,Walk-in,46,56,54183.2,22215.12
FY2024-25,2024,8,August,Aadi,Cross Cut Road,Kids Wear,Value,WhatsApp Order,10,12,11696.2,4795.45
FY2024-25,2024,8,August,Aadi,Cross Cut Road,Readymade,Mid,Exhibition Stall,29,31,67242.42,25552.12
FY2024-25,2024,8,August,Aadi,Cross Cut Road,Readymade,Mid,Online,8,12,30681.03,11658.8
FY2024-25,2024,8,August,Aadi,Cross Cut Road,Readymade,Mid,Walk-in,78,93,196057.13,74501.68
FY2024-25,2024,8,August,Aadi,Cross Cut Road,Readymade,Mid,WhatsApp Order,29,32,76623.24,29116.83
FY2024-25,2024,8,August,Aadi,Cross Cut Road,Silk Saree,Premium,Exhibition Stall,10,10,124261.56,29822.79
FY2024-25,2024,8,August,Aadi,Cross Cut Road,Silk Saree,Premium,Online,8,8,102162.43,24518.98
FY2024-25,2024,8,August,Aadi,Cross Cut Road,Silk Saree,Premium,Walk-in,28,29,375901.83,90216.45
FY2024-25,2024,8,August,Aadi,Cross Cut Road,Silk Saree,Premium,WhatsApp Order,8,8,105380.53,25291.32
FY2024-25,2024,8,August,Aadi,RS Puram,Accessories,Value,Exhibition Stall,20,25,9931.56,4568.51
FY2024-25,2024,8,August,Aadi,RS Puram,Accessories,Value,Online,6,7,3145.46,1446.92
FY2024-25,2024,8,August,Aadi,RS Puram,Accessories,Value,Walk-in,46,54,23167.87,10657.17
FY2024-25,2024,8,August,Aadi,RS Puram,Accessories,Value,WhatsApp Order,21,22,9157.05,4212.25
FY2024-25,2024,8,August,Aadi,RS Puram,Cotton Saree,Value,Exhibition Stall,24,31,43977.19,13632.9
FY2024-25,2024,8,August,Aadi,RS Puram,Cotton Saree,Value,Online,6,9,14355.59,4450.23
FY2024-25,2024,8,August,Aadi,RS Puram,Cotton Saree,Value,Walk-in,64,80,118898.67,36858.6
FY2024-25,2024,8,August,Aadi,RS Puram,Cotton Saree,Value,WhatsApp Order,25,29,45810.16,14201.17
FY2024-25,2024,8,August,Aadi,RS Puram,Fancy Saree,Mid,Exhibition Stall,28,32,93198.62,31687.55
FY2024-25,2024,8,August,Aadi,RS Puram,Fancy Saree,Mid,Online,7,7,17438.27,5929.02
FY2024-25,2024,8,August,Aadi,RS Puram,Fancy Saree,Mid,Walk-in,66,80,238881.17,81219.59
FY2024-25,2024,8,August,Aadi,RS Puram,Fancy Saree,Mid,WhatsApp Order,20,23,64431.91,21906.85
FY2024-25,2024,8,August,Aadi,RS Puram,Kids Wear,Value,Exhibition Stall,17,20,18038.44,7395.76
FY2024-25,2024,8,August,Aadi,RS Puram,Kids Wear,Value,Online,4,4,3580.66,1468.08
FY2024-25,2024,8,August,Aadi,RS Puram,Kids Wear,Value,Walk-in,44,56,59548.74,24414.97
FY2024-25,2024,8,August,Aadi,RS Puram,Kids Wear,Value,WhatsApp Order,6,8,8098.62,3320.44
FY2024-25,2024,8,August,Aadi,RS Puram,Readymade,Mid,Exhibition Stall,19,22,48393.01,18389.34
FY2024-25,2024,8,August,Aadi,RS Puram,Readymade,Mid,Online,6,6,10095.48,3836.28
FY2024-25,2024,8,August,Aadi,RS Puram,Readymade,Mid,Walk-in,52,59,132844.85,50481.04
FY2024-25,2024,8,August,Aadi,RS Puram,Readymade,Mid,WhatsApp Order,11,11,23671.13,8995.03
FY2024-25,2024,8,August,Aadi,RS Puram,Silk Saree,Premium,Exhibition Stall,13,15,177183.94,42524.14
FY2024-25,2024,8,August,Aadi,RS Puram,Silk Saree,Premium,Online,4,4,59420.71,14260.97
FY2024-25,2024,8,August,Aadi,RS Puram,Silk Saree,Premium,Walk-in,20,23,287756.02,69061.46
FY2024-25,2024,8,August,Aadi,RS Puram,Silk Saree,Premium,WhatsApp Order,6,12,145182.56,34843.82
FY2024-25,2024,9,September,Pre-festive,Cross Cut Road,Accessories,Value,Exhibition Stall,35,39,15965.1,7343.95
FY2024-25,2024,9,September,Pre-festive,Cross Cut Road,Accessories,Value,Online,25,28,12484.51,5742.88
FY2024-25,2024,9,September,Pre-festive,Cross Cut Road,Accessories,Value,Walk-in,108,124,53012.83,24385.89
FY2024-25,2024,9,September,Pre-festive,Cross Cut Road,Accessories,Value,WhatsApp Order,37,42,18729.36,8615.51
FY2024-25,2024,9,September,Pre-festive,Cross Cut Road,Cotton Saree,Value,Exhibition Stall,60,73,93587.97,29012.31
FY2024-25,2024,9,September,Pre-festive,Cross Cut Road,Cotton Saree,Value,Online,19,25,37364.97,11583.13
FY2024-25,2024,9,September,Pre-festive,Cross Cut Road,Cotton Saree,Value,Walk-in,175,205,305046.02,94564.33
FY2024-25,2024,9,September,Pre-festive,Cross Cut Road,Cotton Saree,Value,WhatsApp Order,51,60,88067.51,27300.95
FY2024-25,2024,9,September,Pre-festive,Cross Cut Road,Fancy Saree,Mid,Exhibition Stall,49,60,179758.44,61117.87
FY2024-25,2024,9,September,Pre-festive,Cross Cut Road,Fancy Saree,Mid,Online,20,21,63897.47,21725.15
FY2024-25,2024,9,September,Pre-festive,Cross Cut Road,Fancy Saree,Mid,Walk-in,141,169,517402.23,175916.8
FY2024-25,2024,9,September,Pre-festive,Cross Cut Road,Fancy Saree,Mid,WhatsApp Order,56,63,218917.86,74432.08
FY2024-25,2024,9,September,Pre-festive,Cross Cut Road,Kids Wear,Value,Exhibition Stall,34,45,44308.4,18166.42
FY2024-25,2024,9,September,Pre-festive,Cross Cut Road,Kids Wear,Value,Online,8,10,11097.77,4550.08
FY2024-25,2024,9,September,Pre-festive,Cross Cut Road,Kids Wear,Value,Walk-in,87,103,101092.78,41448.06
FY2024-25,2024,9,September,Pre-festive,Cross Cut Road,Kids Wear,Value,WhatsApp Order,24,29,30337.93,12438.54
FY2024-25,2024,9,September,Pre-festive,Cross Cut Road,Readymade,Mid,Exhibition Stall,57,65,149666.81,56873.41
FY2024-25,2024,9,September,Pre-festive,Cross Cut Road,Readymade,Mid,Online,21,28,64916.4,24668.22
FY2024-25,2024,9,September,Pre-festive,Cross Cut Road,Readymade,Mid,Walk-in,109,142,336597.45,127907.02
FY2024-25,2024,9,September,Pre-festive,Cross Cut Road,Readymade,Mid,WhatsApp Order,32,43,102084.37,38792.06
FY2024-25,2024,9,September,Pre-festive,Cross Cut Road,Silk Saree,Premium,Exhibition Stall,15,19,222612.19,53426.93
FY2024-25,2024,9,September,Pre-festive,Cross Cut Road,Silk Saree,Premium,Online,12,14,188986.9,45356.86
FY2024-25,2024,9,September,Pre-festive,Cross Cut Road,Silk Saree,Premium,Walk-in,63,71,950394.35,228094.65
FY2024-25,2024,9,September,Pre-festive,Cross Cut Road,Silk Saree,Premium,WhatsApp Order,24,27,353134.87,84752.37
FY2024-25,2024,9,September,Pre-festive,RS Puram,Accessories,Value,Exhibition Stall,34,43,16188.1,7446.53
FY2024-25,2024,9,September,Pre-festive,RS Puram,Accessories,Value,Online,11,11,4829.31,2221.48
FY2024-25,2024,9,September,Pre-festive,RS Puram,Accessories,Value,Walk-in,90,113,45496.28,20928.27
FY2024-25,2024,9,September,Pre-festive,RS Puram,Accessories,Value,WhatsApp Order,24,27,11119.05,5114.77
FY2024-25,2024,9,September,Pre-festive,RS Puram,Cotton Saree,Value,Exhibition Stall,44,50,69872.29,21660.42
FY2024-25,2024,9,September,Pre-festive,RS Puram,Cotton Saree,Value,Online,12,15,21972.59,6811.5
FY2024-25,2024,9,September,Pre-festive,RS Puram,Cotton Saree,Value,Walk-in,115,142,206370.65,63974.95
FY2024-25,2024,9,September,Pre-festive,RS Puram,Cotton Saree,Value,WhatsApp Order,31,38,57234.92,17742.82
FY2024-25,2024,9,September,Pre-festive,RS Puram,Fancy Saree,Mid,Exhibition Stall,47,56,165757.84,56357.68
FY2024-25,2024,9,September,Pre-festive,RS Puram,Fancy Saree,Mid,Online,9,12,32821.17,11159.2
FY2024-25,2024,9,September,Pre-festive,RS Puram,Fancy Saree,Mid,Walk-in,92,103,309650.19,105281.1
FY2024-25,2024,9,September,Pre-festive,RS Puram,Fancy Saree,Mid,WhatsApp Order,31,38,126464.2,42997.83
FY2024-25,2024,9,September,Pre-festive,RS Puram,Kids Wear,Value,Exhibition Stall,21,26,23781.02,9750.23
FY2024-25,2024,9,September,Pre-festive,RS Puram,Kids Wear,Value,Online,6,8,8128.86,3332.83
FY2024-25,2024,9,September,Pre-festive,RS Puram,Kids Wear,Value,Walk-in,65,87,78690.19,32262.98
FY2024-25,2024,9,September,Pre-festive,RS Puram,Kids Wear,Value,WhatsApp Order,9,9,9350.47,3833.69
FY2024-25,2024,9,September,Pre-festive,RS Puram,Readymade,Mid,Exhibition Stall,34,43,98790.52,37540.44
FY2024-25,2024,9,September,Pre-festive,RS Puram,Readymade,Mid,Online,13,16,40503.3,15391.27
FY2024-25,2024,9,September,Pre-festive,RS Puram,Readymade,Mid,Walk-in,94,115,256425.85,97441.81
FY2024-25,2024,9,September,Pre-festive,RS Puram,Readymade,Mid,WhatsApp Order,30,32,75075.62,28528.73
FY2024-25,2024,9,September,Pre-festive,RS Puram,Silk Saree,Premium,Exhibition Stall,19,20,248293.19,59590.35
FY2024-25,2024,9,September,Pre-festive,RS Puram,Silk Saree,Premium,Online,9,12,151948.37,36467.6
FY2024-25,2024,9,September,Pre-festive,RS Puram,Silk Saree,Premium,Walk-in,56,69,900351.6,216084.41
FY2024-25,2024,9,September,Pre-festive,RS Puram,Silk Saree,Premium,WhatsApp Order,11,13,160122.69,38429.43
FY2024-25,2024,10,October,Deepavali,Cross Cut Road,Accessories,Value,Exhibition Stall,45,57,22624.13,10407.1
FY2024-25,2024,10,October,Deepavali,Cross Cut Road,Accessories,Value,Online,16,18,6984.3,3212.79
FY2024-25,2024,10,October,Deepavali,Cross Cut Road,Accessories,Value,Walk-in,158,190,74587.65,34310.29
FY2024-25,2024,10,October,Deepavali,Cross Cut Road,Accessories,Value,WhatsApp Order,48,56,21770.32,10014.35
FY2024-25,2024,10,October,Deepavali,Cross Cut Road,Cotton Saree,Value,Exhibition Stall,97,119,163599.36,50715.83
FY2024-25,2024,10,October,Deepavali,Cross Cut Road,Cotton Saree,Value,Online,43,50,72532.04,22484.97
FY2024-25,2024,10,October,Deepavali,Cross Cut Road,Cotton Saree,Value,Walk-in,265,313,439576.14,136268.62
FY2024-25,2024,10,October,Deepavali,Cross Cut Road,Cotton Saree,Value,WhatsApp Order,67,78,108292.51,33570.7
FY2024-25,2024,10,October,Deepavali,Cross Cut Road,Fancy Saree,Mid,Exhibition Stall,99,120,352203.2,119749.06
FY2024-25,2024,10,October,Deepavali,Cross Cut Road,Fancy Saree,Mid,Online,34,45,131264.63,44629.99
FY2024-25,2024,10,October,Deepavali,Cross Cut Road,Fancy Saree,Mid,Walk-in,252,309,937765.49,318840.25
FY2024-25,2024,10,October,Deepavali,Cross Cut Road,Fancy Saree,Mid,WhatsApp Order,87,110,342525.92,116458.81
FY2024-25,2024,10,October,Deepavali,Cross Cut Road,Kids Wear,Value,Exhibition Stall,36,39,30732.64,12600.37
FY2024-25,2024,10,October,Deepavali,Cross Cut Road,Kids Wear,Value,Online,23,26,23704.89,9718.97
FY2024-25,2024,10,October,Deepavali,Cross Cut Road,Kids Wear,Value,Walk-in,113,129,127424.22,52243.92
FY2024-25,2024,10,October,Deepavali,Cross Cut Road,Kids Wear,Value,WhatsApp Order,33,40,37384.78,15327.77
FY2024-25,2024,10,October,Deepavali,Cross Cut Road,Readymade,Mid,Exhibition Stall,66,84,162475.72,61740.81
FY2024-25,2024,10,October,Deepavali,Cross Cut Road,Readymade,Mid,Online,26,37,78216.72,29722.36
FY2024-25,2024,10,October,Deepavali,Cross Cut Road,Readymade,Mid,Walk-in,191,240,523192.55,198813.15
FY2024-25,2024,10,October,Deepavali,Cross Cut Road,Readymade,Mid,WhatsApp Order,51,62,142430.13,54123.47
FY2024-25,2024,10,October,Deepavali,Cross Cut Road,Silk Saree,Premium,Exhibition Stall,47,56,699001.01,167760.25
FY2024-25,2024,10,October,Deepavali,Cross Cut Road,Silk Saree,Premium,Online,15,20,266050.33,63852.09
FY2024-25,2024,10,October,Deepavali,Cross Cut Road,Silk Saree,Premium,Walk-in,111,123,1435017.21,344404.16
FY2024-25,2024,10,October,Deepavali,Cross Cut Road,Silk Saree,Premium,WhatsApp Order,39,49,646956.26,155269.53
FY2024-25,2024,10,October,Deepavali,RS Puram,Accessories,Value,Exhibition Stall,45,53,19857.13,9134.29
FY2024-25,2024,10,October,Deepavali,RS Puram,Accessories,Value,Online,15,20,7096.35,3264.31
FY2024-25,2024,10,October,Deepavali,RS Puram,Accessories,Value,Walk-in,126,163,68679.61,31592.62
FY2024-25,2024,10,October,Deepavali,RS Puram,Accessories,Value,WhatsApp Order,28,37,15273.71,7025.9
FY2024-25,2024,10,October,Deepavali,RS Puram,Cotton Saree,Value,Exhibition Stall,71,85,111411.18,34537.48
FY2024-25,2024,10,October,Deepavali,RS Puram,Cotton Saree,Value,Online,16,19,27934.36,8659.64
FY2024-25,2024,10,October,Deepavali,RS Puram,Cotton Saree,Value,Walk-in,163,194,288261.73,89361.11
FY2024-25,2024,10,October,Deepavali,RS Puram,Cotton Saree,Value,WhatsApp Order,35,43,56491.72,17512.43
FY2024-25,2024,10,October,Deepavali,RS Puram,Fancy Saree,Mid,Exhibition Stall,61,77,220948.07,75122.38
FY2024-25,2024,10,October,Deepavali,RS Puram,Fancy Saree,Mid,Online,28,29,91797.8,31211.25
FY2024-25,2024,10,October,Deepavali,RS Puram,Fancy Saree,Mid,Walk-in,186,223,665889.59,226402.53
FY2024-25,2024,10,October,Deepavali,RS Puram,Fancy Saree,Mid,WhatsApp Order,40,44,145417.42,49441.92
FY2024-25,2024,10,October,Deepavali,RS Puram,Kids Wear,Value,Exhibition Stall,24,32,25786.51,10572.46
FY2024-25,2024,10,October,Deepavali,RS Puram,Kids Wear,Value,Online,10,13,12781.93,5240.57
FY2024-25,2024,10,October,Deepavali,RS Puram,Kids Wear,Value,Walk-in,76,90,86842.12,35605.23
FY2024-25,2024,10,October,Deepavali,RS Puram,Kids Wear,Value,WhatsApp Order,29,38,35838.3,14693.69
FY2024-25,2024,10,October,Deepavali,RS Puram,Readymade,Mid,Exhibition Stall,39,51,101510.55,38574.02
FY2024-25,2024,10,October,Deepavali,RS Puram,Readymade,Mid,Online,15,16,34451.69,13091.64
FY2024-25,2024,10,October,Deepavali,RS Puram,Readymade,Mid,Walk-in,131,166,374029.79,142131.28
FY2024-25,2024,10,October,Deepavali,RS Puram,Readymade,Mid,WhatsApp Order,34,39,83363.03,31677.93
FY2024-25,2024,10,October,Deepavali,RS Puram,Silk Saree,Premium,Exhibition Stall,19,21,265086.71,63620.84
FY2024-25,2024,10,October,Deepavali,RS Puram,Silk Saree,Premium,Online,12,16,192098.26,46103.58
FY2024-25,2024,10,October,Deepavali,RS Puram,Silk Saree,Premium,Walk-in,89,106,1284350.43,308244.1
FY2024-25,2024,10,October,Deepavali,RS Puram,Silk Saree,Premium,WhatsApp Order,27,31,387748.73,93059.68
FY2024-25,2024,11,November,Deepavali,Cross Cut Road,Accessories,Value,Exhibition Stall,48,55,22832.13,10502.76
FY2024-25,2024,11,November,Deepavali,Cross Cut Road,Accessories,Value,Online,23,26,8822.13,4058.17
FY2024-25,2024,11,November,Deepavali,Cross Cut Road,Accessories,Value,Walk-in,157,187,73589.54,33851.17
FY2024-25,2024,11,November,Deepavali,Cross Cut Road,Accessories,Value,WhatsApp Order,47,58,23722.52,10912.36
FY2024-25,2024,11,November,Deepavali,Cross Cut Road,Cotton Saree,Value,Exhibition Stall,83,94,123449.91,38269.5
FY2024-25,2024,11,November,Deepavali,Cross Cut Road,Cotton Saree,Value,Online,21,24,34661.64,10745.13
FY2024-25,2024,11,November,Deepavali,Cross Cut Road,Cotton Saree,Value,Walk-in,223,264,374969.11,116240.44
FY2024-25,2024,11,November,Deepavali,Cross Cut Road,Cotton Saree,Value,WhatsApp Order,67,83,119382.01,37008.41
FY2024-25,2024,11,November,Deepavali,Cross Cut Road,Fancy Saree,Mid,Exhibition Stall,92,110,336393.46,114373.78
FY2024-25,2024,11,November,Deepavali,Cross Cut Road,Fancy Saree,Mid,Online,22,28,86176.24,29299.93
FY2024-25,2024,11,November,Deepavali,Cross Cut Road,Fancy Saree,Mid,Walk-in,239,279,859496.22,292228.78
FY2024-25,2024,11,November,Deepavali,Cross Cut Road,Fancy Saree,Mid,WhatsApp Order,68,76,233405.34,79357.8
FY2024-25,2024,11,November,Deepavali,Cross Cut Road,Kids Wear,Value,Exhibition Stall,38,45,42269.8,17330.63
FY2024-25,2024,11,November,Deepavali,Cross Cut Road,Kids Wear,Value,Online,14,15,13766.22,5644.15
FY2024-25,2024,11,November,Deepavali,Cross Cut Road,Kids Wear,Value,Walk-in,96,121,115926.57,47529.86
FY2024-25,2024,11,November,Deepavali,Cross Cut Road,Kids Wear,Value,WhatsApp Order,31,38,35375.5,14503.94
FY2024-25,2024,11,November,Deepavali,Cross Cut Road,Readymade,Mid,Exhibition Stall,57,70,135392.45,51449.1
FY2024-25,2024,11,November,Deepavali,Cross Cut Road,Readymade,Mid,Online,18,22,50966.44,19367.27
FY2024-25,2024,11,November,Deepavali,Cross Cut Road,Readymade,Mid,Walk-in,175,215,455663.85,173152.24
FY2024-25,2024,11,November,Deepavali,Cross Cut Road,Readymade,Mid,WhatsApp Order,52,61,123516.4,46936.22
FY2024-25,2024,11,November,Deepavali,Cross Cut Road,Silk Saree,Premium,Exhibition Stall,40,56,647937.48,155505.0
FY2024-25,2024,11,November,Deepavali,Cross Cut Road,Silk Saree,Premium,Online,14,18,245863.16,59007.15
FY2024-25,2024,11,November,Deepavali,Cross Cut Road,Silk Saree,Premium,Walk-in,117,148,1838560.35,441254.58
FY2024-25,2024,11,November,Deepavali,Cross Cut Road,Silk Saree,Premium,WhatsApp Order,39,40,506240.36,121497.7
FY2024-25,2024,11,November,Deepavali,RS Puram,Accessories,Value,Exhibition Stall,40,49,18716.7,8609.66
FY2024-25,2024,11,November,Deepavali,RS Puram,Accessories,Value,Online,15,20,7734.46,3557.86
FY2024-25,2024,11,November,Deepavali,RS Puram,Accessories,Value,Walk-in,100,127,54865.43,25238.07
FY2024-25,2024,11,November,Deepavali,RS Puram,Accessories,Value,WhatsApp Order,30,38,13755.75,6327.64
FY2024-25,2024,11,November,Deepavali,RS Puram,Cotton Saree,Value,Exhibition Stall,50,54,70261.94,21781.18
FY2024-25,2024,11,November,Deepavali,RS Puram,Cotton Saree,Value,Online,18,20,25207.58,7814.32
FY2024-25,2024,11,November,Deepavali,RS Puram,Cotton Saree,Value,Walk-in,169,209,293711.0,91050.47
FY2024-25,2024,11,November,Deepavali,RS Puram,Cotton Saree,Value,WhatsApp Order,54,62,88149.53,27326.33
FY2024-25,2024,11,November,Deepavali,RS Puram,Fancy Saree,Mid,Exhibition Stall,58,73,210977.52,71732.39
FY2024-25,2024,11,November,Deepavali,RS Puram,Fancy Saree,Mid,Online,18,20,62387.13,21211.6
FY2024-25,2024,11,November,Deepavali,RS Puram,Fancy Saree,Mid,Walk-in,150,173,521659.07,177364.1
FY2024-25,2024,11,November,Deepavali,RS Puram,Fancy Saree,Mid,WhatsApp Order,40,47,141505.05,48111.72
FY2024-25,2024,11,November,Deepavali,RS Puram,Kids Wear,Value,Exhibition Stall,27,32,26555.31,10887.7
FY2024-25,2024,11,November,Deepavali,RS Puram,Kids Wear,Value,Online,8,8,8820.65,3616.47
FY2024-25,2024,11,November,Deepavali,RS Puram,Kids Wear,Value,Walk-in,78,90,80918.34,33176.51
FY2024-25,2024,11,November,Deepavali,RS Puram,Kids Wear,Value,WhatsApp Order,29,35,34074.33,13970.5
FY2024-25,2024,11,November,Deepavali,RS Puram,Readymade,Mid,Exhibition Stall,39,42,78919.95,29989.58
FY2024-25,2024,11,November,Deepavali,RS Puram,Readymade,Mid,Online,12,16,34154.0,12978.52
FY2024-25,2024,11,November,Deepavali,RS Puram,Readymade,Mid,Walk-in,103,125,269216.29,102302.22
FY2024-25,2024,11,November,Deepavali,RS Puram,Readymade,Mid,WhatsApp Order,37,43,96554.83,36690.81
FY2024-25,2024,11,November,Deepavali,RS Puram,Silk Saree,Premium,Exhibition Stall,29,34,386315.66,92715.76
FY2024-25,2024,11,November,Deepavali,RS Puram,Silk Saree,Premium,Online,9,11,137103.71,32904.89
FY2024-25,2024,11,November,Deepavali,RS Puram,Silk Saree,Premium,Walk-in,56,66,798406.5,191617.55
FY2024-25,2024,11,November,Deepavali,RS Puram,Silk Saree,Premium,WhatsApp Order,12,12,146431.78,35143.62
FY2024-25,2024,12,December,Year-end,Cross Cut Road,Accessories,Value,Exhibition Stall,42,50,20431.63,9398.54
FY2024-25,2024,12,December,Year-end,Cross Cut Road,Accessories,Value,Online,18,19,6774.81,3116.4
FY2024-25,2024,12,December,Year-end,Cross Cut Road,Accessories,Value,Walk-in,118,141,63035.43,28996.28
FY2024-25,2024,12,December,Year-end,Cross Cut Road,Accessories,Value,WhatsApp Order,43,50,19294.48,8875.42
FY2024-25,2024,12,December,Year-end,Cross Cut Road,Cotton Saree,Value,Exhibition Stall,65,79,112840.82,34980.67
FY2024-25,2024,12,December,Year-end,Cross Cut Road,Cotton Saree,Value,Online,16,21,26958.18,8357.03
FY2024-25,2024,12,December,Year-end,Cross Cut Road,Cotton Saree,Value,Walk-in,158,200,287290.6,89060.02
FY2024-25,2024,12,December,Year-end,Cross Cut Road,Cotton Saree,Value,WhatsApp Order,60,72,104722.1,32463.88
FY2024-25,2024,12,December,Year-end,Cross Cut Road,Fancy Saree,Mid,Exhibition Stall,51,62,188847.24,64208.08
FY2024-25,2024,12,December,Year-end,Cross Cut Road,Fancy Saree,Mid,Online,20,26,72694.29,24716.06
FY2024-25,2024,12,December,Year-end,Cross Cut Road,Fancy Saree,Mid,Walk-in,170,203,625280.85,212595.54
FY2024-25,2024,12,December,Year-end,Cross Cut Road,Fancy Saree,Mid,WhatsApp Order,37,44,140562.27,47791.17
FY2024-25,2024,12,December,Year-end,Cross Cut Road,Kids Wear,Value,Exhibition Stall,29,37,32541.64,13342.09
FY2024-25,2024,12,December,Year-end,Cross Cut Road,Kids Wear,Value,Online,18,19,21553.48,8836.92
FY2024-25,2024,12,December,Year-end,Cross Cut Road,Kids Wear,Value,Walk-in,90,105,105638.2,43311.66
FY2024-25,2024,12,December,Year-end,Cross Cut Road,Kids Wear,Value,WhatsApp Order,24,28,26358.51,10806.99
FY2024-25,2024,12,December,Year-end,Cross Cut Road,Readymade,Mid,Exhibition Stall,62,75,147579.32,56080.16
FY2024-25,2024,12,December,Year-end,Cross Cut Road,Readymade,Mid,Online,21,24,50834.67,19317.16
FY2024-25,2024,12,December,Year-end,Cross Cut Road,Readymade,Mid,Walk-in,141,170,384631.96,146160.19
FY2024-25,2024,12,December,Year-end,Cross Cut Road,Readymade,Mid,WhatsApp Order,50,55,126266.86,47981.42
FY2024-25,2024,12,December,Year-end,Cross Cut Road,Silk Saree,Premium,Exhibition Stall,32,40,487740.61,117057.73
FY2024-25,2024,12,December,Year-end,Cross Cut Road,Silk Saree,Premium,Online,10,10,134068.71,32176.48
FY2024-25,2024,12,December,Year-end,Cross Cut Road,Silk Saree,Premium,Walk-in,90,108,1381120.06,331468.82
FY2024-25,2024,12,December,Year-end,Cross Cut Road,Silk Saree,Premium,WhatsApp Order,19,27,324952.61,77988.62
FY2024-25,2024,12,December,Year-end,RS Puram,Accessories,Value,Exhibition Stall,46,53,24103.99,11087.82
FY2024-25,2024,12,December,Year-end,RS Puram,Accessories,Value,Online,16,21,8579.56,3946.58
FY2024-25,2024,12,December,Year-end,RS Puram,Accessories,Value,Walk-in,84,105,42845.79,19709.09
FY2024-25,2024,12,December,Year-end,RS Puram,Accessories,Value,WhatsApp Order,28,30,13228.98,6085.35
FY2024-25,2024,12,December,Year-end,RS Puram,Cotton Saree,Value,Exhibition Stall,48,58,77332.05,23972.97
FY2024-25,2024,12,December,Year-end,RS Puram,Cotton Saree,Value,Online,21,27,42134.15,13061.59
FY2024-25,2024,12,December,Year-end,RS Puram,Cotton Saree,Value,Walk-in,146,178,253819.05,78683.94
FY2024-25,2024,12,December,Year-end,RS Puram,Cotton Saree,Value,WhatsApp Order,49,63,90765.79,28137.43
FY2024-25,2024,12,December,Year-end,RS Puram,Fancy Saree,Mid,Exhibition Stall,35,48,133989.77,45556.5
FY2024-25,2024,12,December,Year-end,RS Puram,Fancy Saree,Mid,Online,22,28,91973.48,31270.96
FY2024-25,2024,12,December,Year-end,RS Puram,Fancy Saree,Mid,Walk-in,111,137,434730.18,147808.29
FY2024-25,2024,12,December,Year-end,RS Puram,Fancy Saree,Mid,WhatsApp Order,32,32,104860.17,35652.47
FY2024-25,2024,12,December,Year-end,RS Puram,Kids Wear,Value,Exhibition Stall,30,43,39822.1,16327.06
FY2024-25,2024,12,December,Year-end,RS Puram,Kids Wear,Value,Online,5,7,6113.4,2506.5
FY2024-25,2024,12,December,Year-end,RS Puram,Kids Wear,Value,Walk-in,48,57,57772.44,23686.66
FY2024-25,2024,12,December,Year-end,RS Puram,Kids Wear,Value,WhatsApp Order,13,19,20008.55,8203.5
FY2024-25,2024,12,December,Year-end,RS Puram,Readymade,Mid,Exhibition Stall,28,34,74404.28,28273.61
FY2024-25,2024,12,December,Year-end,RS Puram,Readymade,Mid,Online,22,26,57106.74,21700.55
FY2024-25,2024,12,December,Year-end,RS Puram,Readymade,Mid,Walk-in,99,112,256486.83,97465.01
FY2024-25,2024,12,December,Year-end,RS Puram,Readymade,Mid,WhatsApp Order,27,32,66908.8,25425.34
FY2024-25,2024,12,December,Year-end,RS Puram,Silk Saree,Premium,Exhibition Stall,15,19,241531.8,57967.64
FY2024-25,2024,12,December,Year-end,RS Puram,Silk Saree,Premium,Online,11,13,161529.63,38767.12
FY2024-25,2024,12,December,Year-end,RS Puram,Silk Saree,Premium,Walk-in,45,53,617750.83,148260.2
FY2024-25,2024,12,December,Year-end,RS Puram,Silk Saree,Premium,WhatsApp Order,9,11,120374.51,28889.88
FY2024-25,2025,1,January,Pongal,Cross Cut Road,Accessories,Value,Exhibition Stall,54,64,25291.97,11634.31
FY2024-25,2025,1,January,Pongal,Cross Cut Road,Accessories,Value,Online,13,17,7388.68,3398.79
FY2024-25,2025,1,January,Pongal,Cross Cut Road,Accessories,Value,Walk-in,174,214,92646.94,42617.58
FY2024-25,2025,1,January,Pongal,Cross Cut Road,Accessories,Value,WhatsApp Order,50,58,24756.96,11388.21
FY2024-25,2025,1,January,Pongal,Cross Cut Road,Cotton Saree,Value,Exhibition Stall,89,106,147022.47,45576.94
FY2024-25,2025,1,January,Pongal,Cross Cut Road,Cotton Saree,Value,Online,40,50,71151.31,22056.93
FY2024-25,2025,1,January,Pongal,Cross Cut Road,Cotton Saree,Value,Walk-in,238,304,440939.5,136691.25
FY2024-25,2025,1,January,Pongal,Cross Cut Road,Cotton Saree,Value,WhatsApp Order,81,104,142710.98,44240.43
FY2024-25,2025,1,January,Pongal,Cross Cut Road,Fancy Saree,Mid,Exhibition Stall,71,89,263118.51,89460.29
FY2024-25,2025,1,January,Pongal,Cross Cut Road,Fancy Saree,Mid,Online,34,39,114041.59,38774.15
FY2024-25,2025,1,January,Pongal,Cross Cut Road,Fancy Saree,Mid,Walk-in,196,229,739829.03,251541.88
FY2024-25,2025,1,January,Pongal,Cross Cut Road,Fancy Saree,Mid,WhatsApp Order,67,81,263482.66,89584.1
FY2024-25,2025,1,January,Pongal,Cross Cut Road,Kids Wear,Value,Exhibition Stall,59,65,61652.59,25277.55
FY2024-25,2025,1,January,Pongal,Cross Cut Road,Kids Wear,Value,Online,12,15,14736.62,6042.01
FY2024-25,2025,1,January,Pongal,Cross Cut Road,Kids Wear,Value,Walk-in,125,144,143325.0,58763.23
FY2024-25,2025,1,January,Pongal,Cross Cut Road,Kids Wear,Value,WhatsApp Order,38,45,40594.91,16643.92
FY2024-25,2025,1,January,Pongal,Cross Cut Road,Readymade,Mid,Exhibition Stall,53,61,115666.71,43953.35
FY2024-25,2025,1,January,Pongal,Cross Cut Road,Readymade,Mid,Online,22,24,53395.05,20290.13
FY2024-25,2025,1,January,Pongal,Cross Cut Road,Readymade,Mid,Walk-in,177,215,489225.53,185905.7
FY2024-25,2025,1,January,Pongal,Cross Cut Road,Readymade,Mid,WhatsApp Order,46,50,109054.87,41440.84
FY2024-25,2025,1,January,Pongal,Cross Cut Road,Silk Saree,Premium,Exhibition Stall,29,35,406235.96,97496.64
FY2024-25,2025,1,January,Pongal,Cross Cut Road,Silk Saree,Premium,Online,14,16,181178.39,43482.81
FY2024-25,2025,1,January,Pongal,Cross Cut Road,Silk Saree,Premium,Walk-in,80,98,1221253.71,293100.92
FY2024-25,2025,1,January,Pongal,Cross Cut Road,Silk Saree,Premium,WhatsApp Order,26,32,421559.26,101174.21
FY2024-25,2025,1,January,Pongal,RS Puram,Accessories,Value,Exhibition Stall,48,57,23514.72,10816.82
FY2024-25,2025,1,January,Pongal,RS Puram,Accessories,Value,Online,11,13,5510.19,2534.69
FY2024-25,2025,1,January,Pongal,RS Puram,Accessories,Value,Walk-in,113,146,58898.17,27093.15
FY2024-25,2025,1,January,Pongal,RS Puram,Accessories,Value,WhatsApp Order,26,28,11178.29,5142.0
FY2024-25,2025,1,January,Pongal,RS Puram,Cotton Saree,Value,Exhibition Stall,57,69,88382.83,27398.7
FY2024-25,2025,1,January,Pongal,RS Puram,Cotton Saree,Value,Online,21,24,31662.67,9815.42
FY2024-25,2025,1,January,Pongal,RS Puram,Cotton Saree,Value,Walk-in,154,184,269036.35,83401.36
FY2024-25,2025,1,January,Pongal,RS Puram,Cotton Saree,Value,WhatsApp Order,36,42,57432.03,17803.92
FY2024-25,2025,1,January,Pongal,RS Puram,Fancy Saree,Mid,Exhibition Stall,63,79,235113.11,79938.5
FY2024-25,2025,1,January,Pongal,RS Puram,Fancy Saree,Mid,Online,22,28,94048.25,31976.4
FY2024-25,2025,1,January,Pongal,RS Puram,Fancy Saree,Mid,Walk-in,139,158,502431.16,170826.58
FY2024-25,2025,1,January,Pongal,RS Puram,Fancy Saree,Mid,WhatsApp Order,52,58,189101.0,64294.33
FY2024-25,2025,1,January,Pongal,RS Puram,Kids Wear,Value,Exhibition Stall,28,32,30498.23,12504.28
FY2024-25,2025,1,January,Pongal,RS Puram,Kids Wear,Value,Online,14,19,18853.14,7729.78
FY2024-25,2025,1,January,Pongal,RS Puram,Kids Wear,Value,Walk-in,69,79,74217.73,30429.3
FY2024-25,2025,1,January,Pongal,RS Puram,Kids Wear,Value,WhatsApp Order,32,40,41432.66,16987.41
FY2024-25,2025,1,January,Pongal,RS Puram,Readymade,Mid,Exhibition Stall,44,50,107828.07,40974.66
FY2024-25,2025,1,January,Pongal,RS Puram,Readymade,Mid,Online,16,17,37612.17,14292.62
FY2024-25,2025,1,January,Pongal,RS Puram,Readymade,Mid,Walk-in,123,152,332348.08,126292.24
FY2024-25,2025,1,January,Pongal,RS Puram,Readymade,Mid,WhatsApp Order,26,27,66133.09,25130.58
FY2024-25,2025,1,January,Pongal,RS Puram,Silk Saree,Premium,Exhibition Stall,21,24,269991.25,64797.89
FY2024-25,2025,1,January,Pongal,RS Puram,Silk Saree,Premium,Online,12,14,181544.68,43570.73
FY2024-25,2025,1,January,Pongal,RS Puram,Silk Saree,Premium,Walk-in,55,69,860008.88,206402.11
FY2024-25,2025,1,January,Pongal,RS Puram,Silk Saree,Premium,WhatsApp Order,34,39,477549.07,114611.79
FY2024-25,2025,2,February,Post-Pongal,Cross Cut Road,Accessories,Value,Exhibition Stall,26,28,11316.75,5205.69
FY2024-25,2025,2,February,Post-Pongal,Cross Cut Road,Accessories,Value,Online,9,9,3570.34,1642.35
FY2024-25,2025,2,February,Post-Pongal,Cross Cut Road,Accessories,Value,Walk-in,99,115,49359.66,22705.45
FY2024-25,2025,2,February,Post-Pongal,Cross Cut Road,Accessories,Value,WhatsApp Order,36,42,16943.76,7794.1
FY2024-25,2025,2,February,Post-Pongal,Cross Cut Road,Cotton Saree,Value,Exhibition Stall,47,56,79481.91,24639.4
FY2024-25,2025,2,February,Post-Pongal,Cross Cut Road,Cotton Saree,Value,Online,21,26,36437.47,11295.63
FY2024-25,2025,2,February,Post-Pongal,Cross Cut Road,Cotton Saree,Value,Walk-in,155,183,263573.51,81707.79
FY2024-25,2025,2,February,Post-Pongal,Cross Cut Road,Cotton Saree,Value,WhatsApp Order,38,43,61143.6,18954.55
FY2024-25,2025,2,February,Post-Pongal,Cross Cut Road,Fancy Saree,Mid,Exhibition Stall,46,56,162273.6,55173.03
FY2024-25,2025,2,February,Post-Pongal,Cross Cut Road,Fancy Saree,Mid,Online,23,34,100718.75,34244.39
FY2024-25,2025,2,February,Post-Pongal,Cross Cut Road,Fancy Saree,Mid,Walk-in,132,156,508444.82,172871.27
FY2024-25,2025,2,February,Post-Pongal,Cross Cut Road,Fancy Saree,Mid,WhatsApp Order,42,55,183148.62,62270.52
FY2024-25,2025,2,February,Post-Pongal,Cross Cut Road,Kids Wear,Value,Exhibition Stall,18,27,24607.17,10088.92
FY2024-25,2025,2,February,Post-Pongal,Cross Cut Road,Kids Wear,Value,Online,13,14,13147.73,5390.56
FY2024-25,2025,2,February,Post-Pongal,Cross Cut Road,Kids Wear,Value,Walk-in,57,64,66402.4,27225.02
FY2024-25,2025,2,February,Post-Pongal,Cross Cut Road,Kids Wear,Value,WhatsApp Order,26,29,27544.24,11293.14
FY2024-25,2025,2,February,Post-Pongal,Cross Cut Road,Readymade,Mid,Exhibition Stall,31,36,74426.22,28281.96
FY2024-25,2025,2,February,Post-Pongal,Cross Cut Road,Readymade,Mid,Online,22,28,59842.98,22740.32
FY2024-25,2025,2,February,Post-Pongal,Cross Cut Road,Readymade,Mid,Walk-in,127,154,359400.36,136572.08
FY2024-25,2025,2,February,Post-Pongal,Cross Cut Road,Readymade,Mid,WhatsApp Order,32,40,81263.68,30880.22
FY2024-25,2025,2,February,Post-Pongal,Cross Cut Road,Silk Saree,Premium,Exhibition Stall,20,27,348730.2,83695.24
FY2024-25,2025,2,February,Post-Pongal,Cross Cut Road,Silk Saree,Premium,Online,9,11,129599.53,31103.9
FY2024-25,2025,2,February,Post-Pongal,Cross Cut Road,Silk Saree,Premium,Walk-in,55,70,941788.89,226029.35
FY2024-25,2025,2,February,Post-Pongal,Cross Cut Road,Silk Saree,Premium,WhatsApp Order,20,22,295057.71,70813.83
FY2024-25,2025,2,February,Post-Pongal,RS Puram,Accessories,Value,Exhibition Stall,18,26,9444.31,4344.38
FY2024-25,2025,2,February,Post-Pongal,RS Puram,Accessories,Value,Online,10,12,6041.88,2779.25
FY2024-25,2025,2,February,Post-Pongal,RS Puram,Accessories,Value,Walk-in,73,87,37665.6,17326.13
FY2024-25,2025,2,February,Post-Pongal,RS Puram,Accessories,Value,WhatsApp Order,12,12,5802.14,2668.99
FY2024-25,2025,2,February,Post-Pongal,RS Puram,Cotton Saree,Value,Exhibition Stall,30,44,58257.87,18059.93
FY2024-25,2025,2,February,Post-Pongal,RS Puram,Cotton Saree,Value,Online,18,20,29692.99,9204.83
FY2024-25,2025,2,February,Post-Pongal,RS Puram,Cotton Saree,Value,Walk-in,94,114,173410.2,53757.18
FY2024-25,2025,2,February,Post-Pongal,RS Puram,Cotton Saree,Value,WhatsApp Order,29,34,42421.03,13150.53
FY2024-25,2025,2,February,Post-Pongal,RS Puram,Fancy Saree,Mid,Exhibition Stall,28,43,145993.33,49637.76
FY2024-25,2025,2,February,Post-Pongal,RS Puram,Fancy Saree,Mid,Online,9,11,36779.23,12504.94
FY2024-25,2025,2,February,Post-Pongal,RS Puram,Fancy Saree,Mid,Walk-in,89,97,309975.23,105391.56
FY2024-25,2025,2,February,Post-Pongal,RS Puram,Fancy Saree,Mid,WhatsApp Order,21,26,75924.44,25814.31
FY2024-25,2025,2,February,Post-Pongal,RS Puram,Kids Wear,Value,Exhibition Stall,12,16,16147.42,6620.45
FY2024-25,2025,2,February,Post-Pongal,RS Puram,Kids Wear,Value,Online,6,6,6327.51,2594.28
FY2024-25,2025,2,February,Post-Pongal,RS Puram,Kids Wear,Value,Walk-in,57,69,70605.23,28948.13
FY2024-25,2025,2,February,Post-Pongal,RS Puram,Kids Wear,Value,WhatsApp Order,18,20,18780.47,7699.97
FY2024-25,2025,2,February,Post-Pongal,RS Puram,Readymade,Mid,Exhibition Stall,20,24,49255.03,18716.89
FY2024-25,2025,2,February,Post-Pongal,RS Puram,Readymade,Mid,Online,10,11,18023.05,6848.75
FY2024-25,2025,2,February,Post-Pongal,RS Puram,Readymade,Mid,Walk-in,78,91,204635.68,77761.54
FY2024-25,2025,2,February,Post-Pongal,RS Puram,Readymade,Mid,WhatsApp Order,20,23,49191.72,18692.85
FY2024-25,2025,2,February,Post-Pongal,RS Puram,Silk Saree,Premium,Exhibition Stall,10,10,124432.8,29863.88
FY2024-25,2025,2,February,Post-Pongal,RS Puram,Silk Saree,Premium,Online,6,6,75467.99,18112.32
FY2024-25,2025,2,February,Post-Pongal,RS Puram,Silk Saree,Premium,Walk-in,37,50,612087.0,146900.9
FY2024-25,2025,2,February,Post-Pongal,RS Puram,Silk Saree,Premium,WhatsApp Order,10,14,184400.68,44256.17
FY2024-25,2025,3,March,Lean,Cross Cut Road,Accessories,Value,Exhibition Stall,32,39,16085.6,7399.39
FY2024-25,2025,3,March,Lean,Cross Cut Road,Accessories,Value,Online,10,13,4802.51,2209.14
FY2024-25,2025,3,March,Lean,Cross Cut Road,Accessories,Value,Walk-in,126,151,60150.5,27669.17
FY2024-25,2025,3,March,Lean,Cross Cut Road,Accessories,Value,WhatsApp Order,27,33,14320.96,6587.61
FY2024-25,2025,3,March,Lean,Cross Cut Road,Cotton Saree,Value,Exhibition Stall,54,66,89543.9,27758.61
FY2024-25,2025,3,March,Lean,Cross Cut Road,Cotton Saree,Value,Online,19,23,34383.91,10659.02
FY2024-25,2025,3,March,Lean,Cross Cut Road,Cotton Saree,Value,Walk-in,178,230,320081.9,99225.46
FY2024-25,2025,3,March,Lean,Cross Cut Road,Cotton Saree,Value,WhatsApp Order,69,88,131220.84,40678.51
FY2024-25,2025,3,March,Lean,Cross Cut Road,Fancy Saree,Mid,Exhibition Stall,48,62,177815.26,60457.19
FY2024-25,2025,3,March,Lean,Cross Cut Road,Fancy Saree,Mid,Online,23,30,97006.7,32982.29
FY2024-25,2025,3,March,Lean,Cross Cut Road,Fancy Saree,Mid,Walk-in,136,176,602205.17,204749.8
FY2024-25,2025,3,March,Lean,Cross Cut Road,Fancy Saree,Mid,WhatsApp Order,37,45,133930.14,45536.25
FY2024-25,2025,3,March,Lean,Cross Cut Road,Kids Wear,Value,Exhibition Stall,29,35,32704.3,13408.75
FY2024-25,2025,3,March,Lean,Cross Cut Road,Kids Wear,Value,Online,10,10,10195.81,4180.29
FY2024-25,2025,3,March,Lean,Cross Cut Road,Kids Wear,Value,Walk-in,80,96,98734.15,40480.99
FY2024-25,2025,3,March,Lean,Cross Cut Road,Kids Wear,Value,WhatsApp Order,25,37,36740.0,15063.4
FY2024-25,2025,3,March,Lean,Cross Cut Road,Readymade,Mid,Exhibition Stall,46,58,114837.92,43638.44
FY2024-25,2025,3,March,Lean,Cross Cut Road,Readymade,Mid,Online,11,16,36457.03,13853.67
FY2024-25,2025,3,March,Lean,Cross Cut Road,Readymade,Mid,Walk-in,122,152,346980.08,131852.42
FY2024-25,2025,3,March,Lean,Cross Cut Road,Readymade,Mid,WhatsApp Order,32,38,82886.78,31496.97
FY2024-25,2025,3,March,Lean,Cross Cut Road,Silk Saree,Premium,Exhibition Stall,17,20,241361.16,57926.68
FY2024-25,2025,3,March,Lean,Cross Cut Road,Silk Saree,Premium,Online,14,19,226016.76,54244.02
FY2024-25,2025,3,March,Lean,Cross Cut Road,Silk Saree,Premium,Walk-in,70,92,1118128.95,268350.91
FY2024-25,2025,3,March,Lean,Cross Cut Road,Silk Saree,Premium,WhatsApp Order,15,20,273462.8,65631.07
FY2024-25,2025,3,March,Lean,RS Puram,Accessories,Value,Exhibition Stall,25,29,11816.74,5435.68
FY2024-25,2025,3,March,Lean,RS Puram,Accessories,Value,Online,10,11,4384.86,2017.04
FY2024-25,2025,3,March,Lean,RS Puram,Accessories,Value,Walk-in,70,91,39269.25,18063.83
FY2024-25,2025,3,March,Lean,RS Puram,Accessories,Value,WhatsApp Order,27,34,15762.27,7250.64
FY2024-25,2025,3,March,Lean,RS Puram,Cotton Saree,Value,Exhibition Stall,38,47,61747.44,19141.69
FY2024-25,2025,3,March,Lean,RS Puram,Cotton Saree,Value,Online,12,14,17921.61,5555.69
FY2024-25,2025,3,March,Lean,RS Puram,Cotton Saree,Value,Walk-in,124,153,227248.05,70446.89
FY2024-25,2025,3,March,Lean,RS Puram,Cotton Saree,Value,WhatsApp Order,35,45,61556.75,19082.6
FY2024-25,2025,3,March,Lean,RS Puram,Fancy Saree,Mid,Exhibition Stall,36,42,136913.4,46550.57
FY2024-25,2025,3,March,Lean,RS Puram,Fancy Saree,Mid,Online,16,20,57388.5,19512.1
FY2024-25,2025,3,March,Lean,RS Puram,Fancy Saree,Mid,Walk-in,97,122,384954.19,130884.46
FY2024-25,2025,3,March,Lean,RS Puram,Fancy Saree,Mid,WhatsApp Order,30,38,113177.97,38480.5
FY2024-25,2025,3,March,Lean,RS Puram,Kids Wear,Value,Exhibition Stall,18,27,21039.34,8626.13
FY2024-25,2025,3,March,Lean,RS Puram,Kids Wear,Value,Online,8,13,11836.5,4852.97
FY2024-25,2025,3,March,Lean,RS Puram,Kids Wear,Value,Walk-in,50,61,58831.75,24121.03
FY2024-25,2025,3,March,Lean,RS Puram,Kids Wear,Value,WhatsApp Order,21,24,22029.25,9032.0
FY2024-25,2025,3,March,Lean,RS Puram,Readymade,Mid,Exhibition Stall,29,33,62507.5,23752.86
FY2024-25,2025,3,March,Lean,RS Puram,Readymade,Mid,Online,11,12,29077.48,11049.45
FY2024-25,2025,3,March,Lean,RS Puram,Readymade,Mid,Walk-in,83,97,219156.93,83279.63
FY2024-25,2025,3,March,Lean,RS Puram,Readymade,Mid,WhatsApp Order,21,25,56982.55,21653.35
FY2024-25,2025,3,March,Lean,RS Puram,Silk Saree,Premium,Exhibition Stall,16,16,216942.37,52066.16
FY2024-25,2025,3,March,Lean,RS Puram,Silk Saree,Premium,Online,5,5,60225.93,14454.23
FY2024-25,2025,3,March,Lean,RS Puram,Silk Saree,Premium,Walk-in,35,38,482015.27,115683.65
FY2024-25,2025,3,March,Lean,RS Puram,Silk Saree,Premium,WhatsApp Order,18,23,321875.9,77250.2
FY2025-26,2025,4,April,Wedding,Cross Cut Road,Accessories,Value,Exhibition Stall,46,54,19515.98,8977.35
FY2025-26,2025,4,April,Wedding,Cross Cut Road,Accessories,Value,Online,12,16,7040.65,3238.71
FY2025-26,2025,4,April,Wedding,Cross Cut Road,Accessories,Value,Walk-in,129,160,68368.42,31449.5
FY2025-26,2025,4,April,Wedding,Cross Cut Road,Accessories,Value,WhatsApp Order,45,52,21993.97,10117.23
FY2025-26,2025,4,April,Wedding,Cross Cut Road,Cotton Saree,Value,Exhibition Stall,84,101,140745.87,43631.25
FY2025-26,2025,4,April,Wedding,Cross Cut Road,Cotton Saree,Value,Online,21,25,30606.42,9487.96
FY2025-26,2025,4,April,Wedding,Cross Cut Road,Cotton Saree,Value,Walk-in,205,249,365401.66,113274.57
FY2025-26,2025,4,April,Wedding,Cross Cut Road,Cotton Saree,Value,WhatsApp Order,65,87,122688.7,38033.5
FY2025-26,2025,4,April,Wedding,Cross Cut Road,Fancy Saree,Mid,Exhibition Stall,75,91,266838.47,90725.04
FY2025-26,2025,4,April,Wedding,Cross Cut Road,Fancy Saree,Mid,Online,31,37,117113.99,39818.75
FY2025-26,2025,4,April,Wedding,Cross Cut Road,Fancy Saree,Mid,Walk-in,233,289,901301.47,306442.55
FY2025-26,2025,4,April,Wedding,Cross Cut Road,Fancy Saree,Mid,WhatsApp Order,74,95,285801.23,97172.45
FY2025-26,2025,4,April,Wedding,Cross Cut Road,Kids Wear,Value,Exhibition Stall,22,28,26935.42,11043.51
FY2025-26,2025,4,April,Wedding,Cross Cut Road,Kids Wear,Value,Online,10,12,13044.93,5348.43
FY2025-26,2025,4,April,Wedding,Cross Cut Road,Kids Wear,Value,Walk-in,70,84,85772.28,35166.63
FY2025-26,2025,4,April,Wedding,Cross Cut Road,Kids Wear,Value,WhatsApp Order,33,35,36161.5,14826.18
FY2025-26,2025,4,April,Wedding,Cross Cut Road,Readymade,Mid,Exhibition Stall,60,73,153865.87,58469.04
FY2025-26,2025,4,April,Wedding,Cross Cut Road,Readymade,Mid,Online,23,28,61537.06,23384.08
FY2025-26,2025,4,April,Wedding,Cross Cut Road,Readymade,Mid,Walk-in,137,160,358677.12,136297.27
FY2025-26,2025,4,April,Wedding,Cross Cut Road,Readymade,Mid,WhatsApp Order,61,76,173999.89,66119.97
FY2025-26,2025,4,April,Wedding,Cross Cut Road,Silk Saree,Premium,Exhibition Stall,29,30,351455.5,84349.31
FY2025-26,2025,4,April,Wedding,Cross Cut Road,Silk Saree,Premium,Online,19,23,309733.54,74336.06
FY2025-26,2025,4,April,Wedding,Cross Cut Road,Silk Saree,Premium,Walk-in,91,109,1401260.59,336302.54
FY2025-26,2025,4,April,Wedding,Cross Cut Road,Silk Saree,Premium,WhatsApp Order,21,31,412635.68,99032.58
FY2025-26,2025,4,April,Wedding,RS Puram,Accessories,Value,Exhibition Stall,31,33,12500.71,5750.31
FY2025-26,2025,4,April,Wedding,RS Puram,Accessories,Value,Online,22,26,10857.61,4994.49
FY2025-26,2025,4,April,Wedding,RS Puram,Accessories,Value,Walk-in,93,118,46082.38,21197.82
FY2025-26,2025,4,April,Wedding,RS Puram,Accessories,Value,WhatsApp Order,27,30,11659.82,5363.51
FY2025-26,2025,4,April,Wedding,RS Puram,Cotton Saree,Value,Exhibition Stall,39,49,61862.86,19177.5
FY2025-26,2025,4,April,Wedding,RS Puram,Cotton Saree,Value,Online,21,26,40358.19,12511.03
FY2025-26,2025,4,April,Wedding,RS Puram,Cotton Saree,Value,Walk-in,158,182,263046.53,81544.49
FY2025-26,2025,4,April,Wedding,RS Puram,Cotton Saree,Value,WhatsApp Order,41,50,72790.76,22565.12
FY2025-26,2025,4,April,Wedding,RS Puram,Fancy Saree,Mid,Exhibition Stall,55,62,166007.84,56442.67
FY2025-26,2025,4,April,Wedding,RS Puram,Fancy Saree,Mid,Online,16,19,60188.72,20464.18
FY2025-26,2025,4,April,Wedding,RS Puram,Fancy Saree,Mid,Walk-in,153,168,529476.79,180022.13
FY2025-26,2025,4,April,Wedding,RS Puram,Fancy Saree,Mid,WhatsApp Order,47,55,171339.71,58255.5
FY2025-26,2025,4,April,Wedding,RS Puram,Kids Wear,Value,Exhibition Stall,25,27,26860.33,11012.72
FY2025-26,2025,4,April,Wedding,RS Puram,Kids Wear,Value,Online,7,9,7892.67,3235.98
FY2025-26,2025,4,April,Wedding,RS Puram,Kids Wear,Value,Walk-in,72,85,82693.93,33904.49
FY2025-26,2025,4,April,Wedding,RS Puram,Kids Wear,Value,WhatsApp Order,21,23,25428.09,10425.5
FY2025-26,2025,4,April,Wedding,RS Puram,Readymade,Mid,Exhibition Stall,48,59,127808.32,48567.18
FY2025-26,2025,4,April,Wedding,RS Puram,Readymade,Mid,Online,13,17,35127.23,13348.35
FY2025-26,2025,4,April,Wedding,RS Puram,Readymade,Mid,Walk-in,93,113,248442.49,94408.16
FY2025-26,2025,4,April,Wedding,RS Puram,Readymade,Mid,WhatsApp Order,32,38,93224.33,35425.27
FY2025-26,2025,4,April,Wedding,RS Puram,Silk Saree,Premium,Exhibition Stall,29,42,531797.84,127631.47
FY2025-26,2025,4,April,Wedding,RS Puram,Silk Saree,Premium,Online,11,14,170192.78,40846.25
FY2025-26,2025,4,April,Wedding,RS Puram,Silk Saree,Premium,Walk-in,52,65,827792.7,198670.24
FY2025-26,2025,4,April,Wedding,RS Puram,Silk Saree,Premium,WhatsApp Order,18,21,259659.24,62318.21
FY2025-26,2025,5,May,Wedding,Cross Cut Road,Accessories,Value,Exhibition Stall,45,49,20126.73,9258.28
FY2025-26,2025,5,May,Wedding,Cross Cut Road,Accessories,Value,Online,13,18,7312.41,3363.71
FY2025-26,2025,5,May,Wedding,Cross Cut Road,Accessories,Value,Walk-in,128,161,68909.44,31698.32
FY2025-26,2025,5,May,Wedding,Cross Cut Road,Accessories,Value,WhatsApp Order,56,62,27990.1,12875.47
FY2025-26,2025,5,May,Wedding,Cross Cut Road,Cotton Saree,Value,Exhibition Stall,68,76,97032.68,30080.14
FY2025-26,2025,5,May,Wedding,Cross Cut Road,Cotton Saree,Value,Online,32,39,54173.84,16793.92
FY2025-26,2025,5,May,Wedding,Cross Cut Road,Cotton Saree,Value,Walk-in,208,250,357580.71,110850.0
FY2025-26,2025,5,May,Wedding,Cross Cut Road,Cotton Saree,Value,WhatsApp Order,60,73,103556.57,32102.52
FY2025-26,2025,5,May,Wedding,Cross Cut Road,Fancy Saree,Mid,Exhibition Stall,78,94,286820.47,97518.95
FY2025-26,2025,5,May,Wedding,Cross Cut Road,Fancy Saree,Mid,Online,29,34,103817.62,35297.99
FY2025-26,2025,5,May,Wedding,Cross Cut Road,Fancy Saree,Mid,Walk-in,226,281,923377.77,313948.53
FY2025-26,2025,5,May,Wedding,Cross Cut Road,Fancy Saree,Mid,WhatsApp Order,76,95,313217.8,106494.03
FY2025-26,2025,5,May,Wedding,Cross Cut Road,Kids Wear,Value,Exhibition Stall,25,28,27560.32,11299.74
FY2025-26,2025,5,May,Wedding,Cross Cut Road,Kids Wear,Value,Online,11,12,12218.96,5009.76
FY2025-26,2025,5,May,Wedding,Cross Cut Road,Kids Wear,Value,Walk-in,100,125,121964.28,50005.39
FY2025-26,2025,5,May,Wedding,Cross Cut Road,Kids Wear,Value,WhatsApp Order,31,37,37334.71,15307.21
FY2025-26,2025,5,May,Wedding,Cross Cut Road,Readymade,Mid,Exhibition Stall,44,54,120889.76,45938.15
FY2025-26,2025,5,May,Wedding,Cross Cut Road,Readymade,Mid,Online,22,24,56761.09,21569.2
FY2025-26,2025,5,May,Wedding,Cross Cut Road,Readymade,Mid,Walk-in,146,176,407427.3,154822.35
FY2025-26,2025,5,May,Wedding,Cross Cut Road,Readymade,Mid,WhatsApp Order,44,55,123763.59,47030.15
FY2025-26,2025,5,May,Wedding,Cross Cut Road,Silk Saree,Premium,Exhibition Stall,26,30,363648.12,87275.55
FY2025-26,2025,5,May,Wedding,Cross Cut Road,Silk Saree,Premium,Online,13,18,205348.7,49283.68
FY2025-26,2025,5,May,Wedding,Cross Cut Road,Silk Saree,Premium,Walk-in,87,112,1427192.61,342526.26
FY2025-26,2025,5,May,Wedding,Cross Cut Road,Silk Saree,Premium,WhatsApp Order,27,31,413272.5,99185.38
FY2025-26,2025,5,May,Wedding,RS Puram,Accessories,Value,Exhibition Stall,29,33,14095.77,6484.04
FY2025-26,2025,5,May,Wedding,RS Puram,Accessories,Value,Online,9,9,4145.82,1907.08
FY2025-26,2025,5,May,Wedding,RS Puram,Accessories,Value,Walk-in,78,106,44173.98,20320.03
FY2025-26,2025,5,May,Wedding,RS Puram,Accessories,Value,WhatsApp Order,31,42,16844.82,7748.61
FY2025-26,2025,5,May,Wedding,RS Puram,Cotton Saree,Value,Exhibition Stall,50,57,83097.58,25760.27
FY2025-26,2025,5,May,Wedding,RS Puram,Cotton Saree,Value,Online,13,13,17199.4,5331.81
FY2025-26,2025,5,May,Wedding,RS Puram,Cotton Saree,Value,Walk-in,123,154,222099.31,68850.76
FY2025-26,2025,5,May,Wedding,RS Puram,Cotton Saree,Value,WhatsApp Order,50,59,87290.82,27060.17
FY2025-26,2025,5,May,Wedding,RS Puram,Fancy Saree,Mid,Exhibition Stall,59,75,245971.74,83630.38
FY2025-26,2025,5,May,Wedding,RS Puram,Fancy Saree,Mid,Online,23,26,84976.9,28892.15
FY2025-26,2025,5,May,Wedding,RS Puram,Fancy Saree,Mid,Walk-in,150,181,609063.34,207081.55
FY2025-26,2025,5,May,Wedding,RS Puram,Fancy Saree,Mid,WhatsApp Order,43,54,174931.27,59476.62
FY2025-26,2025,5,May,Wedding,RS Puram,Kids Wear,Value,Exhibition Stall,20,27,27531.14,11287.76
FY2025-26,2025,5,May,Wedding,RS Puram,Kids Wear,Value,Online,10,14,14446.11,5922.9
FY2025-26,2025,5,May,Wedding,RS Puram,Kids Wear,Value,Walk-in,71,85,81725.13,33507.34
FY2025-26,2025,5,May,Wedding,RS Puram,Kids Wear,Value,WhatsApp Order,22,22,21686.31,8891.4
FY2025-26,2025,5,May,Wedding,RS Puram,Readymade,Mid,Exhibition Stall,38,44,100790.25,38300.3
FY2025-26,2025,5,May,Wedding,RS Puram,Readymade,Mid,Online,19,22,51717.28,19652.56
FY2025-26,2025,5,May,Wedding,RS Puram,Readymade,Mid,Walk-in,102,110,239539.84,91025.14
FY2025-26,2025,5,May,Wedding,RS Puram,Readymade,Mid,WhatsApp Order,33,40,94841.91,36039.88
FY2025-26,2025,5,May,Wedding,RS Puram,Silk Saree,Premium,Exhibition Stall,19,22,249926.5,59982.36
FY2025-26,2025,5,May,Wedding,RS Puram,Silk Saree,Premium,Online,9,14,156193.43,37486.43
FY2025-26,2025,5,May,Wedding,RS Puram,Silk Saree,Premium,Walk-in,67,78,949895.02,227974.8
FY2025-26,2025,5,May,Wedding,RS Puram,Silk Saree,Premium,WhatsApp Order,16,17,225538.28,54129.2
FY2025-26,2025,6,June,Lean,Cross Cut Road,Accessories,Value,Exhibition Stall,37,49,21010.09,9664.63
FY2025-26,2025,6,June,Lean,Cross Cut Road,Accessories,Value,Online,23,28,11104.82,5108.22
FY2025-26,2025,6,June,Lean,Cross Cut Road,Accessories,Value,Walk-in,93,110,44689.91,20557.36
FY2025-26,2025,6,June,Lean,Cross Cut Road,Accessories,Value,WhatsApp Order,31,37,14904.6,6856.12
FY2025-26,2025,6,June,Lean,Cross Cut Road,Cotton Saree,Value,Exhibition Stall,63,78,102234.01,31692.54
FY2025-26,2025,6,June,Lean,Cross Cut Road,Cotton Saree,Value,Online,21,27,38972.13,12081.36
FY2025-26,2025,6,June,Lean,Cross Cut Road,Cotton Saree,Value,Walk-in,138,162,237319.82,73569.14
FY2025-26,2025,6,June,Lean,Cross Cut Road,Cotton Saree,Value,WhatsApp Order,53,65,96628.44,29954.85
FY2025-26,2025,6,June,Lean,Cross Cut Road,Fancy Saree,Mid,Exhibition Stall,46,55,161230.32,54818.3
FY2025-26,2025,6,June,Lean,Cross Cut Road,Fancy Saree,Mid,Online,21,28,94763.02,32219.43
FY2025-26,2025,6,June,Lean,Cross Cut Road,Fancy Saree,Mid,Walk-in,120,145,463981.83,157753.85
FY2025-26,2025,6,June,Lean,Cross Cut Road,Fancy Saree,Mid,WhatsApp Order,51,61,187676.56,63810.03
FY2025-26,2025,6,June,Lean,Cross Cut Road,Kids Wear,Value,Exhibition Stall,23,25,21334.21,8747.04
FY2025-26,2025,6,June,Lean,Cross Cut Road,Kids Wear,Value,Online,9,9,9790.15,4013.95
FY2025-26,2025,6,June,Lean,Cross Cut Road,Kids Wear,Value,Walk-in,58,76,76414.16,31329.84
FY2025-26,2025,6,June,Lean,Cross Cut Road,Kids Wear,Value,WhatsApp Order,17,18,18227.33,7473.18
FY2025-26,2025,6,June,Lean,Cross Cut Road,Readymade,Mid,Exhibition Stall,37,52,113020.15,42947.68
FY2025-26,2025,6,June,Lean,Cross Cut Road,Readymade,Mid,Online,15,15,33735.76,12819.57
FY2025-26,2025,6,June,Lean,Cross Cut Road,Readymade,Mid,Walk-in,137,156,355921.3,135250.12
FY2025-26,2025,6,June,Lean,Cross Cut Road,Readymade,Mid,WhatsApp Order,38,46,92374.01,35102.14
FY2025-26,2025,6,June,Lean,Cross Cut Road,Silk Saree,Premium,Exhibition Stall,15,18,253983.56,60956.06
FY2025-26,2025,6,June,Lean,Cross Cut Road,Silk Saree,Premium,Online,4,4,42566.67,10216.0
FY2025-26,2025,6,June,Lean,Cross Cut Road,Silk Saree,Premium,Walk-in,42,48,634890.01,152373.61
FY2025-26,2025,6,June,Lean,Cross Cut Road,Silk Saree,Premium,WhatsApp Order,10,12,144806.03,34753.45
FY2025-26,2025,6,June,Lean,RS Puram,Accessories,Value,Exhibition Stall,25,27,10911.2,5019.18
FY2025-26,2025,6,June,Lean,RS Puram,Accessories,Value,Online,9,10,4491.5,2066.09
FY2025-26,2025,6,June,Lean,RS Puram,Accessories,Value,Walk-in,58,71,30094.94,13843.66
FY2025-26,2025,6,June,Lean,RS Puram,Accessories,Value,WhatsApp Order,22,26,11490.72,5285.74
FY2025-26,2025,6,June,Lean,RS Puram,Cotton Saree,Value,Exhibition Stall,33,39,50065.04,15520.16
FY2025-26,2025,6,June,Lean,RS Puram,Cotton Saree,Value,Online,15,17,25697.8,7966.32
FY2025-26,2025,6,June,Lean,RS Puram,Cotton Saree,Value,Walk-in,112,131,183699.34,56946.78
FY2025-26,2025,6,June,Lean,RS Puram,Cotton Saree,Value,WhatsApp Order,30,41,62459.2,19362.37
FY2025-26,2025,6,June,Lean,RS Puram,Fancy Saree,Mid,Exhibition Stall,34,39,116439.9,39589.55
FY2025-26,2025,6,June,Lean,RS Puram,Fancy Saree,Mid,Online,16,21,64325.25,21870.58
FY2025-26,2025,6,June,Lean,RS Puram,Fancy Saree,Mid,Walk-in,104,136,432458.03,147035.65
FY2025-26,2025,6,June,Lean,RS Puram,Fancy Saree,Mid,WhatsApp Order,23,29,92582.25,31477.96
FY2025-26,2025,6,June,Lean,RS Puram,Kids Wear,Value,Exhibition Stall,16,20,19502.06,7995.85
FY2025-26,2025,6,June,Lean,RS Puram,Kids Wear,Value,Online,7,7,6162.11,2526.47
FY2025-26,2025,6,June,Lean,RS Puram,Kids Wear,Value,Walk-in,39,46,44930.23,18421.38
FY2025-26,2025,6,June,Lean,RS Puram,Kids Wear,Value,WhatsApp Order,17,21,20525.28,8415.36
FY2025-26,2025,6,June,Lean,RS Puram,Readymade,Mid,Exhibition Stall,18,20,37812.92,14368.89
FY2025-26,2025,6,June,Lean,RS Puram,Readymade,Mid,Online,11,13,33231.1,12627.82
FY2025-26,2025,6,June,Lean,RS Puram,Readymade,Mid,Walk-in,75,97,233351.84,88673.67
FY2025-26,2025,6,June,Lean,RS Puram,Readymade,Mid,WhatsApp Order,26,35,75862.34,28827.72
FY2025-26,2025,6,June,Lean,RS Puram,Silk Saree,Premium,Exhibition Stall,23,28,327968.42,78712.42
FY2025-26,2025,6,June,Lean,RS Puram,Silk Saree,Premium,Online,5,7,70540.99,16929.83
FY2025-26,2025,6,June,Lean,RS Puram,Silk Saree,Premium,Walk-in,48,59,694937.8,166785.08
FY2025-26,2025,6,June,Lean,RS Puram,Silk Saree,Premium,WhatsApp Order,5,6,76504.81,18361.16
FY2025-26,2025,7,July,Aadi,Cross Cut Road,Accessories,Value,Exhibition Stall,21,23,7815.99,3595.34
FY2025-26,2025,7,July,Aadi,Cross Cut Road,Accessories,Value,Online,12,16,6028.98,2773.31
FY2025-26,2025,7,July,Aadi,Cross Cut Road,Accessories,Value,Walk-in,64,80,32471.5,14936.89
FY2025-26,2025,7,July,Aadi,Cross Cut Road,Accessories,Value,WhatsApp Order,21,24,10015.22,4606.99
FY2025-26,2025,7,July,Aadi,Cross Cut Road,Cotton Saree,Value,Exhibition Stall,44,66,81385.54,25229.51
FY2025-26,2025,7,July,Aadi,Cross Cut Road,Cotton Saree,Value,Online,17,23,34478.79,10688.42
FY2025-26,2025,7,July,Aadi,Cross Cut Road,Cotton Saree,Value,Walk-in,109,128,182772.13,56659.38
FY2025-26,2025,7,July,Aadi,Cross Cut Road,Cotton Saree,Value,WhatsApp Order,36,38,59048.73,18305.1
FY2025-26,2025,7,July,Aadi,Cross Cut Road,Fancy Saree,Mid,Exhibition Stall,22,23,77689.57,26414.44
FY2025-26,2025,7,July,Aadi,Cross Cut Road,Fancy Saree,Mid,Online,12,16,47685.65,16213.12
FY2025-26,2025,7,July,Aadi,Cross Cut Road,Fancy Saree,Mid,Walk-in,92,106,331878.9,112838.83
FY2025-26,2025,7,July,Aadi,Cross Cut Road,Fancy Saree,Mid,WhatsApp Order,30,37,121477.75,41302.47
FY2025-26,2025,7,July,Aadi,Cross Cut Road,Kids Wear,Value,Exhibition Stall,29,42,32935.98,13503.76
FY2025-26,2025,7,July,Aadi,Cross Cut Road,Kids Wear,Value,Online,9,11,12911.44,5293.7
FY2025-26,2025,7,July,Aadi,Cross Cut Road,Kids Wear,Value,Walk-in,57,62,63203.25,25913.34
FY2025-26,2025,7,July,Aadi,Cross Cut Road,Kids Wear,Value,WhatsApp Order,19,22,21558.02,8838.79
FY2025-26,2025,7,July,Aadi,Cross Cut Road,Readymade,Mid,Exhibition Stall,29,40,82791.95,31460.93
FY2025-26,2025,7,July,Aadi,Cross Cut Road,Readymade,Mid,Online,12,13,31336.62,11907.91
FY2025-26,2025,7,July,Aadi,Cross Cut Road,Readymade,Mid,Walk-in,88,105,230273.31,87503.86
FY2025-26,2025,7,July,Aadi,Cross Cut Road,Readymade,Mid,WhatsApp Order,16,16,37508.39,14253.19
FY2025-26,2025,7,July,Aadi,Cross Cut Road,Silk Saree,Premium,Exhibition Stall,14,18,224020.26,53764.87
FY2025-26,2025,7,July,Aadi,Cross Cut Road,Silk Saree,Premium,Online,6,6,70044.42,16810.67
FY2025-26,2025,7,July,Aadi,Cross Cut Road,Silk Saree,Premium,Walk-in,32,32,423382.85,101611.87
FY2025-26,2025,7,July,Aadi,Cross Cut Road,Silk Saree,Premium,WhatsApp Order,9,15,200337.02,48080.89
FY2025-26,2025,7,July,Aadi,RS Puram,Accessories,Value,Exhibition Stall,17,17,6237.51,2869.26
FY2025-26,2025,7,July,Aadi,RS Puram,Accessories,Value,Online,8,12,5671.4,2608.84
FY2025-26,2025,7,July,Aadi,RS Puram,Accessories,Value,Walk-in,47,56,22259.1,10239.2
FY2025-26,2025,7,July,Aadi,RS Puram,Accessories,Value,WhatsApp Order,13,15,6736.29,3098.69
FY2025-26,2025,7,July,Aadi,RS Puram,Cotton Saree,Value,Exhibition Stall,27,30,37635.21,11666.9
FY2025-26,2025,7,July,Aadi,RS Puram,Cotton Saree,Value,Online,10,10,14972.85,4641.59
FY2025-26,2025,7,July,Aadi,RS Puram,Cotton Saree,Value,Walk-in,90,106,153133.66,47471.49
FY2025-26,2025,7,July,Aadi,RS Puram,Cotton Saree,Value,WhatsApp Order,23,25,36124.93,11198.72
FY2025-26,2025,7,July,Aadi,RS Puram,Fancy Saree,Mid,Exhibition Stall,16,17,50594.77,17202.22
FY2025-26,2025,7,July,Aadi,RS Puram,Fancy Saree,Mid,Online,6,7,20716.13,7043.5
FY2025-26,2025,7,July,Aadi,RS Puram,Fancy Saree,Mid,Walk-in,48,52,165152.73,56151.9
FY2025-26,2025,7,July,Aadi,RS Puram,Fancy Saree,Mid,WhatsApp Order,19,24,77229.8,26258.15
FY2025-26,2025,7,July,Aadi,RS Puram,Kids Wear,Value,Exhibition Stall,7,8,6522.78,2674.34
FY2025-26,2025,7,July,Aadi,RS Puram,Kids Wear,Value,Online,9,12,11558.76,4739.11
FY2025-26,2025,7,July,Aadi,RS Puram,Kids Wear,Value,Walk-in,31,38,35457.88,14537.75
FY2025-26,2025,7,July,Aadi,RS Puram,Kids Wear,Value,WhatsApp Order,8,12,11594.55,4753.75
FY2025-26,2025,7,July,Aadi,RS Puram,Readymade,Mid,Exhibition Stall,22,24,53746.4,20423.62
FY2025-26,2025,7,July,Aadi,RS Puram,Readymade,Mid,Online,8,8,17757.12,6747.72
FY2025-26,2025,7,July,Aadi,RS Puram,Readymade,Mid,Walk-in,51,66,148244.6,56332.95
FY2025-26,2025,7,July,Aadi,RS Puram,Readymade,Mid,WhatsApp Order,15,19,43168.12,16403.89
FY2025-26,2025,7,July,Aadi,RS Puram,Silk Saree,Premium,Exhibition Stall,10,12,138594.58,33262.7
FY2025-26,2025,7,July,Aadi,RS Puram,Silk Saree,Premium,Online,5,9,117785.13,28268.43
FY2025-26,2025,7,July,Aadi,RS Puram,Silk Saree,Premium,Walk-in,30,38,517594.35,124222.65
FY2025-26,2025,7,July,Aadi,RS Puram,Silk Saree,Premium,WhatsApp Order,12,15,209452.98,50268.73
FY2025-26,2025,8,August,Aadi,Cross Cut Road,Accessories,Value,Exhibition Stall,19,20,8044.07,3700.28
FY2025-26,2025,8,August,Aadi,Cross Cut Road,Accessories,Value,Online,12,16,8206.67,3775.06
FY2025-26,2025,8,August,Aadi,Cross Cut Road,Accessories,Value,Walk-in,58,74,30938.44,14231.73
FY2025-26,2025,8,August,Aadi,Cross Cut Road,Accessories,Value,WhatsApp Order,40,52,20650.97,9499.42
FY2025-26,2025,8,August,Aadi,Cross Cut Road,Cotton Saree,Value,Exhibition Stall,50,58,83142.37,25774.12
FY2025-26,2025,8,August,Aadi,Cross Cut Road,Cotton Saree,Value,Online,16,19,30175.35,9354.36
FY2025-26,2025,8,August,Aadi,Cross Cut Road,Cotton Saree,Value,Walk-in,109,139,201947.81,62603.81
FY2025-26,2025,8,August,Aadi,Cross Cut Road,Cotton Saree,Value,WhatsApp Order,30,36,55210.32,17115.2
FY2025-26,2025,8,August,Aadi,Cross Cut Road,Fancy Saree,Mid,Exhibition Stall,41,50,141461.25,48096.85
FY2025-26,2025,8,August,Aadi,Cross Cut Road,Fancy Saree,Mid,Online,14,18,58781.22,19985.63
FY2025-26,2025,8,August,Aadi,Cross Cut Road,Fancy Saree,Mid,Walk-in,100,127,410721.06,139645.16
FY2025-26,2025,8,August,Aadi,Cross Cut Road,Fancy Saree,Mid,WhatsApp Order,43,50,150746.34,51253.76
FY2025-26,2025,8,August,Aadi,Cross Cut Road,Kids Wear,Value,Exhibition Stall,18,18,16036.1,6574.81
FY2025-26,2025,8,August,Aadi,Cross Cut Road,Kids Wear,Value,Online,5,5,4773.92,1957.31
FY2025-26,2025,8,August,Aadi,Cross Cut Road,Kids Wear,Value,Walk-in,51,60,61347.16,25152.33
FY2025-26,2025,8,August,Aadi,Cross Cut Road,Kids Wear,Value,WhatsApp Order,18,20,20262.4,8307.6
FY2025-26,2025,8,August,Aadi,Cross Cut Road,Readymade,Mid,Exhibition Stall,30,39,75190.55,28572.42
FY2025-26,2025,8,August,Aadi,Cross Cut Road,Readymade,Mid,Online,16,21,49087.04,18653.07
FY2025-26,2025,8,August,Aadi,Cross Cut Road,Readymade,Mid,Walk-in,93,114,267385.18,101606.36
FY2025-26,2025,8,August,Aadi,Cross Cut Road,Readymade,Mid,WhatsApp Order,32,41,104967.7,39887.72
FY2025-26,2025,8,August,Aadi,Cross Cut Road,Silk Saree,Premium,Exhibition Stall,17,23,245024.42,58805.88
FY2025-26,2025,8,August,Aadi,Cross Cut Road,Silk Saree,Premium,Online,9,11,119563.13,28695.16
FY2025-26,2025,8,August,Aadi,Cross Cut Road,Silk Saree,Premium,Walk-in,42,54,713380.63,171211.37
FY2025-26,2025,8,August,Aadi,Cross Cut Road,Silk Saree,Premium,WhatsApp Order,18,24,311617.79,74788.27
FY2025-26,2025,8,August,Aadi,RS Puram,Accessories,Value,Exhibition Stall,11,15,7817.09,3595.83
FY2025-26,2025,8,August,Aadi,RS Puram,Accessories,Value,Online,9,14,5829.58,2681.61
FY2025-26,2025,8,August,Aadi,RS Puram,Accessories,Value,Walk-in,43,49,21382.78,9836.06
FY2025-26,2025,8,August,Aadi,RS Puram,Accessories,Value,WhatsApp Order,19,22,9871.04,4540.67
FY2025-26,2025,8,August,Aadi,RS Puram,Cotton Saree,Value,Exhibition Stall,39,50,66444.54,20597.8
FY2025-26,2025,8,August,Aadi,RS Puram,Cotton Saree,Value,Online,19,21,30912.15,9582.76
FY2025-26,2025,8,August,Aadi,RS Puram,Cotton Saree,Value,Walk-in,85,106,154977.22,48042.91
FY2025-26,2025,8,August,Aadi,RS Puram,Cotton Saree,Value,WhatsApp Order,22,26,36940.74,11451.65
FY2025-26,2025,8,August,Aadi,RS Puram,Fancy Saree,Mid,Exhibition Stall,21,30,92316.32,31387.55
FY2025-26,2025,8,August,Aadi,RS Puram,Fancy Saree,Mid,Online,10,15,40705.05,13839.72
FY2025-26,2025,8,August,Aadi,RS Puram,Fancy Saree,Mid,Walk-in,65,72,221714.06,75382.82
FY2025-26,2025,8,August,Aadi,RS Puram,Fancy Saree,Mid,WhatsApp Order,23,25,77703.59,26419.26
FY2025-26,2025,8,August,Aadi,RS Puram,Kids Wear,Value,Exhibition Stall,16,18,14644.99,6004.44
FY2025-26,2025,8,August,Aadi,RS Puram,Kids Wear,Value,Online,5,7,7393.06,3031.16
FY2025-26,2025,8,August,Aadi,RS Puram,Kids Wear,Value,Walk-in,36,47,44196.69,18120.6
FY2025-26,2025,8,August,Aadi,RS Puram,Kids Wear,Value,WhatsApp Order,13,13,12426.46,5094.85
FY2025-26,2025,8,August,Aadi,RS Puram,Readymade,Mid,Exhibition Stall,29,33,70373.89,26742.05
FY2025-26,2025,8,August,Aadi,RS Puram,Readymade,Mid,Online,10,13,24224.56,9205.34
FY2025-26,2025,8,August,Aadi,RS Puram,Readymade,Mid,Walk-in,52,64,143954.1,54702.56
FY2025-26,2025,8,August,Aadi,RS Puram,Readymade,Mid,WhatsApp Order,13,17,39272.88,14923.71
FY2025-26,2025,8,August,Aadi,RS Puram,Silk Saree,Premium,Exhibition Stall,12,14,182521.55,43805.15
FY2025-26,2025,8,August,Aadi,RS Puram,Silk Saree,Premium,Online,9,12,146027.65,35046.64
FY2025-26,2025,8,August,Aadi,RS Puram,Silk Saree,Premium,Walk-in,29,38,493081.29,118339.51
FY2025-26,2025,8,August,Aadi,RS Puram,Silk Saree,Premium,WhatsApp Order,1,1,13443.88,3226.53
FY2025-26,2025,9,September,Pre-festive,Cross Cut Road,Accessories,Value,Exhibition Stall,39,52,23288.65,10712.81
FY2025-26,2025,9,September,Pre-festive,Cross Cut Road,Accessories,Value,Online,22,22,9286.57,4271.82
FY2025-26,2025,9,September,Pre-festive,Cross Cut Road,Accessories,Value,Walk-in,127,158,70564.19,32459.54
FY2025-26,2025,9,September,Pre-festive,Cross Cut Road,Accessories,Value,WhatsApp Order,31,35,16157.47,7432.43
FY2025-26,2025,9,September,Pre-festive,Cross Cut Road,Cotton Saree,Value,Exhibition Stall,64,72,98592.51,30563.68
FY2025-26,2025,9,September,Pre-festive,Cross Cut Road,Cotton Saree,Value,Online,23,29,42406.03,13145.89
FY2025-26,2025,9,September,Pre-festive,Cross Cut Road,Cotton Saree,Value,Walk-in,161,200,285544.42,88518.83
FY2025-26,2025,9,September,Pre-festive,Cross Cut Road,Cotton Saree,Value,WhatsApp Order,45,49,75624.12,23443.49
FY2025-26,2025,9,September,Pre-festive,Cross Cut Road,Fancy Saree,Mid,Exhibition Stall,57,68,200269.19,68091.51
FY2025-26,2025,9,September,Pre-festive,Cross Cut Road,Fancy Saree,Mid,Online,21,23,68868.07,23415.14
FY2025-26,2025,9,September,Pre-festive,Cross Cut Road,Fancy Saree,Mid,Walk-in,153,183,575805.54,195773.81
FY2025-26,2025,9,September,Pre-festive,Cross Cut Road,Fancy Saree,Mid,WhatsApp Order,40,47,156094.2,53072.05
FY2025-26,2025,9,September,Pre-festive,Cross Cut Road,Kids Wear,Value,Exhibition Stall,23,26,21196.99,8690.78
FY2025-26,2025,9,September,Pre-festive,Cross Cut Road,Kids Wear,Value,Online,10,12,11397.43,4672.93
FY2025-26,2025,9,September,Pre-festive,Cross Cut Road,Kids Wear,Value,Walk-in,91,116,114658.61,47010.04
FY2025-26,2025,9,September,Pre-festive,Cross Cut Road,Kids Wear,Value,WhatsApp Order,33,38,38291.62,15699.56
FY2025-26,2025,9,September,Pre-festive,Cross Cut Road,Readymade,Mid,Exhibition Stall,45,57,129387.73,49167.33
FY2025-26,2025,9,September,Pre-festive,Cross Cut Road,Readymade,Mid,Online,22,31,65598.18,24927.29
FY2025-26,2025,9,September,Pre-festive,Cross Cut Road,Readymade,Mid,Walk-in,119,135,301953.45,114742.41
FY2025-26,2025,9,September,Pre-festive,Cross Cut Road,Readymade,Mid,WhatsApp Order,38,52,105553.92,40110.5
FY2025-26,2025,9,September,Pre-festive,Cross Cut Road,Silk Saree,Premium,Exhibition Stall,22,25,309097.66,74183.45
FY2025-26,2025,9,September,Pre-festive,Cross Cut Road,Silk Saree,Premium,Online,13,16,199843.46,47962.42
FY2025-26,2025,9,September,Pre-festive,Cross Cut Road,Silk Saree,Premium,Walk-in,66,82,1078013.38,258723.2
FY2025-26,2025,9,September,Pre-festive,Cross Cut Road,Silk Saree,Premium,WhatsApp Order,8,10,121279.3,29107.02
FY2025-26,2025,9,September,Pre-festive,RS Puram,Accessories,Value,Exhibition Stall,33,40,15526.95,7142.4
FY2025-26,2025,9,September,Pre-festive,RS Puram,Accessories,Value,Online,9,10,4287.2,1972.11
FY2025-26,2025,9,September,Pre-festive,RS Puram,Accessories,Value,Walk-in,71,82,36084.6,16598.92
FY2025-26,2025,9,September,Pre-festive,RS Puram,Accessories,Value,WhatsApp Order,23,29,13211.34,6077.22
FY2025-26,2025,9,September,Pre-festive,RS Puram,Cotton Saree,Value,Exhibition Stall,45,52,72357.87,22430.93
FY2025-26,2025,9,September,Pre-festive,RS Puram,Cotton Saree,Value,Online,21,21,33757.0,10464.68
FY2025-26,2025,9,September,Pre-festive,RS Puram,Cotton Saree,Value,Walk-in,125,142,210590.86,65283.21
FY2025-26,2025,9,September,Pre-festive,RS Puram,Cotton Saree,Value,WhatsApp Order,38,47,68789.46,21324.74
FY2025-26,2025,9,September,Pre-festive,RS Puram,Fancy Saree,Mid,Exhibition Stall,35,41,124323.52,42270.0
FY2025-26,2025,9,September,Pre-festive,RS Puram,Fancy Saree,Mid,Online,10,12,42205.53,14349.88
FY2025-26,2025,9,September,Pre-festive,RS Puram,Fancy Saree,Mid,Walk-in,108,149,507447.0,172531.97
FY2025-26,2025,9,September,Pre-festive,RS Puram,Fancy Saree,Mid,WhatsApp Order,40,49,147785.57,50247.09
FY2025-26,2025,9,September,Pre-festive,RS Puram,Kids Wear,Value,Exhibition Stall,23,36,32140.92,13177.79
FY2025-26,2025,9,September,Pre-festive,RS Puram,Kids Wear,Value,Online,8,8,7804.05,3199.66
FY2025-26,2025,9,September,Pre-festive,RS Puram,Kids Wear,Value,Walk-in,48,58,54094.9,22178.91
FY2025-26,2025,9,September,Pre-festive,RS Puram,Kids Wear,Value,WhatsApp Order,13,14,13766.7,5644.35
FY2025-26,2025,9,September,Pre-festive,RS Puram,Readymade,Mid,Exhibition Stall,28,35,72012.46,27364.72
FY2025-26,2025,9,September,Pre-festive,RS Puram,Readymade,Mid,Online,17,19,47619.8,18095.53
FY2025-26,2025,9,September,Pre-festive,RS Puram,Readymade,Mid,Walk-in,80,98,219214.25,83301.41
FY2025-26,2025,9,September,Pre-festive,RS Puram,Readymade,Mid,WhatsApp Order,28,38,89188.57,33891.66
FY2025-26,2025,9,September,Pre-festive,RS Puram,Silk Saree,Premium,Exhibition Stall,24,32,398997.58,95759.43
FY2025-26,2025,9,September,Pre-festive,RS Puram,Silk Saree,Premium,Online,10,14,182441.02,43785.84
FY2025-26,2025,9,September,Pre-festive,RS Puram,Silk Saree,Premium,Walk-in,50,60,769773.49,184745.63
FY2025-26,2025,9,September,Pre-festive,RS Puram,Silk Saree,Premium,WhatsApp Order,11,13,173584.6,41660.3
FY2025-26,2025,10,October,Deepavali,Cross Cut Road,Accessories,Value,Exhibition Stall,69,90,33502.58,15411.13
FY2025-26,2025,10,October,Deepavali,Cross Cut Road,Accessories,Value,Online,18,22,9936.42,4570.76
FY2025-26,2025,10,October,Deepavali,Cross Cut Road,Accessories,Value,Walk-in,198,232,92840.93,42706.87
FY2025-26,2025,10,October,Deepavali,Cross Cut Road,Accessories,Value,WhatsApp Order,57,67,23851.0,10971.46
FY2025-26,2025,10,October,Deepavali,Cross Cut Road,Cotton Saree,Value,Exhibition Stall,106,127,172060.26,53338.69
FY2025-26,2025,10,October,Deepavali,Cross Cut Road,Cotton Saree,Value,Online,34,43,61662.45,19115.38
FY2025-26,2025,10,October,Deepavali,Cross Cut Road,Cotton Saree,Value,Walk-in,307,372,518080.56,160605.05
FY2025-26,2025,10,October,Deepavali,Cross Cut Road,Cotton Saree,Value,WhatsApp Order,97,125,177992.78,55177.77
FY2025-26,2025,10,October,Deepavali,Cross Cut Road,Fancy Saree,Mid,Exhibition Stall,111,134,398021.19,135327.19
FY2025-26,2025,10,October,Deepavali,Cross Cut Road,Fancy Saree,Mid,Online,36,43,123631.61,42034.74
FY2025-26,2025,10,October,Deepavali,Cross Cut Road,Fancy Saree,Mid,Walk-in,306,360,1075607.54,365706.62
FY2025-26,2025,10,October,Deepavali,Cross Cut Road,Fancy Saree,Mid,WhatsApp Order,106,121,382438.01,130028.92
FY2025-26,2025,10,October,Deepavali,Cross Cut Road,Kids Wear,Value,Exhibition Stall,57,71,69907.9,28662.24
FY2025-26,2025,10,October,Deepavali,Cross Cut Road,Kids Wear,Value,Online,25,32,32973.51,13519.14
FY2025-26,2025,10,October,Deepavali,Cross Cut Road,Kids Wear,Value,Walk-in,150,186,175733.86,72050.9
FY2025-26,2025,10,October,Deepavali,Cross Cut Road,Kids Wear,Value,WhatsApp Order,42,53,51261.65,21017.28
FY2025-26,2025,10,October,Deepavali,Cross Cut Road,Readymade,Mid,Exhibition Stall,70,89,181359.38,68916.57
FY2025-26,2025,10,October,Deepavali,Cross Cut Road,Readymade,Mid,Online,40,48,115236.41,43789.84
FY2025-26,2025,10,October,Deepavali,Cross Cut Road,Readymade,Mid,Walk-in,226,277,617199.65,234535.87
FY2025-26,2025,10,October,Deepavali,Cross Cut Road,Readymade,Mid,WhatsApp Order,60,75,153798.39,58443.38
FY2025-26,2025,10,October,Deepavali,Cross Cut Road,Silk Saree,Premium,Exhibition Stall,47,51,599212.44,143810.96
FY2025-26,2025,10,October,Deepavali,Cross Cut Road,Silk Saree,Premium,Online,15,16,190662.8,45759.08
FY2025-26,2025,10,October,Deepavali,Cross Cut Road,Silk Saree,Premium,Walk-in,126,170,2092837.9,502281.08
FY2025-26,2025,10,October,Deepavali,Cross Cut Road,Silk Saree,Premium,WhatsApp Order,37,45,556979.17,133675.02
FY2025-26,2025,10,October,Deepavali,RS Puram,Accessories,Value,Exhibition Stall,45,51,20472.78,9417.45
FY2025-26,2025,10,October,Deepavali,RS Puram,Accessories,Value,Online,16,16,7782.11,3579.74
FY2025-26,2025,10,October,Deepavali,RS Puram,Accessories,Value,Walk-in,107,125,53352.18,24541.98
FY2025-26,2025,10,October,Deepavali,RS Puram,Accessories,Value,WhatsApp Order,40,50,20913.97,9620.46
FY2025-26,2025,10,October,Deepavali,RS Puram,Cotton Saree,Value,Exhibition Stall,77,100,136927.94,42447.69
FY2025-26,2025,10,October,Deepavali,RS Puram,Cotton Saree,Value,Online,30,41,55382.22,17168.51
FY2025-26,2025,10,October,Deepavali,RS Puram,Cotton Saree,Value,Walk-in,210,256,362509.38,112377.92
FY2025-26,2025,10,October,Deepavali,RS Puram,Cotton Saree,Value,WhatsApp Order,54,66,88421.67,27410.71
FY2025-26,2025,10,October,Deepavali,RS Puram,Fancy Saree,Mid,Exhibition Stall,76,99,301717.56,102584.0
FY2025-26,2025,10,October,Deepavali,RS Puram,Fancy Saree,Mid,Online,27,35,103806.99,35294.38
FY2025-26,2025,10,October,Deepavali,RS Puram,Fancy Saree,Mid,Walk-in,173,213,650568.39,221193.26
FY2025-26,2025,10,October,Deepavali,RS Puram,Fancy Saree,Mid,WhatsApp Order,61,71,205947.7,70022.24
FY2025-26,2025,10,October,Deepavali,RS Puram,Kids Wear,Value,Exhibition Stall,37,55,53560.4,21959.73
FY2025-26,2025,10,October,Deepavali,RS Puram,Kids Wear,Value,Online,20,24,22245.84,9120.8
FY2025-26,2025,10,October,Deepavali,RS Puram,Kids Wear,Value,Walk-in,95,111,101559.64,41639.48
FY2025-26,2025,10,October,Deepavali,RS Puram,Kids Wear,Value,WhatsApp Order,33,45,41465.92,17001.02
FY2025-26,2025,10,October,Deepavali,RS Puram,Readymade,Mid,Exhibition Stall,40,44,90890.23,34538.29
FY2025-26,2025,10,October,Deepavali,RS Puram,Readymade,Mid,Online,17,22,48751.32,18525.49
FY2025-26,2025,10,October,Deepavali,RS Puram,Readymade,Mid,Walk-in,136,158,355864.31,135228.47
FY2025-26,2025,10,October,Deepavali,RS Puram,Readymade,Mid,WhatsApp Order,42,48,100233.01,38088.53
FY2025-26,2025,10,October,Deepavali,RS Puram,Silk Saree,Premium,Exhibition Stall,25,30,338603.82,81264.93
FY2025-26,2025,10,October,Deepavali,RS Puram,Silk Saree,Premium,Online,13,15,208294.16,49990.59
FY2025-26,2025,10,October,Deepavali,RS Puram,Silk Saree,Premium,Walk-in,80,99,1189295.1,285430.8
FY2025-26,2025,10,October,Deepavali,RS Puram,Silk Saree,Premium,WhatsApp Order,30,39,445570.05,106936.81
FY2025-26,2025,11,November,Deepavali,Cross Cut Road,Accessories,Value,Exhibition Stall,71,88,35665.88,16406.31
FY2025-26,2025,11,November,Deepavali,Cross Cut Road,Accessories,Value,Online,31,35,15379.26,7074.44
FY2025-26,2025,11,November,Deepavali,Cross Cut Road,Accessories,Value,Walk-in,145,174,72683.48,33434.41
FY2025-26,2025,11,November,Deepavali,Cross Cut Road,Accessories,Value,WhatsApp Order,43,49,20012.45,9205.75
FY2025-26,2025,11,November,Deepavali,Cross Cut Road,Cotton Saree,Value,Exhibition Stall,92,107,141389.56,43830.73
FY2025-26,2025,11,November,Deepavali,Cross Cut Road,Cotton Saree,Value,Online,33,41,58003.26,17980.98
FY2025-26,2025,11,November,Deepavali,Cross Cut Road,Cotton Saree,Value,Walk-in,253,310,418100.73,129611.27
FY2025-26,2025,11,November,Deepavali,Cross Cut Road,Cotton Saree,Value,WhatsApp Order,76,92,126033.26,39070.36
FY2025-26,2025,11,November,Deepavali,Cross Cut Road,Fancy Saree,Mid,Exhibition Stall,108,123,381748.2,129794.41
FY2025-26,2025,11,November,Deepavali,Cross Cut Road,Fancy Saree,Mid,Online,37,43,131680.16,44771.26
FY2025-26,2025,11,November,Deepavali,Cross Cut Road,Fancy Saree,Mid,Walk-in,268,319,991698.29,337177.45
FY2025-26,2025,11,November,Deepavali,Cross Cut Road,Fancy Saree,Mid,WhatsApp Order,69,79,237118.27,80620.23
FY2025-26,2025,11,November,Deepavali,Cross Cut Road,Kids Wear,Value,Exhibition Stall,40,48,45423.14,18623.46
FY2025-26,2025,11,November,Deepavali,Cross Cut Road,Kids Wear,Value,Online,18,21,21929.92,8991.28
FY2025-26,2025,11,November,Deepavali,Cross Cut Road,Kids Wear,Value,Walk-in,122,143,132419.37,54291.95
FY2025-26,2025,11,November,Deepavali,Cross Cut Road,Kids Wear,Value,WhatsApp Order,34,42,37859.57,15522.41
FY2025-26,2025,11,November,Deepavali,Cross Cut Road,Readymade,Mid,Exhibition Stall,69,84,169280.16,64326.46
FY2025-26,2025,11,November,Deepavali,Cross Cut Road,Readymade,Mid,Online,24,26,56784.55,21578.12
FY2025-26,2025,11,November,Deepavali,Cross Cut Road,Readymade,Mid,Walk-in,168,206,454825.38,172833.65
FY2025-26,2025,11,November,Deepavali,Cross Cut Road,Readymade,Mid,WhatsApp Order,56,62,126366.45,48019.24
FY2025-26,2025,11,November,Deepavali,Cross Cut Road,Silk Saree,Premium,Exhibition Stall,37,45,557515.21,133803.64
FY2025-26,2025,11,November,Deepavali,Cross Cut Road,Silk Saree,Premium,Online,16,17,215160.49,51638.53
FY2025-26,2025,11,November,Deepavali,Cross Cut Road,Silk Saree,Premium,Walk-in,119,132,1617910.17,388298.42
FY2025-26,2025,11,November,Deepavali,Cross Cut Road,Silk Saree,Premium,WhatsApp Order,30,34,403847.14,96923.3
FY2025-26,2025,11,November,Deepavali,RS Puram,Accessories,Value,Exhibition Stall,41,48,18207.33,8375.38
FY2025-26,2025,11,November,Deepavali,RS Puram,Accessories,Value,Online,16,17,6889.43,3169.11
FY2025-26,2025,11,November,Deepavali,RS Puram,Accessories,Value,Walk-in,102,130,55949.53,25736.76
FY2025-26,2025,11,November,Deepavali,RS Puram,Accessories,Value,WhatsApp Order,43,59,24868.67,11439.58
FY2025-26,2025,11,November,Deepavali,RS Puram,Cotton Saree,Value,Exhibition Stall,72,92,118768.86,36818.36
FY2025-26,2025,11,November,Deepavali,RS Puram,Cotton Saree,Value,Online,35,45,60099.68,18630.9
FY2025-26,2025,11,November,Deepavali,RS Puram,Cotton Saree,Value,Walk-in,174,211,298385.69,92499.5
FY2025-26,2025,11,November,Deepavali,RS Puram,Cotton Saree,Value,WhatsApp Order,54,68,96649.74,29961.42
FY2025-26,2025,11,November,Deepavali,RS Puram,Fancy Saree,Mid,Exhibition Stall,64,78,235929.87,80216.17
FY2025-26,2025,11,November,Deepavali,RS Puram,Fancy Saree,Mid,Online,19,21,65312.02,22206.08
FY2025-26,2025,11,November,Deepavali,RS Puram,Fancy Saree,Mid,Walk-in,159,202,625555.03,212688.71
FY2025-26,2025,11,November,Deepavali,RS Puram,Fancy Saree,Mid,WhatsApp Order,71,83,256419.8,87182.72
FY2025-26,2025,11,November,Deepavali,RS Puram,Kids Wear,Value,Exhibition Stall,25,27,23553.15,9656.77
FY2025-26,2025,11,November,Deepavali,RS Puram,Kids Wear,Value,Online,7,7,7210.6,2956.35
FY2025-26,2025,11,November,Deepavali,RS Puram,Kids Wear,Value,Walk-in,77,97,94056.35,38563.08
FY2025-26,2025,11,November,Deepavali,RS Puram,Kids Wear,Value,WhatsApp Order,26,34,33005.16,13532.12
FY2025-26,2025,11,November,Deepavali,RS Puram,Readymade,Mid,Exhibition Stall,33,39,73050.92,27759.35
FY2025-26,2025,11,November,Deepavali,RS Puram,Readymade,Mid,Online,14,18,42341.42,16089.74
FY2025-26,2025,11,November,Deepavali,RS Puram,Readymade,Mid,Walk-in,114,136,294680.32,111978.48
FY2025-26,2025,11,November,Deepavali,RS Puram,Readymade,Mid,WhatsApp Order,35,38,93057.77,35361.94
FY2025-26,2025,11,November,Deepavali,RS Puram,Silk Saree,Premium,Exhibition Stall,25,29,318793.94,76510.55
FY2025-26,2025,11,November,Deepavali,RS Puram,Silk Saree,Premium,Online,18,25,306860.72,73646.58
FY2025-26,2025,11,November,Deepavali,RS Puram,Silk Saree,Premium,Walk-in,79,90,1140876.06,273810.27
FY2025-26,2025,11,November,Deepavali,RS Puram,Silk Saree,Premium,WhatsApp Order,32,40,511666.84,122800.03
FY2025-26,2025,12,December,Year-end,Cross Cut Road,Accessories,Value,Exhibition Stall,53,60,24757.39,11388.4
FY2025-26,2025,12,December,Year-end,Cross Cut Road,Accessories,Value,Online,15,23,8155.35,3751.47
FY2025-26,2025,12,December,Year-end,Cross Cut Road,Accessories,Value,Walk-in,100,116,50886.87,23407.92
FY2025-26,2025,12,December,Year-end,Cross Cut Road,Accessories,Value,WhatsApp Order,41,51,22088.68,10160.78
FY2025-26,2025,12,December,Year-end,Cross Cut Road,Cotton Saree,Value,Exhibition Stall,59,75,112821.67,34974.72
FY2025-26,2025,12,December,Year-end,Cross Cut Road,Cotton Saree,Value,Online,21,27,43726.05,13555.1
FY2025-26,2025,12,December,Year-end,Cross Cut Road,Cotton Saree,Value,Walk-in,170,202,294724.45,91364.63
FY2025-26,2025,12,December,Year-end,Cross Cut Road,Cotton Saree,Value,WhatsApp Order,44,51,76996.27,23868.85
FY2025-26,2025,12,December,Year-end,Cross Cut Road,Fancy Saree,Mid,Exhibition Stall,50,63,193551.22,65807.43
FY2025-26,2025,12,December,Year-end,Cross Cut Road,Fancy Saree,Mid,Online,24,30,91713.97,31182.76
FY2025-26,2025,12,December,Year-end,Cross Cut Road,Fancy Saree,Mid,Walk-in,181,217,683103.1,232255.08
FY2025-26,2025,12,December,Year-end,Cross Cut Road,Fancy Saree,Mid,WhatsApp Order,53,70,243177.45,82680.34
FY2025-26,2025,12,December,Year-end,Cross Cut Road,Kids Wear,Value,Exhibition Stall,36,49,44485.42,18239.01
FY2025-26,2025,12,December,Year-end,Cross Cut Road,Kids Wear,Value,Online,13,15,14037.47,5755.36
FY2025-26,2025,12,December,Year-end,Cross Cut Road,Kids Wear,Value,Walk-in,80,98,92147.07,37780.27
FY2025-26,2025,12,December,Year-end,Cross Cut Road,Kids Wear,Value,WhatsApp Order,32,34,33778.88,13849.34
FY2025-26,2025,12,December,Year-end,Cross Cut Road,Readymade,Mid,Exhibition Stall,44,51,109956.65,41783.52
FY2025-26,2025,12,December,Year-end,Cross Cut Road,Readymade,Mid,Online,21,28,66690.55,25342.39
FY2025-26,2025,12,December,Year-end,Cross Cut Road,Readymade,Mid,Walk-in,141,166,380767.91,144691.81
FY2025-26,2025,12,December,Year-end,Cross Cut Road,Readymade,Mid,WhatsApp Order,56,66,149128.29,56668.74
FY2025-26,2025,12,December,Year-end,Cross Cut Road,Silk Saree,Premium,Exhibition Stall,34,41,524198.22,125807.57
FY2025-26,2025,12,December,Year-end,Cross Cut Road,Silk Saree,Premium,Online,13,19,222174.62,53321.9
FY2025-26,2025,12,December,Year-end,Cross Cut Road,Silk Saree,Premium,Walk-in,69,87,1125553.89,270132.93
FY2025-26,2025,12,December,Year-end,Cross Cut Road,Silk Saree,Premium,WhatsApp Order,25,28,384142.24,92194.13
FY2025-26,2025,12,December,Year-end,RS Puram,Accessories,Value,Exhibition Stall,30,35,14798.46,6807.3
FY2025-26,2025,12,December,Year-end,RS Puram,Accessories,Value,Online,18,18,7406.23,3406.87
FY2025-26,2025,12,December,Year-end,RS Puram,Accessories,Value,Walk-in,77,93,40373.83,18571.99
FY2025-26,2025,12,December,Year-end,RS Puram,Accessories,Value,WhatsApp Order,26,27,11036.46,5076.78
FY2025-26,2025,12,December,Year-end,RS Puram,Cotton Saree,Value,Exhibition Stall,44,54,69300.38,21483.13
FY2025-26,2025,12,December,Year-end,RS Puram,Cotton Saree,Value,Online,17,20,31072.96,9632.6
FY2025-26,2025,12,December,Year-end,RS Puram,Cotton Saree,Value,Walk-in,144,172,252654.01,78322.75
FY2025-26,2025,12,December,Year-end,RS Puram,Cotton Saree,Value,WhatsApp Order,46,56,74135.19,22981.93
FY2025-26,2025,12,December,Year-end,RS Puram,Fancy Saree,Mid,Exhibition Stall,39,46,134142.97,45608.62
FY2025-26,2025,12,December,Year-end,RS Puram,Fancy Saree,Mid,Online,18,20,57317.02,19487.8
FY2025-26,2025,12,December,Year-end,RS Puram,Fancy Saree,Mid,Walk-in,103,113,379077.45,128886.36
FY2025-26,2025,12,December,Year-end,RS Puram,Fancy Saree,Mid,WhatsApp Order,35,45,136528.96,46419.83
FY2025-26,2025,12,December,Year-end,RS Puram,Kids Wear,Value,Exhibition Stall,13,14,14287.69,5857.95
FY2025-26,2025,12,December,Year-end,RS Puram,Kids Wear,Value,Online,8,10,11531.4,4727.88
FY2025-26,2025,12,December,Year-end,RS Puram,Kids Wear,Value,Walk-in,53,60,61841.84,25355.17
FY2025-26,2025,12,December,Year-end,RS Puram,Kids Wear,Value,WhatsApp Order,18,29,26262.25,10767.54
FY2025-26,2025,12,December,Year-end,RS Puram,Readymade,Mid,Exhibition Stall,38,45,91245.9,34673.46
FY2025-26,2025,12,December,Year-end,RS Puram,Readymade,Mid,Online,11,13,31388.07,11927.46
FY2025-26,2025,12,December,Year-end,RS Puram,Readymade,Mid,Walk-in,93,107,240588.12,91423.48
FY2025-26,2025,12,December,Year-end,RS Puram,Readymade,Mid,WhatsApp Order,27,35,85970.44,32668.75
FY2025-26,2025,12,December,Year-end,RS Puram,Silk Saree,Premium,Exhibition Stall,20,21,262975.53,63114.14
FY2025-26,2025,12,December,Year-end,RS Puram,Silk Saree,Premium,Online,2,4,47209.18,11330.2
FY2025-26,2025,12,December,Year-end,RS Puram,Silk Saree,Premium,Walk-in,42,49,650992.41,156238.17
FY2025-26,2025,12,December,Year-end,RS Puram,Silk Saree,Premium,WhatsApp Order,11,16,190456.74,45709.61
FY2025-26,2026,1,January,Pongal,Cross Cut Road,Accessories,Value,Exhibition Stall,65,73,25273.74,11625.89
FY2025-26,2026,1,January,Pongal,Cross Cut Road,Accessories,Value,Online,29,39,17657.74,8122.56
FY2025-26,2026,1,January,Pongal,Cross Cut Road,Accessories,Value,Walk-in,169,196,88822.99,40858.53
FY2025-26,2026,1,January,Pongal,Cross Cut Road,Accessories,Value,WhatsApp Order,42,53,21594.43,9933.46
FY2025-26,2026,1,January,Pongal,Cross Cut Road,Cotton Saree,Value,Exhibition Stall,109,130,179613.31,55680.1
FY2025-26,2026,1,January,Pongal,Cross Cut Road,Cotton Saree,Value,Online,38,43,62784.42,19463.19
FY2025-26,2026,1,January,Pongal,Cross Cut Road,Cotton Saree,Value,Walk-in,256,314,452597.47,140305.29
FY2025-26,2026,1,January,Pongal,Cross Cut Road,Cotton Saree,Value,WhatsApp Order,82,101,152571.68,47297.22
FY2025-26,2026,1,January,Pongal,Cross Cut Road,Fancy Saree,Mid,Exhibition Stall,89,108,321329.08,109251.95
FY2025-26,2026,1,January,Pongal,Cross Cut Road,Fancy Saree,Mid,Online,24,28,93251.42,31705.47
FY2025-26,2026,1,January,Pongal,Cross Cut Road,Fancy Saree,Mid,Walk-in,222,285,923238.85,313901.18
FY2025-26,2026,1,January,Pongal,Cross Cut Road,Fancy Saree,Mid,WhatsApp Order,63,74,238458.04,81075.74
FY2025-26,2026,1,January,Pongal,Cross Cut Road,Kids Wear,Value,Exhibition Stall,39,53,48420.36,19852.32
FY2025-26,2026,1,January,Pongal,Cross Cut Road,Kids Wear,Value,Online,11,12,11409.17,4677.76
FY2025-26,2026,1,January,Pongal,Cross Cut Road,Kids Wear,Value,Walk-in,100,118,114520.23,46953.3
FY2025-26,2026,1,January,Pongal,Cross Cut Road,Kids Wear,Value,WhatsApp Order,42,45,44143.88,18098.96
FY2025-26,2026,1,January,Pongal,Cross Cut Road,Readymade,Mid,Exhibition Stall,66,91,192470.99,73138.99
FY2025-26,2026,1,January,Pongal,Cross Cut Road,Readymade,Mid,Online,20,26,68246.29,25933.59
FY2025-26,2026,1,January,Pongal,Cross Cut Road,Readymade,Mid,Walk-in,196,234,522582.67,198581.4
FY2025-26,2026,1,January,Pongal,Cross Cut Road,Readymade,Mid,WhatsApp Order,48,60,136126.96,51728.24
FY2025-26,2026,1,January,Pongal,Cross Cut Road,Silk Saree,Premium,Exhibition Stall,34,40,529017.2,126964.16
FY2025-26,2026,1,January,Pongal,Cross Cut Road,Silk Saree,Premium,Online,11,12,148493.96,35638.56
FY2025-26,2026,1,January,Pongal,Cross Cut Road,Silk Saree,Premium,Walk-in,98,114,1417297.27,340151.38
FY2025-26,2026,1,January,Pongal,Cross Cut Road,Silk Saree,Premium,WhatsApp Order,31,36,437315.34,104955.69
FY2025-26,2026,1,January,Pongal,RS Puram,Accessories,Value,Exhibition Stall,35,40,17341.72,7977.19
FY2025-26,2026,1,January,Pongal,RS Puram,Accessories,Value,Online,10,12,4880.22,2244.91
FY2025-26,2026,1,January,Pongal,RS Puram,Accessories,Value,Walk-in,134,158,70433.12,32399.21
FY2025-26,2026,1,January,Pongal,RS Puram,Accessories,Value,WhatsApp Order,29,32,12759.1,5869.19
FY2025-26,2026,1,January,Pongal,RS Puram,Cotton Saree,Value,Exhibition Stall,67,72,101132.22,31350.99
FY2025-26,2026,1,January,Pongal,RS Puram,Cotton Saree,Value,Online,29,33,49283.23,15277.82
FY2025-26,2026,1,January,Pongal,RS Puram,Cotton Saree,Value,Walk-in,180,214,309411.16,95917.49
FY2025-26,2026,1,January,Pongal,RS Puram,Cotton Saree,Value,WhatsApp Order,52,61,94197.03,29201.12
FY2025-26,2026,1,January,Pongal,RS Puram,Fancy Saree,Mid,Exhibition Stall,49,55,170272.73,57892.7
FY2025-26,2026,1,January,Pongal,RS Puram,Fancy Saree,Mid,Online,19,26,83446.29,28371.76
FY2025-26,2026,1,January,Pongal,RS Puram,Fancy Saree,Mid,Walk-in,155,194,621851.43,211429.43
FY2025-26,2026,1,January,Pongal,RS Puram,Fancy Saree,Mid,WhatsApp Order,49,60,180259.02,61288.07
FY2025-26,2026,1,January,Pongal,RS Puram,Kids Wear,Value,Exhibition Stall,41,47,46398.82,19023.51
FY2025-26,2026,1,January,Pongal,RS Puram,Kids Wear,Value,Online,10,15,12781.64,5240.47
FY2025-26,2026,1,January,Pongal,RS Puram,Kids Wear,Value,Walk-in,74,98,104534.12,42858.95
FY2025-26,2026,1,January,Pongal,RS Puram,Kids Wear,Value,WhatsApp Order,26,30,29013.47,11895.52
FY2025-26,2026,1,January,Pongal,RS Puram,Readymade,Mid,Exhibition Stall,49,58,122966.43,46727.26
FY2025-26,2026,1,January,Pongal,RS Puram,Readymade,Mid,Online,20,30,71013.55,26985.14
FY2025-26,2026,1,January,Pongal,RS Puram,Readymade,Mid,Walk-in,134,160,371724.1,141255.14
FY2025-26,2026,1,January,Pongal,RS Puram,Readymade,Mid,WhatsApp Order,33,38,81710.65,31050.06
FY2025-26,2026,1,January,Pongal,RS Puram,Silk Saree,Premium,Exhibition Stall,23,28,342626.46,82230.36
FY2025-26,2026,1,January,Pongal,RS Puram,Silk Saree,Premium,Online,15,18,256066.36,61455.93
FY2025-26,2026,1,January,Pongal,RS Puram,Silk Saree,Premium,Walk-in,70,79,1033879.23,248131.01
FY2025-26,2026,1,January,Pongal,RS Puram,Silk Saree,Premium,WhatsApp Order,21,23,279367.31,67048.17
FY2025-26,2026,2,February,Post-Pongal,Cross Cut Road,Accessories,Value,Exhibition Stall,29,32,12706.69,5845.07
FY2025-26,2026,2,February,Post-Pongal,Cross Cut Road,Accessories,Value,Online,19,28,12735.57,5858.36
FY2025-26,2026,2,February,Post-Pongal,Cross Cut Road,Accessories,Value,Walk-in,95,111,49582.38,22807.86
FY2025-26,2026,2,February,Post-Pongal,Cross Cut Road,Accessories,Value,WhatsApp Order,40,52,21705.63,9984.58
FY2025-26,2026,2,February,Post-Pongal,Cross Cut Road,Cotton Saree,Value,Exhibition Stall,60,73,102977.02,31922.86
FY2025-26,2026,2,February,Post-Pongal,Cross Cut Road,Cotton Saree,Value,Online,23,30,42909.27,13301.86
FY2025-26,2026,2,February,Post-Pongal,Cross Cut Road,Cotton Saree,Value,Walk-in,146,175,248963.92,77178.83
FY2025-26,2026,2,February,Post-Pongal,Cross Cut Road,Cotton Saree,Value,WhatsApp Order,48,56,84258.61,26120.17
FY2025-26,2026,2,February,Post-Pongal,Cross Cut Road,Fancy Saree,Mid,Exhibition Stall,57,63,192827.76,65561.47
FY2025-26,2026,2,February,Post-Pongal,Cross Cut Road,Fancy Saree,Mid,Online,15,18,52426.22,17824.91
FY2025-26,2026,2,February,Post-Pongal,Cross Cut Road,Fancy Saree,Mid,Walk-in,135,152,486486.8,165405.5
FY2025-26,2026,2,February,Post-Pongal,Cross Cut Road,Fancy Saree,Mid,WhatsApp Order,42,54,185558.13,63089.77
FY2025-26,2026,2,February,Post-Pongal,Cross Cut Road,Kids Wear,Value,Exhibition Stall,23,30,28018.7,11487.66
FY2025-26,2026,2,February,Post-Pongal,Cross Cut Road,Kids Wear,Value,Online,11,17,17506.02,7177.46
FY2025-26,2026,2,February,Post-Pongal,Cross Cut Road,Kids Wear,Value,Walk-in,83,105,106868.86,43816.21
FY2025-26,2026,2,February,Post-Pongal,Cross Cut Road,Kids Wear,Value,WhatsApp Order,23,28,27546.31,11293.99
FY2025-26,2026,2,February,Post-Pongal,Cross Cut Road,Readymade,Mid,Exhibition Stall,44,62,147086.9,55893.02
FY2025-26,2026,2,February,Post-Pongal,Cross Cut Road,Readymade,Mid,Online,18,19,41652.08,15827.79
FY2025-26,2026,2,February,Post-Pongal,Cross Cut Road,Readymade,Mid,Walk-in,103,114,254736.21,96799.7
FY2025-26,2026,2,February,Post-Pongal,Cross Cut Road,Readymade,Mid,WhatsApp Order,29,35,82417.59,31318.7
FY2025-26,2026,2,February,Post-Pongal,Cross Cut Road,Silk Saree,Premium,Exhibition Stall,13,17,227499.33,54599.86
FY2025-26,2026,2,February,Post-Pongal,Cross Cut Road,Silk Saree,Premium,Online,11,11,127387.94,30573.11
FY2025-26,2026,2,February,Post-Pongal,Cross Cut Road,Silk Saree,Premium,Walk-in,59,72,884230.48,212215.33
FY2025-26,2026,2,February,Post-Pongal,Cross Cut Road,Silk Saree,Premium,WhatsApp Order,12,12,151710.15,36410.44
FY2025-26,2026,2,February,Post-Pongal,RS Puram,Accessories,Value,Exhibition Stall,34,40,15457.94,7110.66
FY2025-26,2026,2,February,Post-Pongal,RS Puram,Accessories,Value,Online,8,8,3597.86,1655.02
FY2025-26,2026,2,February,Post-Pongal,RS Puram,Accessories,Value,Walk-in,70,88,35984.08,16552.71
FY2025-26,2026,2,February,Post-Pongal,RS Puram,Accessories,Value,WhatsApp Order,17,20,7784.51,3580.88
FY2025-26,2026,2,February,Post-Pongal,RS Puram,Cotton Saree,Value,Exhibition Stall,43,53,80509.5,24957.96
FY2025-26,2026,2,February,Post-Pongal,RS Puram,Cotton Saree,Value,Online,15,21,29387.01,9109.96
FY2025-26,2026,2,February,Post-Pongal,RS Puram,Cotton Saree,Value,Walk-in,107,130,193208.41,59894.63
FY2025-26,2026,2,February,Post-Pongal,RS Puram,Cotton Saree,Value,WhatsApp Order,26,30,44751.24,13872.91
FY2025-26,2026,2,February,Post-Pongal,RS Puram,Fancy Saree,Mid,Exhibition Stall,36,43,113223.58,38496.04
FY2025-26,2026,2,February,Post-Pongal,RS Puram,Fancy Saree,Mid,Online,11,16,46804.64,15913.57
FY2025-26,2026,2,February,Post-Pongal,RS Puram,Fancy Saree,Mid,Walk-in,104,132,410510.37,139573.49
FY2025-26,2026,2,February,Post-Pongal,RS Puram,Fancy Saree,Mid,WhatsApp Order,29,31,100309.88,34105.36
FY2025-26,2026,2,February,Post-Pongal,RS Puram,Kids Wear,Value,Exhibition Stall,10,16,15380.91,6306.17
FY2025-26,2026,2,February,Post-Pongal,RS Puram,Kids Wear,Value,Online,3,3,3362.84,1378.76
FY2025-26,2026,2,February,Post-Pongal,RS Puram,Kids Wear,Value,Walk-in,53,62,59206.71,24274.72
FY2025-26,2026,2,February,Post-Pongal,RS Puram,Kids Wear,Value,WhatsApp Order,22,25,24785.31,10161.97
FY2025-26,2026,2,February,Post-Pongal,RS Puram,Readymade,Mid,Exhibition Stall,22,27,62981.68,23933.07
FY2025-26,2026,2,February,Post-Pongal,RS Puram,Readymade,Mid,Online,8,8,18970.14,7208.65
FY2025-26,2026,2,February,Post-Pongal,RS Puram,Readymade,Mid,Walk-in,78,93,200704.62,76267.75
FY2025-26,2026,2,February,Post-Pongal,RS Puram,Readymade,Mid,WhatsApp Order,27,30,68427.93,26002.62
FY2025-26,2026,2,February,Post-Pongal,RS Puram,Silk Saree,Premium,Exhibition Stall,16,20,254733.2,61135.98
FY2025-26,2026,2,February,Post-Pongal,RS Puram,Silk Saree,Premium,Online,6,6,77149.48,18515.87
FY2025-26,2026,2,February,Post-Pongal,RS Puram,Silk Saree,Premium,Walk-in,39,46,574266.83,137824.05
FY2025-26,2026,2,February,Post-Pongal,RS Puram,Silk Saree,Premium,WhatsApp Order,14,16,217076.83,52098.44
FY2025-26,2026,3,March,Lean,Cross Cut Road,Accessories,Value,Exhibition Stall,55,62,26505.16,12192.39
FY2025-26,2026,3,March,Lean,Cross Cut Road,Accessories,Value,Online,22,25,12037.53,5537.28
FY2025-26,2026,3,March,Lean,Cross Cut Road,Accessories,Value,Walk-in,124,147,64545.16,29690.76
FY2025-26,2026,3,March,Lean,Cross Cut Road,Accessories,Value,WhatsApp Order,45,47,18158.16,8352.75
FY2025-26,2026,3,March,Lean,Cross Cut Road,Cotton Saree,Value,Exhibition Stall,51,59,71936.3,22300.26
FY2025-26,2026,3,March,Lean,Cross Cut Road,Cotton Saree,Value,Online,33,41,60603.75,18787.19
FY2025-26,2026,3,March,Lean,Cross Cut Road,Cotton Saree,Value,Walk-in,196,233,337812.72,104721.96
FY2025-26,2026,3,March,Lean,Cross Cut Road,Cotton Saree,Value,WhatsApp Order,56,64,92492.12,28672.55
FY2025-26,2026,3,March,Lean,Cross Cut Road,Fancy Saree,Mid,Exhibition Stall,54,64,191382.54,65070.06
FY2025-26,2026,3,March,Lean,Cross Cut Road,Fancy Saree,Mid,Online,21,24,75077.6,25526.4
FY2025-26,2026,3,March,Lean,Cross Cut Road,Fancy Saree,Mid,Walk-in,153,189,569115.71,193499.39
FY2025-26,2026,3,March,Lean,Cross Cut Road,Fancy Saree,Mid,WhatsApp Order,50,63,189879.59,64559.07
FY2025-26,2026,3,March,Lean,Cross Cut Road,Kids Wear,Value,Exhibition Stall,28,36,33861.87,13883.36
FY2025-26,2026,3,March,Lean,Cross Cut Road,Kids Wear,Value,Online,14,17,17569.67,7203.57
FY2025-26,2026,3,March,Lean,Cross Cut Road,Kids Wear,Value,Walk-in,80,96,96596.37,39604.49
FY2025-26,2026,3,March,Lean,Cross Cut Road,Kids Wear,Value,WhatsApp Order,32,38,37404.51,15335.86
FY2025-26,2026,3,March,Lean,Cross Cut Road,Readymade,Mid,Exhibition Stall,36,39,81357.22,30915.75
FY2025-26,2026,3,March,Lean,Cross Cut Road,Readymade,Mid,Online,20,29,68461.66,26015.44
FY2025-26,2026,3,March,Lean,Cross Cut Road,Readymade,Mid,Walk-in,152,180,420793.89,159901.73
FY2025-26,2026,3,March,Lean,Cross Cut Road,Readymade,Mid,WhatsApp Order,35,40,93282.92,35447.51
FY2025-26,2026,3,March,Lean,Cross Cut Road,Silk Saree,Premium,Exhibition Stall,30,31,365153.47,87636.83
FY2025-26,2026,3,March,Lean,Cross Cut Road,Silk Saree,Premium,Online,15,19,250919.92,60220.81
FY2025-26,2026,3,March,Lean,Cross Cut Road,Silk Saree,Premium,Walk-in,54,61,778516.24,186843.92
FY2025-26,2026,3,March,Lean,Cross Cut Road,Silk Saree,Premium,WhatsApp Order,26,30,390141.12,93633.87
FY2025-26,2026,3,March,Lean,RS Puram,Accessories,Value,Exhibition Stall,27,33,15107.35,6949.38
FY2025-26,2026,3,March,Lean,RS Puram,Accessories,Value,Online,13,16,5410.83,2488.98
FY2025-26,2026,3,March,Lean,RS Puram,Accessories,Value,Walk-in,83,107,42530.71,19564.13
FY2025-26,2026,3,March,Lean,RS Puram,Accessories,Value,WhatsApp Order,38,43,17946.92,8255.57
FY2025-26,2026,3,March,Lean,RS Puram,Cotton Saree,Value,Exhibition Stall,40,49,65561.49,20324.08
FY2025-26,2026,3,March,Lean,RS Puram,Cotton Saree,Value,Online,19,20,27531.88,8534.89
FY2025-26,2026,3,March,Lean,RS Puram,Cotton Saree,Value,Walk-in,126,164,248724.89,77104.71
FY2025-26,2026,3,March,Lean,RS Puram,Cotton Saree,Value,WhatsApp Order,37,39,62216.21,19287.04
FY2025-26,2026,3,March,Lean,RS Puram,Fancy Saree,Mid,Exhibition Stall,47,54,160254.0,54486.36
FY2025-26,2026,3,March,Lean,RS Puram,Fancy Saree,Mid,Online,23,27,82702.78,28118.94
FY2025-26,2026,3,March,Lean,RS Puram,Fancy Saree,Mid,Walk-in,126,144,448668.94,152547.48
FY2025-26,2026,3,March,Lean,RS Puram,Fancy Saree,Mid,WhatsApp Order,30,31,89168.04,30317.11
FY2025-26,2026,3,March,Lean,RS Puram,Kids Wear,Value,Exhibition Stall,26,30,27188.54,11147.28
FY2025-26,2026,3,March,Lean,RS Puram,Kids Wear,Value,Online,14,15,16153.21,6622.82
FY2025-26,2026,3,March,Lean,RS Puram,Kids Wear,Value,Walk-in,59,66,61574.81,25245.69
FY2025-26,2026,3,March,Lean,RS Puram,Kids Wear,Value,WhatsApp Order,16,20,18819.2,7715.87
FY2025-26,2026,3,March,Lean,RS Puram,Readymade,Mid,Exhibition Stall,43,52,100044.84,38017.04
FY2025-26,2026,3,March,Lean,RS Puram,Readymade,Mid,Online,16,21,46166.24,17543.18
FY2025-26,2026,3,March,Lean,RS Puram,Readymade,Mid,Walk-in,102,116,250191.93,95072.93
FY2025-26,2026,3,March,Lean,RS Puram,Readymade,Mid,WhatsApp Order,33,42,96571.79,36697.28
FY2025-26,2026,3,March,Lean,RS Puram,Silk Saree,Premium,Exhibition Stall,25,28,320092.57,76822.21
FY2025-26,2026,3,March,Lean,RS Puram,Silk Saree,Premium,Online,8,12,143481.88,34435.65
FY2025-26,2026,3,March,Lean,RS Puram,Silk Saree,Premium,Walk-in,59,71,936671.95,224801.27
FY2025-26,2026,3,March,Lean,RS Puram,Silk Saree,Premium,WhatsApp Order,17,27,340552.64,81732.64
