customer_id,last_purchase,first_purchase,frequency,monetary,recency_days,tenure_days,avg_gap_days,expected_gap,overdue_ratio,R,F,M,rfm_score,avg_order_value,segment
C02481,2026-02-28,2024-04-10,31,220778.53,31,720,24.0,24.0,1.29,3,5,5,13,7121.89,"Big spender, low frequency - upsell events"
C02382,2026-03-28,2024-05-24,32,200250.32,3,676,21.806451612903224,21.806451612903224,0.14,5,5,5,15,6257.82,Champions - protect
C01853,2026-02-27,2024-05-28,28,190176.86,32,672,24.88888888888889,24.88888888888889,1.29,2,5,5,12,6792.03,Loyal but slipping - reactivate
C01164,2026-03-23,2024-04-12,35,188547.44,8,718,21.11764705882353,21.11764705882353,0.38,4,5,5,14,5387.07,Champions - protect
C02269,2026-03-27,2024-04-01,25,181199.84,4,729,30.375,30.375,0.13,5,5,5,15,7247.99,Champions - protect
C01584,2026-01-21,2024-05-05,32,180234.36000000002,69,695,22.419354838709676,22.419354838709676,3.08,1,5,5,11,5632.32,"High value, overdue - call them"
C01748,2026-03-14,2024-06-02,30,177832.39,17,667,23.0,23.0,0.74,3,5,5,13,5927.75,"Big spender, low frequency - upsell events"
C00784,2026-03-27,2024-05-12,35,177455.37,4,688,20.235294117647058,20.235294117647058,0.2,5,5,5,15,5070.15,Champions - protect
C00214,2025-12-05,2024-04-04,29,171117.66,116,726,25.928571428571427,25.928571428571427,4.47,1,5,5,11,5900.61,"High value, overdue - call them"
C01965,2026-03-29,2024-04-14,24,167557.03,2,716,31.130434782608695,31.130434782608695,0.06,5,4,5,14,6981.54,Champions - protect
C00847,2026-02-18,2024-04-05,25,165214.77,41,725,30.208333333333332,30.208333333333332,1.36,2,4,5,11,6608.59,Loyal but slipping - reactivate
C02484,2026-01-31,2024-04-15,22,165002.39,59,715,34.04761904761905,34.04761904761905,1.73,1,4,5,10,7500.11,Loyal but slipping - reactivate
C01919,2026-03-29,2024-04-12,22,162289.6,2,718,34.19047619047619,34.19047619047619,0.06,5,3,5,13,7376.8,"Big spender, low frequency - upsell events"
C00761,2026-03-24,2024-04-14,31,161693.84,7,716,23.866666666666667,23.866666666666667,0.29,4,5,5,14,5215.93,Champions - protect
C00554,2026-03-16,2024-06-10,35,161608.38999999998,15,659,19.38235294117647,19.38235294117647,0.77,4,5,5,14,4617.38,Champions - protect
C01649,2026-03-29,2024-05-18,24,160621.97,2,682,29.652173913043477,29.652173913043477,0.07,5,4,5,14,6692.58,Champions - protect
C02560,2026-01-02,2024-04-02,27,160134.08,88,728,28.0,28.0,3.14,1,5,5,11,5930.89,"High value, overdue - call them"
C01547,2026-03-27,2024-04-10,36,157525.01,4,720,20.571428571428573,20.571428571428573,0.19,5,5,5,15,4375.69,Champions - protect
C00995,2026-03-30,2024-07-20,26,155248.82,1,619,24.76,24.76,0.04,5,5,5,15,5971.11,Champions - protect
C01063,2026-03-13,2024-04-05,25,154836.6,18,725,30.208333333333332,30.208333333333332,0.6,3,4,5,12,6193.46,"Big spender, low frequency - upsell events"
C01356,2026-02-28,2024-05-23,20,154257.66,31,677,35.63157894736842,35.63157894736842,0.87,3,2,5,10,7712.88,"Big spender, low frequency - upsell events"
C02469,2026-03-22,2024-04-28,28,153841.17,9,702,26.0,26.0,0.35,4,5,5,14,5494.33,Champions - protect
C00515,2026-01-28,2024-05-30,31,153530.92,62,670,22.333333333333332,22.333333333333332,2.78,1,5,5,11,4952.61,"High value, overdue - call them"
C01025,2026-02-15,2024-06-24,29,153470.52,44,645,23.035714285714285,23.035714285714285,1.91,2,5,5,12,5292.09,Loyal but slipping - reactivate
C01401,2026-03-25,2024-04-24,35,152861.45,6,706,20.764705882352942,20.764705882352942,0.29,5,5,5,15,4367.47,Champions - protect
C02498,2026-02-07,2024-04-20,27,152554.13,52,710,27.307692307692307,27.307692307692307,1.9,2,5,5,12,5650.15,Loyal but slipping - reactivate
C01895,2026-03-21,2024-04-25,20,151364.83,10,705,37.10526315789474,37.10526315789474,0.27,4,3,5,12,7568.24,"Big spender, low frequency - upsell events"
C02272,2026-03-30,2024-04-18,24,151097.66999999998,1,712,30.956521739130434,30.956521739130434,0.03,5,4,5,14,6295.74,Champions - protect
C00482,2025-11-25,2024-05-03,19,150859.74,126,697,38.72222222222222,38.72222222222222,3.25,1,2,5,8,7939.99,"High value, overdue - call them"
C02287,2026-01-25,2024-04-07,32,149430.65,65,723,23.322580645161292,23.322580645161292,2.79,1,5,5,11,4669.71,"High value, overdue - call them"
C01478,2026-02-23,2024-04-18,21,148715.38999999998,36,712,35.6,35.6,1.01,2,3,5,10,7081.69,"Big spender, low frequency - upsell events"
C00447,2026-02-15,2024-04-01,27,148256.54,44,729,28.03846153846154,28.03846153846154,1.57,2,5,5,12,5490.98,Loyal but slipping - reactivate
C00660,2026-03-04,2024-04-27,28,147905.97,27,703,26.037037037037038,26.037037037037038,1.04,3,5,5,13,5282.36,"Big spender, low frequency - upsell events"
C00033,2026-03-25,2024-04-28,31,147718.9,6,702,23.4,23.4,0.26,5,5,5,15,4765.13,Champions - protect
C02094,2026-02-09,2024-06-28,22,147621.84,50,641,30.523809523809526,30.523809523809526,1.64,2,4,5,11,6710.08,Loyal but slipping - reactivate
C00481,2026-03-01,2024-04-20,24,147594.04,30,710,30.869565217391305,30.869565217391305,0.97,3,4,5,12,6149.75,"Big spender, low frequency - upsell events"
C00293,2026-02-15,2024-04-10,24,147412.65,44,720,31.304347826086957,31.304347826086957,1.41,2,4,5,11,6142.19,Loyal but slipping - reactivate
C02509,2026-03-31,2024-04-06,31,147269.01,0,724,24.133333333333333,24.133333333333333,0.0,5,5,5,15,4750.61,Champions - protect
C02522,2026-03-03,2024-04-13,23,147207.52000000002,28,717,32.59090909090909,32.59090909090909,0.86,3,4,5,12,6400.33,"Big spender, low frequency - upsell events"
C02453,2026-03-06,2024-04-24,26,146900.23,25,706,28.24,28.24,0.89,3,5,5,13,5650.01,"Big spender, low frequency - upsell events"
C00189,2026-02-18,2024-04-26,29,146807.84,41,704,25.142857142857142,25.142857142857142,1.63,2,5,5,12,5062.34,Loyal but slipping - reactivate
C00175,2026-02-26,2024-04-23,21,145831.38,33,707,35.35,35.35,0.93,2,3,5,10,6944.35,"Big spender, low frequency - upsell events"
C02290,2026-02-25,2024-04-27,27,144958.72,34,703,27.03846153846154,27.03846153846154,1.26,2,5,5,12,5368.84,Loyal but slipping - reactivate
C01718,2026-03-25,2024-04-10,39,144760.83,6,720,18.94736842105263,18.94736842105263,0.32,5,5,5,15,3711.82,Champions - protect
C00311,2026-03-20,2024-04-20,30,144535.13,11,710,24.482758620689655,24.482758620689655,0.45,4,5,5,14,4817.84,Champions - protect
C01926,2026-03-08,2024-04-01,23,143736.81,23,729,33.13636363636363,33.13636363636363,0.69,3,4,5,12,6249.43,"Big spender, low frequency - upsell events"
C00356,2026-02-17,2024-08-29,17,143610.14,42,579,36.1875,36.1875,1.16,2,1,5,8,8447.66,"Big spender, low frequency - upsell events"
C02000,2026-01-30,2024-04-08,32,143454.34,60,722,23.29032258064516,23.29032258064516,2.58,1,5,5,11,4482.95,"High value, overdue - call them"
C02386,2026-03-13,2024-07-29,22,141543.99,18,610,29.047619047619047,29.047619047619047,0.62,3,4,5,12,6433.82,"Big spender, low frequency - upsell events"
C02548,2026-03-14,2024-04-06,26,141029.95,17,724,28.96,28.96,0.59,4,5,5,14,5424.23,Champions - protect
C01105,2026-01-02,2024-04-04,29,140955.32,88,726,25.928571428571427,25.928571428571427,3.39,1,5,5,11,4860.53,"High value, overdue - call them"
C02026,2025-12-30,2024-04-04,23,140941.97,91,726,33.0,33.0,2.76,1,4,5,10,6127.91,"High value, overdue - call them"
C01762,2026-03-23,2024-04-18,27,139962.26,8,712,27.384615384615383,27.384615384615383,0.29,4,5,5,14,5183.79,Champions - protect
C02049,2026-01-14,2024-04-13,21,139865.5,76,717,35.85,35.85,2.12,1,3,5,9,6660.26,"High value, overdue - call them"
C01350,2026-03-31,2024-04-05,30,139847.68,0,725,25.0,25.0,0.0,5,5,5,15,4661.59,Champions - protect
C00434,2026-02-27,2024-04-05,18,139832.26,32,725,42.64705882352941,42.64705882352941,0.75,2,2,5,9,7768.46,"Big spender, low frequency - upsell events"
C00103,2026-03-24,2024-04-27,30,139630.91999999998,7,703,24.24137931034483,24.24137931034483,0.29,4,5,5,14,4654.36,Champions - protect
C01964,2026-03-19,2024-04-05,21,139607.69,12,725,36.25,36.25,0.33,4,3,5,12,6647.99,"Big spender, low frequency - upsell events"
C02329,2026-03-11,2024-04-19,27,139237.43,20,711,27.346153846153847,27.346153846153847,0.73,3,5,5,13,5156.94,"Big spender, low frequency - upsell events"
C02348,2026-03-16,2024-04-26,27,138605.77000000002,15,704,27.076923076923077,27.076923076923077,0.55,4,5,5,14,5133.55,Champions - protect
C02492,2026-03-16,2024-07-11,20,138420.87,15,628,33.05263157894737,33.05263157894737,0.45,4,3,5,12,6921.04,"Big spender, low frequency - upsell events"
C02148,2026-02-13,2024-04-06,26,138113.81,46,724,28.96,28.96,1.59,2,5,5,12,5312.07,Loyal but slipping - reactivate
C00315,2026-02-16,2024-04-21,26,138061.27,43,709,28.36,28.36,1.52,2,5,5,12,5310.05,Loyal but slipping - reactivate
C02496,2026-03-04,2024-04-23,28,136818.32,27,707,26.185185185185187,26.185185185185187,1.03,3,5,5,13,4886.37,"Big spender, low frequency - upsell events"
C02530,2026-03-28,2024-04-11,29,136729.86000000002,3,719,25.678571428571427,25.678571428571427,0.12,5,5,5,15,4714.82,Champions - protect
C00403,2026-03-10,2024-11-04,19,136609.73,21,512,28.444444444444443,28.444444444444443,0.74,3,2,5,10,7189.99,"Big spender, low frequency - upsell events"
C01434,2026-02-20,2024-04-27,30,135941.88,39,703,24.24137931034483,24.24137931034483,1.61,2,5,5,12,4531.4,Loyal but slipping - reactivate
C01673,2026-01-26,2024-04-09,27,135792.86,64,721,27.73076923076923,27.73076923076923,2.31,1,5,5,11,5029.37,"High value, overdue - call them"
C00151,2026-02-21,2024-04-20,30,135389.58,38,710,24.482758620689655,24.482758620689655,1.55,2,5,5,12,4512.99,Loyal but slipping - reactivate
C01613,2026-03-16,2024-05-31,25,135111.28,15,669,27.875,27.875,0.54,4,4,5,13,5404.45,Champions - protect
C01405,2025-12-16,2024-06-14,30,134621.07,105,655,22.586206896551722,22.586206896551722,4.65,1,5,5,11,4487.37,"High value, overdue - call them"
C00400,2026-03-11,2024-10-13,21,134245.5,20,534,26.7,26.7,0.75,3,3,5,11,6392.64,"Big spender, low frequency - upsell events"
C01994,2026-03-22,2024-04-11,18,134200.71,9,719,42.294117647058826,42.294117647058826,0.21,4,2,5,11,7455.59,New - convert to second purchase
C00061,2026-03-04,2024-05-12,27,133882.62,27,688,26.46153846153846,26.46153846153846,1.02,3,5,5,13,4958.62,"Big spender, low frequency - upsell events"
C01074,2026-02-01,2024-04-21,25,133361.88,58,709,29.541666666666668,29.541666666666668,1.96,1,4,5,10,5334.48,Loyal but slipping - reactivate
C00534,2026-03-19,2024-04-28,20,133329.48,12,702,36.94736842105263,36.94736842105263,0.32,4,2,5,11,6666.47,New - convert to second purchase
C02416,2026-03-29,2024-05-08,32,132401.22,2,692,22.322580645161292,22.322580645161292,0.09,5,5,5,15,4137.54,Champions - protect
C01106,2026-02-19,2024-04-01,29,132059.25,40,729,26.035714285714285,26.035714285714285,1.54,2,5,5,12,4553.77,Loyal but slipping - reactivate
C01608,2026-03-25,2024-04-20,32,131749.0,6,710,22.903225806451612,22.903225806451612,0.26,5,5,5,15,4117.16,Champions - protect
C01630,2026-01-29,2024-04-04,27,131679.11,61,726,27.923076923076923,27.923076923076923,2.18,1,5,5,11,4877.0,"High value, overdue - call them"
C01837,2026-03-23,2024-04-18,26,131648.04,8,712,28.48,28.48,0.28,4,5,5,14,5063.39,Champions - protect
C01839,2026-01-22,2024-04-20,24,131624.83,68,710,30.869565217391305,30.869565217391305,2.2,1,4,5,10,5484.37,"High value, overdue - call them"
C01384,2026-03-11,2024-04-04,24,131347.44,20,726,31.565217391304348,31.565217391304348,0.63,3,4,5,12,5472.81,"Big spender, low frequency - upsell events"
C00197,2026-03-28,2024-04-17,24,131293.07,3,713,31.0,31.0,0.1,5,4,5,14,5470.54,Champions - protect
C01947,2026-03-05,2024-04-07,26,131220.59,26,723,28.92,28.92,0.9,3,5,5,13,5046.95,"Big spender, low frequency - upsell events"
C02013,2026-03-29,2024-05-16,26,131190.07,2,684,27.36,27.36,0.07,5,5,5,15,5045.77,Champions - protect
C00567,2026-03-05,2024-04-01,22,130600.45999999999,26,729,34.714285714285715,34.714285714285715,0.75,3,3,5,11,5936.38,"Big spender, low frequency - upsell events"
C00072,2026-03-10,2024-04-21,35,130441.14,21,709,20.852941176470587,20.852941176470587,1.01,3,5,5,13,3726.89,"Big spender, low frequency - upsell events"
C02437,2026-03-03,2024-04-05,32,130393.14,28,725,23.387096774193548,23.387096774193548,1.2,3,5,5,13,4074.79,"Big spender, low frequency - upsell events"
C00983,2026-03-26,2024-04-07,34,130337.25,5,723,21.90909090909091,21.90909090909091,0.23,5,5,5,15,3833.45,Champions - protect
C01530,2026-01-31,2024-04-25,20,130130.8,59,705,37.10526315789474,37.10526315789474,1.59,1,2,5,8,6506.54,"Big spender, low frequency - upsell events"
C00821,2026-03-31,2024-04-02,29,129942.72,0,728,26.0,26.0,0.0,5,5,5,15,4480.78,Champions - protect
C01664,2026-03-01,2024-06-06,25,129651.41,30,663,27.625,27.625,1.09,3,4,5,12,5186.06,"Big spender, low frequency - upsell events"
C00681,2026-03-28,2024-04-17,22,129163.61,3,713,33.95238095238095,33.95238095238095,0.09,5,3,5,13,5871.07,"Big spender, low frequency - upsell events"
C01920,2026-03-20,2024-04-05,32,128770.07,11,725,23.387096774193548,23.387096774193548,0.47,4,5,5,14,4024.06,Champions - protect
C00145,2026-03-25,2024-04-14,28,128536.55,6,716,26.51851851851852,26.51851851851852,0.23,5,5,5,15,4590.59,Champions - protect
C00493,2026-03-20,2024-05-04,23,127838.32,11,696,31.636363636363637,31.636363636363637,0.35,4,4,5,13,5558.19,Champions - protect
C01998,2026-03-26,2024-05-02,28,127394.05,5,698,25.85185185185185,25.85185185185185,0.19,5,5,5,15,4549.79,Champions - protect
C01780,2026-03-04,2024-04-24,25,127058.47,27,706,29.416666666666668,29.416666666666668,0.92,3,5,5,13,5082.34,"Big spender, low frequency - upsell events"
C01295,2026-02-21,2024-04-05,24,127036.06,38,725,31.52173913043478,31.52173913043478,1.21,2,4,5,11,5293.17,Loyal but slipping - reactivate
C00459,2026-03-13,2024-04-28,32,126989.15,18,702,22.64516129032258,22.64516129032258,0.79,3,5,5,13,3968.41,"Big spender, low frequency - upsell events"
C01394,2026-02-28,2024-06-14,24,126802.45,31,655,28.47826086956522,28.47826086956522,1.09,3,4,5,12,5283.44,"Big spender, low frequency - upsell events"
C01823,2026-03-14,2024-04-24,33,126663.65,17,706,22.0625,22.0625,0.77,3,5,5,13,3838.29,"Big spender, low frequency - upsell events"
C00711,2026-03-04,2024-04-27,26,126530.95,27,703,28.12,28.12,0.96,3,5,5,13,4866.58,"Big spender, low frequency - upsell events"
C01846,2026-03-13,2024-05-19,28,126049.14,18,681,25.22222222222222,25.22222222222222,0.71,3,5,5,13,4501.76,"Big spender, low frequency - upsell events"
C00754,2026-02-26,2024-04-04,26,125792.34999999999,33,726,29.04,29.04,1.14,2,5,5,12,4838.17,Loyal but slipping - reactivate
C01688,2026-03-03,2024-04-21,26,125664.08,28,709,28.36,28.36,0.99,3,5,5,13,4833.23,"Big spender, low frequency - upsell events"
C01968,2026-01-01,2024-04-17,22,125633.17,89,713,33.95238095238095,33.95238095238095,2.62,1,3,5,9,5710.6,"High value, overdue - call them"
C00194,2026-03-13,2024-05-10,19,125609.5,18,690,38.333333333333336,38.333333333333336,0.47,3,2,5,10,6611.03,"Big spender, low frequency - upsell events"
C01740,2026-03-03,2024-06-09,27,125055.84,28,660,25.384615384615383,25.384615384615383,1.1,3,5,5,13,4631.7,"Big spender, low frequency - upsell events"
C01900,2026-03-29,2024-04-29,29,124969.84,2,701,25.035714285714285,25.035714285714285,0.08,5,5,5,15,4309.3,Champions - protect
C00499,2025-11-20,2024-05-21,16,124788.11,131,679,45.266666666666666,45.266666666666666,2.89,1,1,5,7,7799.26,"High value, overdue - call them"
C02474,2026-02-09,2024-05-07,20,124621.61,50,693,36.473684210526315,36.473684210526315,1.37,2,3,5,10,6231.08,"Big spender, low frequency - upsell events"
C02254,2026-03-18,2024-07-04,22,124572.84000000001,13,635,30.238095238095237,30.238095238095237,0.43,4,4,5,13,5662.4,Champions - protect
C00746,2026-01-13,2024-04-04,27,124473.28,77,726,27.923076923076923,27.923076923076923,2.76,1,5,5,11,4610.12,"High value, overdue - call them"
C01409,2026-03-15,2024-06-02,27,124403.04000000001,16,667,25.653846153846153,25.653846153846153,0.62,4,5,5,14,4607.52,Champions - protect
C00379,2026-03-14,2024-04-14,34,124327.34,17,716,21.696969696969695,21.696969696969695,0.78,3,5,5,13,3656.69,"Big spender, low frequency - upsell events"
C01939,2026-01-29,2024-04-20,28,124150.8,61,710,26.296296296296298,26.296296296296298,2.32,1,5,5,11,4433.96,"High value, overdue - call them"
C00518,2026-01-10,2024-06-28,24,124001.33,80,641,27.869565217391305,27.869565217391305,2.87,1,4,5,10,5166.72,"High value, overdue - call them"
C01011,2026-03-19,2024-05-18,28,123978.9,12,682,25.25925925925926,25.25925925925926,0.48,4,5,5,14,4427.82,Champions - protect
C00608,2026-03-21,2024-04-30,30,123952.03,10,700,24.137931034482758,24.137931034482758,0.41,4,5,5,14,4131.73,Champions - protect
C00892,2026-03-03,2024-06-09,26,123941.71,28,660,26.4,26.4,1.06,3,5,5,13,4766.99,"Big spender, low frequency - upsell events"
C02486,2026-03-27,2024-05-02,25,123470.33,4,698,29.083333333333332,29.083333333333332,0.14,5,5,5,15,4938.81,Champions - protect
C02311,2026-03-17,2024-04-13,31,123200.11,14,717,23.9,23.9,0.59,4,5,5,14,3974.2,Champions - protect
C00932,2026-02-24,2024-04-21,23,123192.86,35,709,32.22727272727273,32.22727272727273,1.09,2,4,5,11,5356.21,Loyal but slipping - reactivate
C00846,2026-03-01,2024-04-22,29,123022.14,30,708,25.285714285714285,25.285714285714285,1.19,3,5,5,13,4242.14,"Big spender, low frequency - upsell events"
C01875,2026-03-23,2024-04-02,25,122957.56,8,728,30.333333333333332,30.333333333333332,0.26,4,5,5,14,4918.3,Champions - protect
C00002,2026-01-10,2024-05-29,21,122882.59000000001,80,671,33.55,33.55,2.38,1,3,5,9,5851.55,"High value, overdue - call them"
C00786,2026-03-15,2024-05-12,25,122880.94,16,688,28.666666666666668,28.666666666666668,0.56,4,4,5,13,4915.24,Champions - protect
C02039,2026-02-01,2024-04-04,23,122869.2,58,726,33.0,33.0,1.76,1,4,5,10,5342.14,Loyal but slipping - reactivate
C00278,2026-01-31,2024-04-11,33,122648.49,59,719,22.46875,22.46875,2.63,1,5,5,11,3716.62,"High value, overdue - call them"
C02087,2026-02-20,2024-04-15,25,122344.25,39,715,29.791666666666668,29.791666666666668,1.31,2,5,5,12,4893.77,Loyal but slipping - reactivate
C02304,2026-03-25,2024-05-08,25,122334.54000000001,6,692,28.833333333333332,28.833333333333332,0.21,5,5,5,15,4893.38,Champions - protect
C01284,2026-03-14,2024-04-20,26,122249.1,17,710,28.4,28.4,0.6,3,5,5,13,4701.89,"Big spender, low frequency - upsell events"
C02178,2026-01-16,2024-04-12,23,122238.67,74,718,32.63636363636363,32.63636363636363,2.27,1,4,5,10,5314.72,"High value, overdue - call them"
C02351,2026-03-22,2024-04-21,36,121447.95,9,709,20.257142857142856,20.257142857142856,0.44,4,5,5,14,3373.55,Champions - protect
C02089,2026-03-25,2024-04-15,24,121401.24,6,715,31.08695652173913,31.08695652173913,0.19,5,4,5,14,5058.38,Champions - protect
C01660,2026-03-13,2024-04-15,32,121345.81,18,715,23.06451612903226,23.06451612903226,0.78,3,5,5,13,3792.06,"Big spender, low frequency - upsell events"
C00925,2026-03-15,2024-04-22,23,121339.72,16,708,32.18181818181818,32.18181818181818,0.5,4,4,5,13,5275.64,Champions - protect
C02375,2026-02-19,2024-04-03,30,120768.22,40,727,25.06896551724138,25.06896551724138,1.6,2,5,5,12,4025.61,Loyal but slipping - reactivate
C02259,2026-02-20,2024-04-22,25,120605.58,39,708,29.5,29.5,1.32,2,5,5,12,4824.22,Loyal but slipping - reactivate
C02247,2026-02-22,2024-04-30,23,120319.23000000001,37,700,31.818181818181817,31.818181818181817,1.16,2,4,5,11,5231.27,Loyal but slipping - reactivate
C02521,2026-03-24,2024-04-20,24,120305.43,7,710,30.869565217391305,30.869565217391305,0.23,5,4,5,14,5012.73,Champions - protect
C01299,2026-01-15,2024-04-15,28,119842.61,75,715,26.48148148148148,26.48148148148148,2.83,1,5,5,11,4280.09,"High value, overdue - call them"
C01067,2026-03-23,2024-06-16,26,119810.71,8,653,26.12,26.12,0.31,4,5,5,14,4608.1,Champions - protect
C01475,2026-03-10,2024-04-26,21,119702.43,21,704,35.2,35.2,0.6,3,3,5,11,5700.12,"Big spender, low frequency - upsell events"
C01541,2026-03-07,2024-04-13,22,119638.36,24,717,34.142857142857146,34.142857142857146,0.7,3,3,5,11,5438.11,"Big spender, low frequency - upsell events"
C00710,2026-01-08,2024-05-10,24,119490.99,82,690,30.0,30.0,2.73,1,4,5,10,4978.79,"High value, overdue - call them"
C02458,2026-01-18,2024-04-16,26,119124.69,72,714,28.56,28.56,2.52,1,5,5,11,4581.72,"High value, overdue - call them"
C00178,2026-01-25,2024-05-23,14,118995.36,65,677,52.07692307692308,52.07692307692308,1.25,1,1,5,7,8499.67,"Big spender, low frequency - upsell events"
C00025,2026-03-29,2024-04-18,25,118796.31,2,712,29.666666666666668,29.666666666666668,0.07,5,4,5,14,4751.85,Champions - protect
C01436,2026-01-26,2024-04-04,19,118795.09,64,726,40.333333333333336,40.333333333333336,1.59,1,2,5,8,6252.37,"Big spender, low frequency - upsell events"
C00992,2026-03-27,2024-05-05,29,118782.8,4,695,24.821428571428573,24.821428571428573,0.16,5,5,5,15,4095.96,Champions - protect
C02494,2026-02-05,2024-10-03,24,118713.74,54,544,23.652173913043477,23.652173913043477,2.28,2,4,5,11,4946.41,"High value, overdue - call them"
C01304,2026-03-10,2024-04-28,25,118584.51,21,702,29.25,29.25,0.72,3,4,5,12,4743.38,"Big spender, low frequency - upsell events"
C00884,2026-02-15,2024-04-07,26,118443.72,44,723,28.92,28.92,1.52,2,5,5,12,4555.53,Loyal but slipping - reactivate
C00375,2026-01-18,2024-04-18,28,118339.32,72,712,26.37037037037037,26.37037037037037,2.73,1,5,5,11,4226.4,"High value, overdue - call them"
C00921,2026-03-01,2024-05-09,25,118245.08,30,691,28.791666666666668,28.791666666666668,1.04,3,4,5,12,4729.8,"Big spender, low frequency - upsell events"
C02576,2026-03-21,2024-06-21,20,117968.36,10,648,34.10526315789474,34.10526315789474,0.29,4,3,5,12,5898.42,"Big spender, low frequency - upsell events"
C00399,2025-12-15,2024-04-10,22,117944.86,106,720,34.285714285714285,34.285714285714285,3.09,1,3,5,9,5361.13,"High value, overdue - call them"
C00701,2026-03-06,2024-04-12,25,117745.18,25,718,29.916666666666668,29.916666666666668,0.84,3,4,5,12,4709.81,"Big spender, low frequency - upsell events"
C02562,2026-03-15,2024-04-13,24,117662.73000000001,16,717,31.17391304347826,31.17391304347826,0.51,4,4,5,13,4902.61,Champions - protect
C00386,2026-03-09,2024-04-19,33,117591.85,22,711,22.21875,22.21875,0.99,3,5,5,13,3563.39,"Big spender, low frequency - upsell events"
C00091,2026-03-16,2024-05-02,20,117466.28,15,698,36.73684210526316,36.73684210526316,0.41,4,2,5,11,5873.31,New - convert to second purchase
C01746,2026-02-01,2024-04-12,18,117462.75,58,718,42.23529411764706,42.23529411764706,1.37,1,2,5,8,6525.71,"Big spender, low frequency - upsell events"
C02326,2026-03-08,2024-04-09,24,117453.59,23,721,31.347826086956523,31.347826086956523,0.73,3,4,5,12,4893.9,"Big spender, low frequency - upsell events"
C00735,2026-02-26,2024-06-14,23,117231.41,33,655,29.772727272727273,29.772727272727273,1.11,2,4,5,11,5097.02,Loyal but slipping - reactivate
C01257,2026-03-19,2024-04-20,21,117088.04000000001,12,710,35.5,35.5,0.34,4,3,5,12,5575.62,"Big spender, low frequency - upsell events"
C01087,2026-03-27,2024-05-11,24,116997.01,4,689,29.956521739130434,29.956521739130434,0.13,5,4,5,14,4874.88,Champions - protect
C02556,2026-03-16,2024-04-06,29,116880.35,15,724,25.857142857142858,25.857142857142858,0.58,4,5,5,14,4030.36,Champions - protect
C01695,2026-03-16,2024-04-03,28,116751.71,15,727,26.925925925925927,26.925925925925927,0.56,4,5,5,14,4169.7,Champions - protect
C00394,2026-02-19,2024-05-16,22,116742.04000000001,40,684,32.57142857142857,32.57142857142857,1.23,2,3,5,10,5306.46,"Big spender, low frequency - upsell events"
C01797,2026-03-20,2024-07-14,19,116724.38,11,625,34.72222222222222,34.72222222222222,0.32,4,2,5,11,6143.39,New - convert to second purchase
C00989,2026-03-27,2024-07-12,24,116649.19,4,627,27.26086956521739,27.26086956521739,0.15,5,4,5,14,4860.38,Champions - protect
C00203,2026-01-24,2024-05-27,30,116435.15000000001,66,673,23.20689655172414,23.20689655172414,2.84,1,5,5,11,3881.17,"High value, overdue - call them"
C00163,2026-03-06,2024-04-07,31,116324.38,25,723,24.1,24.1,1.04,3,5,5,13,3752.4,"Big spender, low frequency - upsell events"
C01280,2026-03-07,2024-04-04,28,116221.89,24,726,26.88888888888889,26.88888888888889,0.89,3,5,5,13,4150.78,"Big spender, low frequency - upsell events"
C01195,2026-02-15,2024-06-05,18,116098.33,44,664,39.05882352941177,39.05882352941177,1.13,2,2,5,9,6449.91,"Big spender, low frequency - upsell events"
C01203,2026-03-20,2024-04-05,21,116037.02,11,725,36.25,36.25,0.3,4,3,5,12,5525.57,"Big spender, low frequency - upsell events"
C02209,2026-03-15,2024-04-18,26,115941.05,16,712,28.48,28.48,0.56,4,5,5,14,4459.27,Champions - protect
C01767,2026-03-25,2024-04-24,23,115808.36,6,706,32.09090909090909,32.09090909090909,0.19,5,4,5,14,5035.15,Champions - protect
C00282,2026-03-30,2024-04-01,26,115547.55,1,729,29.16,29.16,0.03,5,5,5,15,4444.14,Champions - protect
C00781,2026-03-29,2024-05-20,23,115465.34,2,680,30.90909090909091,30.90909090909091,0.06,5,4,5,14,5020.23,Champions - protect
C00458,2026-03-01,2024-05-18,18,115208.47,30,682,40.11764705882353,40.11764705882353,0.75,3,2,5,10,6400.47,"Big spender, low frequency - upsell events"
C00246,2026-03-03,2024-04-22,23,115176.47,28,708,32.18181818181818,32.18181818181818,0.87,3,4,5,12,5007.67,"Big spender, low frequency - upsell events"
C01735,2026-01-28,2024-05-06,21,115168.42,62,694,34.7,34.7,1.79,1,3,5,9,5484.21,"Big spender, low frequency - upsell events"
C01711,2026-02-07,2024-04-06,33,114988.7,52,724,22.625,22.625,2.3,2,5,5,12,3484.51,"High value, overdue - call them"
C00414,2026-03-06,2024-04-08,26,114926.21,25,722,28.88,28.88,0.87,3,5,5,13,4420.24,"Big spender, low frequency - upsell events"
C00085,2026-03-14,2024-04-16,22,114908.65,17,714,34.0,34.0,0.5,3,3,5,11,5223.12,"Big spender, low frequency - upsell events"
C02298,2026-03-05,2024-04-25,27,114780.12,26,705,27.115384615384617,27.115384615384617,0.96,3,5,5,13,4251.12,"Big spender, low frequency - upsell events"
C00237,2026-03-01,2024-04-04,25,114661.53,30,726,30.25,30.25,0.99,3,4,5,12,4586.46,"Big spender, low frequency - upsell events"
C00462,2026-02-28,2024-04-13,21,114628.54000000001,31,717,35.85,35.85,0.86,2,3,5,10,5458.5,"Big spender, low frequency - upsell events"
C00953,2026-01-04,2024-04-11,22,114562.6,86,719,34.23809523809524,34.23809523809524,2.51,1,3,5,9,5207.39,"High value, overdue - call them"
C00365,2026-03-12,2024-04-14,24,114515.71,19,716,31.130434782608695,31.130434782608695,0.61,3,4,5,12,4771.49,"Big spender, low frequency - upsell events"
C02273,2026-03-24,2024-06-12,21,114467.15,7,657,32.85,32.85,0.21,5,3,5,13,5450.82,"Big spender, low frequency - upsell events"
C01287,2026-01-22,2024-04-28,20,114389.47,68,702,36.94736842105263,36.94736842105263,1.84,1,2,5,8,5719.47,"Big spender, low frequency - upsell events"
C01665,2026-03-31,2024-04-10,33,114382.23,0,720,22.5,22.5,0.0,5,5,5,15,3466.13,Champions - protect
C01429,2026-03-22,2024-08-17,29,114166.27,9,591,21.107142857142858,21.107142857142858,0.43,4,5,5,14,3936.77,Champions - protect
C01158,2026-01-06,2024-06-28,22,114081.0,84,641,30.523809523809526,30.523809523809526,2.75,1,3,5,9,5185.5,"High value, overdue - call them"
C00982,2026-02-15,2024-04-29,23,114045.77,44,701,31.863636363636363,31.863636363636363,1.38,2,4,5,11,4958.51,Loyal but slipping - reactivate
C01023,2026-03-03,2024-05-06,22,114039.09000000001,28,694,33.04761904761905,33.04761904761905,0.85,3,3,5,11,5183.6,"Big spender, low frequency - upsell events"
C01321,2026-02-12,2024-04-04,21,114006.74,47,726,36.3,36.3,1.29,2,3,5,10,5428.89,"Big spender, low frequency - upsell events"
C02376,2026-03-07,2024-07-06,19,113835.01,24,633,35.166666666666664,35.166666666666664,0.68,3,2,5,10,5991.32,"Big spender, low frequency - upsell events"
C00649,2026-01-31,2024-04-06,25,113577.86,59,724,30.166666666666668,30.166666666666668,1.96,1,4,5,10,4543.11,Loyal but slipping - reactivate
C02194,2026-02-11,2024-04-12,28,113576.74,48,718,26.59259259259259,26.59259259259259,1.81,2,5,5,12,4056.31,Loyal but slipping - reactivate
C01039,2026-03-24,2024-06-04,21,113476.7,7,665,33.25,33.25,0.21,4,3,5,12,5403.65,"Big spender, low frequency - upsell events"
C02281,2026-03-31,2024-06-15,20,113410.22,0,654,34.421052631578945,34.421052631578945,0.0,5,3,5,13,5670.51,"Big spender, low frequency - upsell events"
C02005,2026-01-31,2024-09-27,18,113406.81,59,550,32.35294117647059,32.35294117647059,1.82,1,2,5,8,6300.38,"Big spender, low frequency - upsell events"
C01173,2026-03-14,2024-04-28,23,113379.55,17,702,31.90909090909091,31.90909090909091,0.53,3,4,5,12,4929.55,"Big spender, low frequency - upsell events"
C00808,2026-01-25,2024-04-06,18,113015.18,65,724,42.588235294117645,42.588235294117645,1.53,1,2,5,8,6278.62,"Big spender, low frequency - upsell events"
C02214,2026-03-28,2024-05-04,30,112996.12999999999,3,696,24.0,24.0,0.12,5,5,5,15,3766.54,Champions - protect
C00716,2026-03-08,2024-05-13,22,112986.55,23,687,32.714285714285715,32.714285714285715,0.7,3,3,5,11,5135.75,"Big spender, low frequency - upsell events"
C02282,2026-03-19,2024-04-11,21,112967.54,12,719,35.95,35.95,0.33,4,3,5,12,5379.41,"Big spender, low frequency - upsell events"
C01391,2026-03-26,2024-04-16,24,112956.4,5,714,31.043478260869566,31.043478260869566,0.16,5,4,5,14,4706.52,Champions - protect
C00281,2026-03-27,2024-06-09,30,112914.95,4,660,22.75862068965517,22.75862068965517,0.18,5,5,5,15,3763.83,Champions - protect
C01487,2026-01-22,2024-04-25,27,112769.82,68,705,27.115384615384617,27.115384615384617,2.51,1,5,5,11,4176.66,"High value, overdue - call them"
C01710,2026-02-10,2024-08-28,21,112720.28,49,580,29.0,29.0,1.69,2,3,5,10,5367.63,"Big spender, low frequency - upsell events"
C02320,2026-03-29,2024-04-20,18,112677.9,2,710,41.76470588235294,41.76470588235294,0.05,5,2,5,12,6259.88,New - convert to second purchase
C00212,2026-03-29,2024-04-13,25,112664.33,2,717,29.875,29.875,0.07,5,4,5,14,4506.57,Champions - protect
C01534,2026-03-17,2024-04-21,28,112609.33,14,709,26.25925925925926,26.25925925925926,0.53,4,5,5,14,4021.76,Champions - protect
C02394,2026-02-28,2024-04-12,27,112569.09999999999,31,718,27.615384615384617,27.615384615384617,1.12,3,5,5,13,4169.23,"Big spender, low frequency - upsell events"
C01430,2026-03-15,2024-05-27,28,112496.59,16,673,24.925925925925927,24.925925925925927,0.64,4,5,5,14,4017.74,Champions - protect
C02217,2026-03-29,2024-04-09,32,112457.92,2,721,23.258064516129032,23.258064516129032,0.09,5,5,5,15,3514.31,Champions - protect
C01980,2026-03-22,2024-04-14,30,112227.66,9,716,24.689655172413794,24.689655172413794,0.36,4,5,5,14,3740.92,Champions - protect
C00719,2026-02-22,2024-04-20,26,112159.45999999999,37,710,28.4,28.4,1.3,2,5,5,12,4313.83,Loyal but slipping - reactivate
C01950,2026-03-19,2024-05-16,26,112091.81000000001,12,684,27.36,27.36,0.44,4,5,5,14,4311.22,Champions - protect
C01334,2026-02-08,2024-06-15,27,112029.84999999999,51,654,25.153846153846153,25.153846153846153,2.03,2,5,5,12,4149.25,"High value, overdue - call them"
C01851,2026-02-20,2024-04-24,22,111560.86,39,706,33.61904761904762,33.61904761904762,1.16,2,3,5,10,5070.95,"Big spender, low frequency - upsell events"
C01467,2026-03-14,2024-04-24,19,111467.18,17,706,39.22222222222222,39.22222222222222,0.43,3,2,5,10,5866.69,"Big spender, low frequency - upsell events"
C01922,2026-03-06,2024-04-12,28,111451.37,25,718,26.59259259259259,26.59259259259259,0.94,3,5,5,13,3980.41,"Big spender, low frequency - upsell events"
C02103,2025-12-31,2024-05-03,25,111152.67,90,697,29.041666666666668,29.041666666666668,3.1,1,5,5,11,4446.11,"High value, overdue - call them"
C00805,2025-11-28,2024-04-25,19,110982.57,123,705,39.166666666666664,39.166666666666664,3.14,1,2,5,8,5841.19,"High value, overdue - call them"
C02091,2026-03-22,2024-04-03,32,110934.9,9,727,23.451612903225808,23.451612903225808,0.38,4,5,5,14,3466.72,Champions - protect
C00223,2026-03-23,2024-04-11,21,110894.94,8,719,35.95,35.95,0.22,4,3,5,12,5280.71,"Big spender, low frequency - upsell events"
C02391,2026-03-28,2024-04-28,23,110849.72,3,702,31.90909090909091,31.90909090909091,0.09,5,4,5,14,4819.55,Champions - protect
C01600,2026-02-24,2024-04-20,30,110647.82,35,710,24.482758620689655,24.482758620689655,1.43,2,5,5,12,3688.26,Loyal but slipping - reactivate
C01694,2026-03-28,2024-04-14,22,110608.56999999999,3,716,34.095238095238095,34.095238095238095,0.09,5,3,5,13,5027.66,"Big spender, low frequency - upsell events"
C00026,2026-03-29,2024-05-05,24,110538.08,2,695,30.217391304347824,30.217391304347824,0.07,5,4,5,14,4605.75,Champions - protect
C02488,2026-03-21,2024-09-14,15,110438.47,10,563,40.214285714285715,40.214285714285715,0.25,4,1,5,10,7362.56,New - convert to second purchase
C00341,2026-02-28,2024-04-01,33,110367.86,31,729,22.78125,22.78125,1.36,2,5,5,12,3344.48,Loyal but slipping - reactivate
C02181,2026-03-13,2024-05-29,21,110278.88,18,671,33.55,33.55,0.54,3,3,5,11,5251.38,"Big spender, low frequency - upsell events"
C00355,2026-03-28,2024-05-12,24,110243.38,3,688,29.91304347826087,29.91304347826087,0.1,5,4,5,14,4593.47,Champions - protect
C02595,2026-03-08,2024-05-13,23,110240.73999999999,23,687,31.227272727272727,31.227272727272727,0.74,3,4,5,12,4793.08,"Big spender, low frequency - upsell events"
C02577,2026-03-06,2024-04-20,29,110201.82,25,710,25.357142857142858,25.357142857142858,0.99,3,5,5,13,3800.06,"Big spender, low frequency - upsell events"
C00082,2026-03-27,2024-04-21,20,110087.01999999999,4,709,37.31578947368421,37.31578947368421,0.11,5,2,5,12,5504.35,New - convert to second purchase
C00899,2026-03-28,2024-06-20,27,109976.16,3,649,24.96153846153846,24.96153846153846,0.12,5,5,5,15,4073.19,Champions - protect
C01775,2026-03-04,2024-04-26,23,109930.14,27,704,32.0,32.0,0.84,3,4,5,12,4779.57,"Big spender, low frequency - upsell events"
C02132,2026-03-23,2024-04-21,29,109885.58,8,709,25.321428571428573,25.321428571428573,0.32,4,5,5,14,3789.16,Champions - protect
C01696,2026-03-06,2024-04-10,31,109812.81,25,720,24.0,24.0,1.04,3,5,5,13,3542.35,"Big spender, low frequency - upsell events"
C00880,2026-02-05,2024-04-26,25,109706.89,54,704,29.333333333333332,29.333333333333332,1.84,2,4,5,11,4388.28,Loyal but slipping - reactivate
C01768,2026-03-28,2024-05-10,21,109690.6,3,690,34.5,34.5,0.09,5,3,5,13,5223.36,"Big spender, low frequency - upsell events"
C02283,2026-03-02,2024-04-05,26,109435.13,29,725,29.0,29.0,1.0,3,5,5,13,4209.04,"Big spender, low frequency - upsell events"
C00812,2026-03-22,2024-04-06,25,109390.22,9,724,30.166666666666668,30.166666666666668,0.3,4,4,5,13,4375.61,Champions - protect
C01650,2026-03-30,2024-04-05,24,109264.39,1,725,31.52173913043478,31.52173913043478,0.03,5,4,5,14,4552.68,Champions - protect
C00670,2026-03-30,2024-05-16,29,109256.56,1,684,24.428571428571427,24.428571428571427,0.04,5,5,5,15,3767.47,Champions - protect
C00021,2026-03-27,2024-04-02,21,109078.3,4,728,36.4,36.4,0.11,5,3,5,13,5194.2,"Big spender, low frequency - upsell events"
C02420,2026-03-07,2024-04-07,36,109073.81999999999,24,723,20.65714285714286,20.65714285714286,1.16,3,5,5,13,3029.83,"Big spender, low frequency - upsell events"
C02048,2026-02-19,2024-04-01,29,109030.39,40,729,26.035714285714285,26.035714285714285,1.54,2,5,5,12,3759.67,Loyal but slipping - reactivate
C00861,2026-03-17,2024-04-03,28,108999.78,14,727,26.925925925925927,26.925925925925927,0.52,4,5,5,14,3892.85,Champions - protect
C00503,2026-02-17,2024-05-04,20,108949.95,42,696,36.63157894736842,36.63157894736842,1.15,2,2,5,9,5447.5,"Big spender, low frequency - upsell events"
C01997,2026-03-10,2024-04-13,26,108912.54000000001,21,717,28.68,28.68,0.73,3,5,5,13,4188.94,"Big spender, low frequency - upsell events"
C01397,2026-03-12,2024-04-04,24,108898.15,19,726,31.565217391304348,31.565217391304348,0.6,3,4,5,12,4537.42,"Big spender, low frequency - upsell events"
C00010,2026-02-07,2024-06-06,23,108856.65,52,663,30.136363636363637,30.136363636363637,1.73,2,4,5,11,4732.9,Loyal but slipping - reactivate
C01789,2026-03-16,2024-04-18,29,108830.16,15,712,25.428571428571427,25.428571428571427,0.59,4,5,5,14,3752.76,Champions - protect
C00626,2026-01-18,2024-05-11,27,108767.52,72,689,26.5,26.5,2.72,1,5,5,11,4028.43,"High value, overdue - call them"
C01525,2026-03-23,2024-04-14,24,108707.72,8,716,31.130434782608695,31.130434782608695,0.26,4,4,5,13,4529.49,Champions - protect
C02106,2026-03-30,2024-05-14,28,108502.33,1,686,25.40740740740741,25.40740740740741,0.04,5,5,5,15,3875.08,Champions - protect
C00268,2026-03-29,2024-04-23,29,108299.12,2,707,25.25,25.25,0.08,5,5,5,15,3734.45,Champions - protect
C02339,2026-03-29,2024-08-08,28,108149.31,2,600,22.22222222222222,22.22222222222222,0.09,5,5,5,15,3862.48,Champions - protect
C01470,2026-03-23,2024-05-16,28,108032.8,8,684,25.333333333333332,25.333333333333332,0.32,4,5,5,14,3858.31,Champions - protect
C00929,2026-02-14,2024-04-13,22,107916.43,45,717,34.142857142857146,34.142857142857146,1.32,2,3,5,10,4905.29,"Big spender, low frequency - upsell events"
C02356,2026-03-12,2024-04-11,24,107805.47,19,719,31.26086956521739,31.26086956521739,0.61,3,4,5,12,4491.89,"Big spender, low frequency - upsell events"
C01049,2026-02-28,2024-08-08,21,107450.77,31,600,30.0,30.0,1.03,2,3,5,10,5116.7,"Big spender, low frequency - upsell events"
C01627,2026-03-30,2024-06-03,20,107424.27,1,666,35.05263157894737,35.05263157894737,0.03,5,2,5,12,5371.21,New - convert to second purchase
C01494,2026-03-11,2024-04-08,26,107349.04,20,722,28.88,28.88,0.69,3,5,5,13,4128.81,"Big spender, low frequency - upsell events"
C02473,2026-03-17,2024-04-01,34,107298.72,14,729,22.09090909090909,22.09090909090909,0.63,4,5,5,14,3155.84,Champions - protect
C01596,2026-03-31,2024-04-13,19,107269.42,0,717,39.833333333333336,39.833333333333336,0.0,5,2,5,12,5645.76,New - convert to second purchase
C02212,2026-02-12,2024-04-25,30,107248.91,47,705,24.310344827586206,24.310344827586206,1.93,2,5,5,12,3574.96,Loyal but slipping - reactivate
C01320,2026-02-14,2024-05-18,26,107108.89,45,682,27.28,27.28,1.65,2,5,5,12,4119.57,Loyal but slipping - reactivate
C01292,2026-03-23,2024-04-09,29,107097.68000000001,8,721,25.75,25.75,0.31,4,5,5,14,3693.02,Champions - protect
C01222,2026-01-22,2024-04-05,25,107021.91,68,725,30.208333333333332,30.208333333333332,2.25,1,4,5,10,4280.88,"High value, overdue - call them"
C00292,2026-03-13,2024-04-24,28,106835.79000000001,18,706,26.14814814814815,26.14814814814815,0.69,3,5,5,13,3815.56,"Big spender, low frequency - upsell events"
C01668,2026-01-24,2024-05-19,19,106789.87,66,681,37.833333333333336,37.833333333333336,1.74,1,2,5,8,5620.52,"Big spender, low frequency - upsell events"
C00143,2026-01-24,2024-06-02,26,106738.04000000001,66,667,26.68,26.68,2.47,1,5,5,11,4105.31,"High value, overdue - call them"
C02563,2026-03-27,2024-04-10,28,106653.01999999999,4,720,26.666666666666668,26.666666666666668,0.15,5,5,5,15,3809.04,Champions - protect
C00449,2026-03-21,2024-05-11,23,106578.8,10,689,31.318181818181817,31.318181818181817,0.32,4,4,5,13,4633.86,Champions - protect
C01512,2026-02-22,2024-07-09,28,106501.73000000001,37,630,23.333333333333332,23.333333333333332,1.59,2,5,5,12,3803.63,Loyal but slipping - reactivate
C00630,2026-03-24,2024-04-10,24,106490.59,7,720,31.304347826086957,31.304347826086957,0.22,4,4,5,13,4437.11,Champions - protect
C02249,2026-03-10,2024-05-26,24,106457.85,21,674,29.304347826086957,29.304347826086957,0.72,3,4,5,12,4435.74,"Big spender, low frequency - upsell events"
C01836,2026-03-08,2024-05-29,22,106386.07,23,671,31.952380952380953,31.952380952380953,0.72,3,3,5,11,4835.73,"Big spender, low frequency - upsell events"
C00433,2026-03-17,2024-05-02,33,106159.06,14,698,21.8125,21.8125,0.64,4,5,5,14,3216.94,Champions - protect
C02353,2026-03-14,2024-04-11,23,106149.9,17,719,32.68181818181818,32.68181818181818,0.52,4,4,5,13,4615.21,Champions - protect
C01899,2026-03-13,2024-04-06,24,106108.48999999999,18,724,31.47826086956522,31.47826086956522,0.57,3,4,5,12,4421.19,"Big spender, low frequency - upsell events"
C02393,2026-03-24,2024-04-19,30,106063.04,7,711,24.517241379310345,24.517241379310345,0.29,5,5,5,15,3535.43,Champions - protect
C00729,2026-02-25,2024-04-09,23,106062.7,34,721,32.77272727272727,32.77272727272727,1.04,2,4,5,11,4611.42,Loyal but slipping - reactivate
C02154,2026-01-29,2024-04-05,23,106051.36,61,725,32.95454545454545,32.95454545454545,1.85,1,4,5,10,4610.93,Loyal but slipping - reactivate
C01390,2026-03-05,2024-04-30,21,106011.61,26,700,35.0,35.0,0.74,3,3,5,11,5048.17,"Big spender, low frequency - upsell events"
C01009,2026-03-29,2024-04-10,17,105956.7,2,720,45.0,45.0,0.04,5,1,5,11,6232.75,New - convert to second purchase
C00009,2026-03-01,2024-04-21,21,105932.19,30,709,35.45,35.45,0.85,3,3,5,11,5044.39,"Big spender, low frequency - upsell events"
C00666,2026-03-15,2024-04-25,26,105867.67,16,705,28.2,28.2,0.57,4,5,5,14,4071.83,Champions - protect
C00329,2026-03-31,2024-04-17,29,105629.86,0,713,25.464285714285715,25.464285714285715,0.0,5,5,5,15,3642.41,Champions - protect
C00605,2025-12-09,2024-05-02,19,105591.0,112,698,38.77777777777778,38.77777777777778,2.89,1,2,5,8,5557.42,"High value, overdue - call them"
C01610,2026-03-03,2024-04-07,20,105575.4,28,723,38.05263157894737,38.05263157894737,0.74,3,2,5,10,5278.77,"Big spender, low frequency - upsell events"
C01168,2026-01-23,2024-06-29,17,105415.78,67,640,40.0,40.0,1.68,1,1,5,7,6200.93,"Big spender, low frequency - upsell events"
C02071,2026-03-09,2024-04-21,22,105399.53,22,709,33.76190476190476,33.76190476190476,0.65,3,4,5,12,4790.89,"Big spender, low frequency - upsell events"
C02146,2026-03-26,2024-04-05,20,105393.45,5,725,38.1578947368421,38.1578947368421,0.13,5,3,5,13,5269.67,"Big spender, low frequency - upsell events"
C00683,2026-03-12,2024-05-18,27,105336.29000000001,19,682,26.23076923076923,26.23076923076923,0.72,3,5,5,13,3901.34,"Big spender, low frequency - upsell events"
C00955,2026-03-01,2024-07-11,27,105311.25,30,628,24.153846153846153,24.153846153846153,1.24,3,5,5,13,3900.42,"Big spender, low frequency - upsell events"
C00415,2026-03-29,2024-05-09,23,105193.41,2,691,31.40909090909091,31.40909090909091,0.06,5,4,5,14,4573.63,Champions - protect
C00691,2026-03-14,2024-05-24,24,105152.85,17,676,29.391304347826086,29.391304347826086,0.58,3,4,5,12,4381.37,"Big spender, low frequency - upsell events"
C01956,2026-03-28,2024-04-20,25,105017.83,3,710,29.583333333333332,29.583333333333332,0.1,5,5,5,15,4200.71,Champions - protect
C01226,2026-03-12,2024-04-21,33,105003.05,19,709,22.15625,22.15625,0.86,3,5,5,13,3181.91,"Big spender, low frequency - upsell events"
C01457,2026-01-03,2024-04-20,21,104911.26,87,710,35.5,35.5,2.45,1,3,5,9,4995.77,"High value, overdue - call them"
C00233,2026-01-30,2024-04-10,19,104853.54,60,720,40.0,40.0,1.5,1,2,5,8,5518.61,"Big spender, low frequency - upsell events"
C00772,2026-02-27,2024-04-25,32,104812.49,32,705,22.741935483870968,22.741935483870968,1.41,2,5,5,12,3275.39,Loyal but slipping - reactivate
C01424,2026-03-29,2024-04-12,20,104711.17,2,718,37.78947368421053,37.78947368421053,0.05,5,2,5,12,5235.56,New - convert to second purchase
C00996,2026-03-11,2024-04-01,19,104700.73,20,729,40.5,40.5,0.49,3,2,5,10,5510.56,"Big spender, low frequency - upsell events"
C00050,2026-03-23,2024-08-10,27,104659.11,8,598,23.0,23.0,0.35,4,5,5,14,3876.26,Champions - protect
C00685,2026-02-18,2024-06-25,28,104598.93,41,644,23.85185185185185,23.85185185185185,1.72,2,5,5,12,3735.68,Loyal but slipping - reactivate
C00071,2025-12-30,2024-05-13,30,104535.84,91,687,23.689655172413794,23.689655172413794,3.84,1,5,5,11,3484.53,"High value, overdue - call them"
C01928,2026-03-24,2024-04-27,22,104526.88,7,703,33.476190476190474,33.476190476190474,0.21,5,3,5,13,4751.22,"Big spender, low frequency - upsell events"
C00822,2026-03-17,2024-04-03,24,104442.25,14,727,31.608695652173914,31.608695652173914,0.44,4,4,5,13,4351.76,Champions - protect
C00255,2026-02-24,2024-04-14,34,104415.88,35,716,21.696969696969695,21.696969696969695,1.61,2,5,5,12,3071.06,Loyal but slipping - reactivate
C01971,2026-02-28,2024-04-05,21,104342.75,31,725,36.25,36.25,0.86,3,3,5,11,4968.7,"Big spender, low frequency - upsell events"
C01433,2025-11-18,2024-04-10,24,104299.84000000001,133,720,31.304347826086957,31.304347826086957,4.25,1,4,5,10,4345.83,"High value, overdue - call them"
C02313,2026-03-08,2024-06-22,20,104265.33,23,647,34.05263157894737,34.05263157894737,0.68,3,3,5,11,5213.27,"Big spender, low frequency - upsell events"
C00362,2026-03-26,2024-04-10,22,104255.84,5,720,34.285714285714285,34.285714285714285,0.15,5,3,5,13,4738.9,"Big spender, low frequency - upsell events"
C00901,2026-03-07,2024-04-27,29,104216.05,24,703,25.107142857142858,25.107142857142858,0.96,3,5,5,13,3593.66,"Big spender, low frequency - upsell events"
C00243,2026-02-15,2024-05-15,19,104180.08,44,685,38.05555555555556,38.05555555555556,1.16,2,2,5,9,5483.16,"Big spender, low frequency - upsell events"
C00593,2026-02-25,2024-04-26,27,104121.04000000001,34,704,27.076923076923077,27.076923076923077,1.26,2,5,5,12,3856.33,Loyal but slipping - reactivate
C01658,2026-02-22,2024-05-27,21,103969.38,37,673,33.65,33.65,1.1,2,3,5,10,4950.92,"Big spender, low frequency - upsell events"
C01973,2026-02-22,2024-04-20,29,103953.84,37,710,25.357142857142858,25.357142857142858,1.46,2,5,5,12,3584.62,Loyal but slipping - reactivate
C01954,2026-03-22,2024-04-10,30,103931.71,9,720,24.82758620689655,24.82758620689655,0.36,4,5,5,14,3464.39,Champions - protect
C00013,2026-02-14,2024-04-27,25,103711.5,45,703,29.291666666666668,29.291666666666668,1.54,2,4,5,11,4148.46,Loyal but slipping - reactivate
C00673,2026-01-31,2024-07-14,16,103692.41,59,625,41.666666666666664,41.666666666666664,1.42,1,1,5,7,6480.78,"Big spender, low frequency - upsell events"
C00896,2026-03-02,2024-04-26,29,103475.07,29,704,25.142857142857142,25.142857142857142,1.15,3,5,5,13,3568.11,"Big spender, low frequency - upsell events"
C00170,2026-03-20,2024-04-13,28,103456.89,11,717,26.555555555555557,26.555555555555557,0.41,4,5,5,14,3694.89,Champions - protect
C00607,2026-03-13,2024-04-05,32,103381.81,18,725,23.387096774193548,23.387096774193548,0.77,3,5,5,13,3230.68,"Big spender, low frequency - upsell events"
C00176,2026-03-28,2024-05-26,19,103363.71,3,674,37.44444444444444,37.44444444444444,0.08,5,2,5,12,5440.2,New - convert to second purchase
C01069,2025-11-02,2024-04-13,20,103326.41,149,717,37.73684210526316,37.73684210526316,3.95,1,2,5,8,5166.32,"High value, overdue - call them"
C00561,2026-03-29,2024-05-23,29,103279.16,2,677,24.178571428571427,24.178571428571427,0.08,5,5,5,15,3561.35,Champions - protect
C01942,2026-01-31,2024-04-26,31,103243.75,59,704,23.466666666666665,23.466666666666665,2.51,1,5,5,11,3330.44,"High value, overdue - call them"
C02193,2026-03-15,2024-04-22,30,103199.39,16,708,24.413793103448278,24.413793103448278,0.66,4,5,5,14,3439.98,Champions - protect
C00301,2026-03-17,2024-04-01,30,103156.45,14,729,25.137931034482758,25.137931034482758,0.56,4,5,5,14,3438.55,Champions - protect
C01871,2026-03-30,2024-05-18,24,103121.13,1,682,29.652173913043477,29.652173913043477,0.03,5,4,5,14,4296.71,Champions - protect
C00824,2026-02-28,2024-04-02,23,103079.81999999999,31,728,33.09090909090909,33.09090909090909,0.94,2,4,5,11,4481.73,Loyal but slipping - reactivate
C00986,2026-02-25,2024-04-28,21,103031.49,34,702,35.1,35.1,0.97,2,3,5,10,4906.26,"Big spender, low frequency - upsell events"
C00222,2026-03-28,2024-05-02,20,102994.79,3,698,36.73684210526316,36.73684210526316,0.08,5,2,5,12,5149.74,New - convert to second purchase
C02381,2026-03-17,2024-05-01,21,102982.17,14,699,34.95,34.95,0.4,4,3,5,12,4903.91,"Big spender, low frequency - upsell events"
C02547,2026-03-21,2024-04-17,18,102965.70999999999,10,713,41.94117647058823,41.94117647058823,0.24,4,2,5,11,5720.32,New - convert to second purchase
C00423,2026-03-31,2024-04-12,27,102955.14,0,718,27.615384615384617,27.615384615384617,0.0,5,5,5,15,3813.15,Champions - protect
C01417,2026-02-23,2024-04-02,23,102898.67,36,728,33.09090909090909,33.09090909090909,1.09,2,4,5,11,4473.86,Loyal but slipping - reactivate
C02470,2026-01-13,2024-06-27,17,102858.41,77,642,40.125,40.125,1.92,1,1,5,7,6050.49,"Big spender, low frequency - upsell events"
C02545,2026-01-31,2024-04-06,30,102766.14,59,724,24.96551724137931,24.96551724137931,2.36,1,5,5,11,3425.54,"High value, overdue - call them"
C02055,2026-03-26,2024-04-27,28,102749.7,5,703,26.037037037037038,26.037037037037038,0.19,5,5,5,15,3669.63,Champions - protect
C01216,2026-02-08,2024-05-03,25,102709.3,51,697,29.041666666666668,29.041666666666668,1.76,2,4,5,11,4108.37,Loyal but slipping - reactivate
C01131,2026-02-11,2024-09-03,20,102478.46,48,574,30.210526315789473,30.210526315789473,1.59,2,2,5,9,5123.92,"Big spender, low frequency - upsell events"
C01230,2026-03-02,2024-04-27,24,102343.81,29,703,30.565217391304348,30.565217391304348,0.95,3,4,5,12,4264.33,"Big spender, low frequency - upsell events"
C02431,2026-02-18,2024-04-06,24,102311.24,41,724,31.47826086956522,31.47826086956522,1.3,2,4,5,11,4262.97,Loyal but slipping - reactivate
C00830,2026-03-08,2024-08-08,25,102296.89,23,600,25.0,25.0,0.92,3,4,5,12,4091.88,"Big spender, low frequency - upsell events"
C00391,2026-03-28,2024-06-29,23,102147.7,3,640,29.09090909090909,29.09090909090909,0.1,5,4,5,14,4441.2,Champions - protect
C00486,2026-03-25,2024-04-23,25,102115.26,6,707,29.458333333333332,29.458333333333332,0.2,5,4,5,14,4084.61,Champions - protect
C00690,2026-03-30,2024-04-11,30,102041.46,1,719,24.79310344827586,24.79310344827586,0.04,5,5,5,15,3401.38,Champions - protect
C01462,2026-03-01,2024-04-13,21,102033.65,30,717,35.85,35.85,0.84,3,3,5,11,4858.75,"Big spender, low frequency - upsell events"
C01847,2026-01-25,2024-04-28,22,102024.2,65,702,33.42857142857143,33.42857142857143,1.94,1,3,5,9,4637.46,"Big spender, low frequency - upsell events"
C00933,2026-02-22,2024-05-07,19,101958.76000000001,37,693,38.5,38.5,0.96,2,2,5,9,5366.25,"Big spender, low frequency - upsell events"
C00657,2026-03-05,2024-04-12,31,101892.73,26,718,23.933333333333334,23.933333333333334,1.09,3,5,5,13,3286.86,"Big spender, low frequency - upsell events"
C00835,2026-03-25,2024-05-01,20,101877.81,6,699,36.78947368421053,36.78947368421053,0.16,5,2,5,12,5093.89,New - convert to second purchase
C02299,2026-03-21,2024-04-28,21,101702.96,10,702,35.1,35.1,0.28,4,3,5,12,4843.0,"Big spender, low frequency - upsell events"
C01112,2026-02-27,2024-04-26,23,101622.04999999999,32,704,32.0,32.0,1.0,2,4,5,11,4418.35,Loyal but slipping - reactivate
C00950,2026-03-20,2024-07-24,22,101502.1,11,615,29.285714285714285,29.285714285714285,0.38,4,3,5,12,4613.73,"Big spender, low frequency - upsell events"
C00168,2026-02-23,2024-04-14,21,101431.93,36,716,35.8,35.8,1.01,2,3,5,10,4830.09,"Big spender, low frequency - upsell events"
C01925,2026-01-22,2024-04-05,23,101394.5,68,725,32.95454545454545,32.95454545454545,2.06,1,4,5,10,4408.46,"High value, overdue - call them"
C02549,2026-02-01,2024-04-01,22,101367.79000000001,58,729,34.714285714285715,34.714285714285715,1.67,1,4,5,10,4607.63,Loyal but slipping - reactivate
C02182,2026-03-01,2024-04-28,23,101233.91,30,702,31.90909090909091,31.90909090909091,0.94,3,4,5,12,4401.47,"Big spender, low frequency - upsell events"
C00410,2026-02-28,2024-05-27,20,101211.67,31,673,35.421052631578945,35.421052631578945,0.88,2,2,5,9,5060.58,"Big spender, low frequency - upsell events"
C02009,2026-03-03,2024-05-18,18,101146.48999999999,28,682,40.11764705882353,40.11764705882353,0.7,3,2,5,10,5619.25,"Big spender, low frequency - upsell events"
C01134,2026-03-11,2024-04-08,32,101060.16,20,722,23.29032258064516,23.29032258064516,0.86,3,5,5,13,3158.13,"Big spender, low frequency - upsell events"
C00645,2026-03-14,2024-06-03,26,101049.1,17,666,26.64,26.64,0.64,3,5,5,13,3886.5,"Big spender, low frequency - upsell events"
C00131,2026-03-08,2024-04-06,27,101042.0,23,724,27.846153846153847,27.846153846153847,0.83,3,5,5,13,3742.3,"Big spender, low frequency - upsell events"
C02043,2026-01-31,2024-04-27,26,100964.25,59,703,28.12,28.12,2.1,1,5,5,11,3883.24,"High value, overdue - call them"
C00120,2026-01-28,2024-04-29,22,100804.54000000001,62,701,33.38095238095238,33.38095238095238,1.86,1,3,5,9,4582.02,"Big spender, low frequency - upsell events"
C02324,2026-03-14,2024-04-16,38,100765.15,17,714,19.2972972972973,19.2972972972973,0.88,4,5,5,14,2651.71,Champions - protect
C02318,2026-02-21,2024-05-26,17,100675.8,38,674,42.125,42.125,0.9,2,1,5,8,5922.11,"Big spender, low frequency - upsell events"
C01160,2026-03-29,2024-05-12,27,100632.28,2,688,26.46153846153846,26.46153846153846,0.08,5,5,5,15,3727.12,Champions - protect
C00044,2026-01-30,2024-04-20,15,100595.39,60,710,50.714285714285715,50.714285714285715,1.18,1,1,5,7,6706.36,"Big spender, low frequency - upsell events"
C01524,2026-03-25,2024-08-11,22,100584.87000000001,6,597,28.428571428571427,28.428571428571427,0.21,5,3,5,13,4572.04,"Big spender, low frequency - upsell events"
C02534,2026-01-24,2024-04-14,25,100524.03,66,716,29.833333333333332,29.833333333333332,2.21,1,5,5,11,4020.96,"High value, overdue - call them"
C00318,2026-03-29,2024-04-03,24,100499.83,2,727,31.608695652173914,31.608695652173914,0.06,5,4,5,14,4187.49,Champions - protect
C01897,2026-02-20,2024-04-14,25,100375.64,39,716,29.833333333333332,29.833333333333332,1.31,2,5,5,12,4015.03,Loyal but slipping - reactivate
C01188,2026-03-30,2024-04-13,29,100343.55,1,717,25.607142857142858,25.607142857142858,0.04,5,5,5,15,3460.12,Champions - protect
C01886,2025-12-27,2024-05-20,21,100235.39,94,680,34.0,34.0,2.76,1,3,5,9,4773.11,"High value, overdue - call them"
C00309,2026-03-22,2024-04-13,21,100227.97,9,717,35.85,35.85,0.25,4,3,5,12,4772.76,"Big spender, low frequency - upsell events"
C01781,2026-03-28,2024-05-18,20,100211.71,3,682,35.89473684210526,35.89473684210526,0.08,5,3,5,13,5010.59,"Big spender, low frequency - upsell events"
C01380,2026-01-26,2024-04-13,25,100185.07,64,717,29.875,29.875,2.14,1,4,5,10,4007.4,"High value, overdue - call them"
C00370,2026-03-26,2024-05-31,19,100102.97,5,669,37.166666666666664,37.166666666666664,0.13,5,2,5,12,5268.58,New - convert to second purchase
C01555,2026-03-31,2024-04-11,28,100031.79,0,719,26.62962962962963,26.62962962962963,0.0,5,5,5,15,3572.56,Champions - protect
C00891,2026-02-09,2024-04-27,29,99983.62000000001,50,703,25.107142857142858,25.107142857142858,1.99,2,5,5,12,3447.71,Loyal but slipping - reactivate
C01560,2026-03-29,2024-04-25,23,99962.94,2,705,32.04545454545455,32.04545454545455,0.06,5,4,5,14,4346.21,Champions - protect
C00166,2026-02-16,2024-05-18,17,99763.17,43,682,42.625,42.625,1.01,2,1,5,8,5868.42,"Big spender, low frequency - upsell events"
C00265,2026-03-30,2024-04-12,28,99686.96,1,718,26.59259259259259,26.59259259259259,0.04,5,5,5,15,3560.25,Champions - protect
C00704,2026-03-21,2024-05-26,27,99618.06999999999,10,674,25.923076923076923,25.923076923076923,0.39,4,5,5,14,3689.56,Champions - protect
C02175,2026-02-24,2024-04-14,33,99602.33,35,716,22.375,22.375,1.56,2,5,5,12,3018.25,Loyal but slipping - reactivate
C00406,2026-03-30,2024-08-23,26,99521.99,1,585,23.4,23.4,0.04,5,5,5,15,3827.77,Champions - protect
C00367,2026-03-14,2024-04-29,22,99499.8,17,701,33.38095238095238,33.38095238095238,0.51,3,3,5,11,4522.72,"Big spender, low frequency - upsell events"
C01421,2026-01-04,2024-04-30,25,99350.25,86,700,29.166666666666668,29.166666666666668,2.95,1,4,5,10,3974.01,"High value, overdue - call them"
C02238,2026-03-23,2024-04-06,27,99160.32,8,724,27.846153846153847,27.846153846153847,0.29,4,5,5,14,3672.6,Champions - protect
C00354,2026-03-29,2024-05-25,23,99142.9,2,675,30.681818181818183,30.681818181818183,0.07,5,4,5,14,4310.56,Champions - protect
C00629,2026-03-19,2024-05-04,23,98918.25,12,696,31.636363636363637,31.636363636363637,0.38,4,4,5,13,4300.79,Champions - protect
C02206,2026-03-08,2024-04-12,18,98737.48,23,718,42.23529411764706,42.23529411764706,0.54,3,2,5,10,5485.42,"Big spender, low frequency - upsell events"
C01535,2026-03-11,2024-04-20,27,98724.88,20,710,27.307692307692307,27.307692307692307,0.73,3,5,5,13,3656.48,"Big spender, low frequency - upsell events"
C02202,2026-03-15,2024-04-06,21,98703.49,16,724,36.2,36.2,0.44,4,3,5,12,4700.17,"Big spender, low frequency - upsell events"
C00739,2026-03-02,2024-06-18,18,98702.79,29,651,38.294117647058826,38.294117647058826,0.76,3,2,5,10,5483.49,"Big spender, low frequency - upsell events"
C00863,2026-03-29,2024-06-08,22,98643.48,2,661,31.476190476190474,31.476190476190474,0.06,5,3,5,13,4483.79,"Big spender, low frequency - upsell events"
C01566,2026-03-22,2024-06-24,29,98627.26,9,645,23.035714285714285,23.035714285714285,0.39,4,5,5,14,3400.94,Champions - protect
C01912,2026-01-22,2024-04-28,21,98606.71,68,702,35.1,35.1,1.94,1,3,5,9,4695.56,"Big spender, low frequency - upsell events"
C02198,2026-03-07,2024-10-07,21,98456.5,24,540,27.0,27.0,0.89,3,3,5,11,4688.4,"Big spender, low frequency - upsell events"
C02155,2026-03-15,2024-04-24,25,98406.14,16,706,29.416666666666668,29.416666666666668,0.54,4,5,5,14,3936.25,Champions - protect
C02460,2026-03-22,2024-06-06,28,98392.05,9,663,24.555555555555557,24.555555555555557,0.37,4,5,5,14,3514.0,Champions - protect
C01520,2026-03-27,2024-04-10,23,98357.75,4,720,32.72727272727273,32.72727272727273,0.12,5,4,5,14,4276.42,Champions - protect
C01065,2026-03-03,2024-04-20,27,98315.83,28,710,27.307692307692307,27.307692307692307,1.03,3,5,5,13,3641.33,"Big spender, low frequency - upsell events"
C00792,2026-03-14,2024-05-16,25,98235.36,17,684,28.5,28.5,0.6,3,4,5,12,3929.41,"Big spender, low frequency - upsell events"
C01481,2026-03-26,2024-05-19,24,98227.66,5,681,29.608695652173914,29.608695652173914,0.17,5,4,5,14,4092.82,Champions - protect
C00940,2026-03-23,2024-08-21,23,98191.94,8,587,26.681818181818183,26.681818181818183,0.3,4,4,5,13,4269.21,Champions - protect
C01291,2026-03-27,2024-05-13,22,98156.59,4,687,32.714285714285715,32.714285714285715,0.12,5,3,5,13,4461.66,"Big spender, low frequency - upsell events"
C00589,2026-03-23,2024-04-30,26,98137.12,8,700,28.0,28.0,0.29,4,5,5,14,3774.5,Champions - protect
C00344,2026-03-13,2024-04-02,23,97959.67,18,728,33.09090909090909,33.09090909090909,0.54,3,4,5,12,4259.12,"Big spender, low frequency - upsell events"
C01468,2026-03-13,2024-05-08,24,97959.55,18,692,30.08695652173913,30.08695652173913,0.6,3,4,5,12,4081.65,"Big spender, low frequency - upsell events"
C01337,2026-03-28,2024-04-14,25,97935.24,3,716,29.833333333333332,29.833333333333332,0.1,5,4,5,14,3917.41,Champions - protect
C01005,2026-03-11,2024-04-25,22,97870.98999999999,20,705,33.57142857142857,33.57142857142857,0.6,3,3,5,11,4448.68,"Big spender, low frequency - upsell events"
C01999,2026-01-14,2024-04-12,30,97850.88,76,718,24.75862068965517,24.75862068965517,3.07,1,5,5,11,3261.7,"High value, overdue - call them"
C01691,2026-02-12,2024-04-08,27,97739.02,47,722,27.76923076923077,27.76923076923077,1.69,2,5,5,12,3619.96,Loyal but slipping - reactivate
C02296,2026-03-13,2024-04-20,19,97687.8,18,710,39.44444444444444,39.44444444444444,0.46,3,2,5,10,5141.46,"Big spender, low frequency - upsell events"
C01901,2026-03-11,2024-04-28,17,97652.6,20,702,43.875,43.875,0.46,3,1,5,9,5744.27,"Big spender, low frequency - upsell events"
C01952,2026-03-13,2024-05-09,25,97607.54,18,691,28.791666666666668,28.791666666666668,0.63,3,5,5,13,3904.3,"Big spender, low frequency - upsell events"
C02495,2026-02-20,2024-05-22,23,97551.94,39,678,30.818181818181817,30.818181818181817,1.27,2,4,5,11,4241.39,Loyal but slipping - reactivate
C00514,2026-03-17,2024-04-12,27,97411.87,14,718,27.615384615384617,27.615384615384617,0.51,4,5,5,14,3607.85,Champions - protect
C01448,2026-01-01,2024-05-12,23,97343.84,89,688,31.272727272727273,31.272727272727273,2.85,1,4,5,10,4232.34,"High value, overdue - call them"
C02317,2026-02-15,2024-04-11,25,97343.58,44,719,29.958333333333332,29.958333333333332,1.47,2,5,5,12,3893.74,Loyal but slipping - reactivate
C00736,2026-03-20,2024-05-18,26,97336.98999999999,11,682,27.28,27.28,0.4,4,5,5,14,3743.73,Champions - protect
C00024,2026-03-14,2024-05-10,23,97304.25,17,690,31.363636363636363,31.363636363636363,0.54,3,4,5,12,4230.62,"Big spender, low frequency - upsell events"
C02079,2026-02-15,2024-07-06,24,97266.36,44,633,27.52173913043478,27.52173913043478,1.6,2,4,5,11,4052.76,Loyal but slipping - reactivate
C01449,2026-02-28,2024-04-14,24,97215.65000000001,31,716,31.130434782608695,31.130434782608695,1.0,3,4,5,12,4050.65,"Big spender, low frequency - upsell events"
C02158,2026-03-28,2024-04-28,25,97190.25,3,702,29.25,29.25,0.1,5,5,5,15,3887.61,Champions - protect
C00416,2025-11-23,2024-04-15,19,97134.68,128,715,39.72222222222222,39.72222222222222,3.22,1,2,5,8,5112.35,"High value, overdue - call them"
C00003,2026-03-15,2024-04-01,17,97075.85,16,729,45.5625,45.5625,0.35,4,1,5,10,5710.34,New - convert to second purchase
C02036,2026-03-30,2024-04-06,25,97068.08,1,724,30.166666666666668,30.166666666666668,0.03,5,5,5,15,3882.72,Champions - protect
C02023,2026-03-26,2024-04-04,28,97060.78,5,726,26.88888888888889,26.88888888888889,0.19,5,5,5,15,3466.46,Champions - protect
C01602,2026-03-06,2024-04-13,20,97029.41,25,717,37.73684210526316,37.73684210526316,0.66,3,2,5,10,4851.47,"Big spender, low frequency - upsell events"
C00570,2026-03-25,2024-04-30,17,96998.35,6,700,43.75,43.75,0.14,5,1,5,11,5705.79,New - convert to second purchase
C00849,2026-02-23,2024-05-01,26,96977.84,36,699,27.96,27.96,1.29,2,5,5,12,3729.92,Loyal but slipping - reactivate
C00580,2026-01-03,2024-05-30,28,96937.07,87,670,24.814814814814813,24.814814814814813,3.51,1,5,5,11,3462.04,"High value, overdue - call them"
C00606,2026-01-26,2024-06-26,20,96912.84999999999,64,643,33.8421052631579,33.8421052631579,1.89,1,2,5,8,4845.64,"Big spender, low frequency - upsell events"
C01893,2026-03-15,2024-05-15,23,96894.79,16,685,31.136363636363637,31.136363636363637,0.51,4,4,5,13,4212.82,Champions - protect
C01019,2026-03-15,2024-04-15,29,96887.66,16,715,25.535714285714285,25.535714285714285,0.63,4,5,5,14,3340.95,Champions - protect
C01908,2026-03-08,2024-04-01,31,96797.67,23,729,24.3,24.3,0.95,3,5,5,13,3122.51,"Big spender, low frequency - upsell events"
C00541,2026-02-09,2024-05-19,21,96704.12000000001,50,681,34.05,34.05,1.47,2,3,5,10,4604.96,"Big spender, low frequency - upsell events"
C00125,2026-02-04,2024-06-20,27,96667.19,55,649,24.96153846153846,24.96153846153846,2.2,2,5,5,12,3580.27,"High value, overdue - call them"
C00796,2026-03-20,2024-06-19,32,96574.59,11,650,20.967741935483872,20.967741935483872,0.52,4,5,5,14,3017.96,Champions - protect
C00234,2026-01-25,2024-04-13,20,96430.13,65,717,37.73684210526316,37.73684210526316,1.72,1,2,5,8,4821.51,"Big spender, low frequency - upsell events"
C01345,2025-12-29,2024-04-07,21,96373.62,92,723,36.15,36.15,2.54,1,3,5,9,4589.22,"High value, overdue - call them"
C00579,2026-02-20,2024-12-06,25,96338.16,39,480,20.0,20.0,1.95,2,4,5,11,3853.53,Loyal but slipping - reactivate
C01483,2026-03-27,2024-05-19,21,96321.83,4,681,34.05,34.05,0.12,5,3,5,13,4586.75,"Big spender, low frequency - upsell events"
C01445,2026-03-07,2024-04-10,25,96303.64,24,720,30.0,30.0,0.8,3,4,5,12,3852.15,"Big spender, low frequency - upsell events"
C00045,2026-03-25,2024-04-01,26,96287.13,6,729,29.16,29.16,0.21,5,5,5,15,3703.35,Champions - protect
C02083,2025-12-04,2024-05-14,25,96133.27,117,686,28.583333333333332,28.583333333333332,4.09,1,5,5,11,3845.33,"High value, overdue - call them"
C01972,2026-03-10,2024-04-25,20,96051.3,21,705,37.10526315789474,37.10526315789474,0.57,3,3,5,11,4802.57,"Big spender, low frequency - upsell events"
C00869,2026-02-08,2024-07-19,19,96014.66,51,620,34.44444444444444,34.44444444444444,1.48,2,2,5,9,5053.4,"Big spender, low frequency - upsell events"
C00866,2026-03-25,2024-04-13,30,95933.36,6,717,24.724137931034484,24.724137931034484,0.24,5,5,5,15,3197.78,Champions - protect
C00640,2026-03-21,2024-04-28,22,95929.70000000001,10,702,33.42857142857143,33.42857142857143,0.3,4,3,5,12,4360.44,"Big spender, low frequency - upsell events"
C00179,2026-01-25,2024-05-07,31,95911.71,65,693,23.1,23.1,2.81,1,5,5,11,3093.93,"High value, overdue - call them"
C02441,2026-03-14,2024-08-23,24,95869.88,17,585,25.434782608695652,25.434782608695652,0.67,4,4,5,13,3994.58,Champions - protect
C01355,2025-12-27,2024-06-07,21,95846.35,94,662,33.1,33.1,2.84,1,3,5,9,4564.11,"High value, overdue - call them"
C00969,2026-02-22,2024-04-20,27,95839.41,37,710,27.307692307692307,27.307692307692307,1.35,2,5,5,12,3549.61,Loyal but slipping - reactivate
C01741,2026-01-16,2024-04-17,22,95798.53,74,713,33.95238095238095,33.95238095238095,2.18,1,3,5,9,4354.48,"High value, overdue - call them"
C01799,2026-03-20,2024-04-26,26,95798.17,11,704,28.16,28.16,0.39,4,5,5,14,3684.54,Champions - protect
C00993,2026-01-26,2024-04-17,15,95760.70999999999,64,713,50.92857142857143,50.92857142857143,1.26,1,1,5,7,6384.05,"Big spender, low frequency - upsell events"
C00263,2026-03-23,2024-04-02,22,95742.1,8,728,34.666666666666664,34.666666666666664,0.23,4,3,5,12,4351.91,"Big spender, low frequency - upsell events"
C02125,2026-03-26,2024-04-30,21,95658.81999999999,5,700,35.0,35.0,0.14,5,3,5,13,4555.18,"Big spender, low frequency - upsell events"
C00452,2026-03-20,2024-04-27,27,95615.13,11,703,27.03846153846154,27.03846153846154,0.41,4,5,5,14,3541.3,Champions - protect
C00693,2026-03-14,2024-06-30,23,95598.47,17,639,29.045454545454547,29.045454545454547,0.59,3,4,5,12,4156.46,"Big spender, low frequency - upsell events"
C00562,2026-02-26,2024-04-04,22,95565.52,33,726,34.57142857142857,34.57142857142857,0.95,2,3,5,10,4343.89,"Big spender, low frequency - upsell events"
C00938,2026-03-20,2024-04-06,29,95522.38,11,724,25.857142857142858,25.857142857142858,0.43,4,5,5,14,3293.88,Champions - protect
C01670,2026-03-29,2024-04-10,20,95362.52,2,720,37.89473684210526,37.89473684210526,0.05,5,2,5,12,4768.13,New - convert to second purchase
C01676,2026-03-25,2024-04-06,26,95348.78,6,724,28.96,28.96,0.21,5,5,5,15,3667.26,Champions - protect
C02159,2026-03-11,2024-05-02,20,95249.15,20,698,36.73684210526316,36.73684210526316,0.54,3,3,5,11,4762.46,"Big spender, low frequency - upsell events"
C01554,2026-03-23,2024-10-06,28,95239.76,8,541,20.037037037037038,20.037037037037038,0.4,4,5,5,14,3401.42,Champions - protect
C01731,2026-02-15,2024-05-18,32,95203.12,44,682,22.0,22.0,2.0,2,5,5,12,2975.1,"High value, overdue - call them"
C00908,2026-01-26,2024-04-07,20,95181.61,64,723,38.05263157894737,38.05263157894737,1.68,1,2,5,8,4759.08,"Big spender, low frequency - upsell events"
C02061,2026-03-24,2024-04-12,22,95168.3,7,718,34.19047619047619,34.19047619047619,0.2,5,4,5,14,4325.83,Champions - protect
C00317,2026-03-26,2024-04-17,26,95092.96,5,713,28.52,28.52,0.18,5,5,5,15,3657.42,Champions - protect
C02367,2026-03-25,2024-04-24,22,95090.63,6,706,33.61904761904762,33.61904761904762,0.18,5,4,5,14,4322.3,Champions - protect
C00398,2026-03-31,2024-04-04,22,95070.75,0,726,34.57142857142857,34.57142857142857,0.0,5,3,5,13,4321.4,"Big spender, low frequency - upsell events"
C00578,2026-03-31,2024-05-13,21,95044.0,0,687,34.35,34.35,0.0,5,3,5,13,4525.9,"Big spender, low frequency - upsell events"
C00245,2026-03-21,2024-04-20,23,95033.83,10,710,32.27272727272727,32.27272727272727,0.31,4,4,5,13,4131.91,Champions - protect
C01354,2026-03-05,2024-05-23,26,94950.58,26,677,27.08,27.08,0.96,3,5,5,13,3651.95,"Big spender, low frequency - upsell events"
C02126,2026-03-03,2024-05-19,24,94836.5,28,681,29.608695652173914,29.608695652173914,0.95,3,4,5,12,3951.52,"Big spender, low frequency - upsell events"
C00855,2026-03-16,2024-04-14,22,94810.31999999999,15,716,34.095238095238095,34.095238095238095,0.44,4,3,5,12,4309.56,"Big spender, low frequency - upsell events"
C00795,2026-03-28,2024-06-01,21,94692.09999999999,3,668,33.4,33.4,0.09,5,3,5,13,4509.15,"Big spender, low frequency - upsell events"
C00662,2026-02-20,2024-06-18,24,94641.12,39,651,28.304347826086957,28.304347826086957,1.38,2,4,5,11,3943.38,Loyal but slipping - reactivate
C02027,2026-03-29,2024-04-14,22,94571.84999999999,2,716,34.095238095238095,34.095238095238095,0.06,5,4,5,14,4298.72,Champions - protect
C02197,2026-03-21,2024-06-08,16,94541.81,10,661,44.06666666666667,44.06666666666667,0.23,4,1,5,10,5908.86,New - convert to second purchase
C00276,2026-03-28,2024-04-08,29,94442.11,3,722,25.785714285714285,25.785714285714285,0.12,5,5,5,15,3256.62,Champions - protect
C00138,2026-02-15,2024-05-13,15,94420.34,44,687,49.07142857142857,49.07142857142857,0.9,2,1,5,8,6294.69,"Big spender, low frequency - upsell events"
C01576,2026-03-07,2024-04-06,23,94378.36,24,724,32.90909090909091,32.90909090909091,0.73,3,4,5,12,4103.41,"Big spender, low frequency - upsell events"
C00480,2026-01-28,2024-04-30,23,94355.44,62,700,31.818181818181817,31.818181818181817,1.95,1,4,5,10,4102.41,Loyal but slipping - reactivate
C01095,2026-02-19,2024-05-03,20,94345.3,40,697,36.68421052631579,36.68421052631579,1.09,2,2,5,9,4717.27,"Big spender, low frequency - upsell events"
C01198,2026-03-25,2024-04-15,25,94338.42,6,715,29.791666666666668,29.791666666666668,0.2,5,4,5,14,3773.54,Champions - protect
C00556,2026-01-31,2024-04-06,18,94185.15999999999,59,724,42.588235294117645,42.588235294117645,1.39,1,2,5,8,5232.51,"Big spender, low frequency - upsell events"
C01957,2026-02-24,2024-04-04,25,94184.81,35,726,30.25,30.25,1.16,2,5,5,12,3767.39,Loyal but slipping - reactivate
C00802,2026-03-12,2024-05-04,29,94160.99,19,696,24.857142857142858,24.857142857142858,0.76,3,5,5,13,3246.93,"Big spender, low frequency - upsell events"
C00314,2026-03-15,2024-04-20,22,93961.38,16,710,33.80952380952381,33.80952380952381,0.47,4,3,5,12,4270.97,"Big spender, low frequency - upsell events"
C02422,2026-01-28,2024-05-03,19,93870.15,62,697,38.72222222222222,38.72222222222222,1.6,1,2,5,8,4940.53,"Big spender, low frequency - upsell events"
C01312,2026-03-17,2024-04-21,26,93814.5,14,709,28.36,28.36,0.49,4,5,5,14,3608.25,Champions - protect
C02373,2026-03-12,2024-05-19,26,93808.83,19,681,27.24,27.24,0.7,3,5,5,13,3608.03,"Big spender, low frequency - upsell events"
C02189,2026-01-19,2024-04-22,20,93786.40000000001,71,708,37.26315789473684,37.26315789473684,1.91,1,3,5,9,4689.32,"Big spender, low frequency - upsell events"
C02323,2026-03-30,2024-04-24,28,93779.61,1,706,26.14814814814815,26.14814814814815,0.04,5,5,5,15,3349.27,Champions - protect
C02511,2026-02-03,2024-05-19,22,93777.82,56,681,32.42857142857143,32.42857142857143,1.73,2,4,5,11,4262.63,Loyal but slipping - reactivate
C00161,2026-02-23,2024-04-06,19,93728.84999999999,36,724,40.22222222222222,40.22222222222222,0.9,2,2,5,9,4933.1,"Big spender, low frequency - upsell events"
C01586,2026-03-31,2024-04-11,25,93536.99,0,719,29.958333333333332,29.958333333333332,0.0,5,4,5,14,3741.48,Champions - protect
C00544,2026-03-22,2024-04-15,21,93477.03,9,715,35.75,35.75,0.25,4,3,4,11,4451.29,"Big spender, low frequency - upsell events"
C01666,2026-03-14,2024-04-14,23,93461.83,17,716,32.54545454545455,32.54545454545455,0.52,3,4,4,11,4063.56,"Big spender, low frequency - upsell events"
C02072,2026-03-31,2024-04-03,26,93350.67,0,727,29.08,29.08,0.0,5,5,4,14,3590.41,Champions - protect
C00119,2026-02-28,2024-04-06,27,93257.16,31,724,27.846153846153847,27.846153846153847,1.11,2,5,4,11,3453.97,Loyal but slipping - reactivate
C02112,2026-01-31,2024-05-12,21,93123.48,59,688,34.4,34.4,1.72,1,3,4,8,4434.45,"Big spender, low frequency - upsell events"
C00510,2026-02-24,2024-08-05,18,93007.84,35,603,35.470588235294116,35.470588235294116,0.99,2,2,4,8,5167.1,"Big spender, low frequency - upsell events"
C00924,2026-03-25,2024-07-08,18,92986.93000000001,6,631,37.11764705882353,37.11764705882353,0.16,5,2,4,11,5165.94,New - convert to second purchase
C02330,2026-03-14,2024-04-12,21,92985.3,17,718,35.9,35.9,0.47,4,3,4,11,4427.87,"Big spender, low frequency - upsell events"
C02116,2026-03-31,2024-05-21,28,92974.26000000001,0,679,25.14814814814815,25.14814814814815,0.0,5,5,4,14,3320.51,Champions - protect
C00954,2026-03-01,2024-04-20,22,92859.70999999999,30,710,33.80952380952381,33.80952380952381,0.89,3,3,4,10,4220.9,"Big spender, low frequency - upsell events"
C02580,2025-12-28,2024-04-01,23,92843.75,93,729,33.13636363636363,33.13636363636363,2.81,1,4,4,9,4036.68,"High value, overdue - call them"
C01270,2026-03-20,2024-04-02,31,92819.01,11,728,24.266666666666666,24.266666666666666,0.45,4,5,4,13,2994.16,Champions - protect
C01249,2026-02-08,2024-04-04,24,92803.61,51,726,31.565217391304348,31.565217391304348,1.62,2,4,4,10,3866.82,Loyal but slipping - reactivate
C00429,2026-03-28,2024-04-25,22,92775.74,3,705,33.57142857142857,33.57142857142857,0.09,5,3,4,12,4217.08,"Big spender, low frequency - upsell events"
C01100,2026-02-15,2024-04-21,20,92747.5,44,709,37.31578947368421,37.31578947368421,1.18,2,2,4,8,4637.38,"Big spender, low frequency - upsell events"
C01369,2026-02-05,2024-04-30,20,92704.12,54,700,36.8421052631579,36.8421052631579,1.47,2,2,4,8,4635.21,"Big spender, low frequency - upsell events"
C00488,2026-03-09,2024-04-27,24,92671.72,22,703,30.565217391304348,30.565217391304348,0.72,3,4,4,11,3861.32,"Big spender, low frequency - upsell events"
C02368,2026-03-11,2024-04-20,23,92609.83,20,710,32.27272727272727,32.27272727272727,0.62,3,4,4,11,4026.51,"Big spender, low frequency - upsell events"
C00572,2026-03-08,2024-05-16,29,92587.79000000001,23,684,24.428571428571427,24.428571428571427,0.94,3,5,4,12,3192.68,"Big spender, low frequency - upsell events"
C02536,2026-03-09,2024-05-05,21,92575.6,22,695,34.75,34.75,0.63,3,3,4,10,4408.36,"Big spender, low frequency - upsell events"
C01102,2026-02-23,2024-04-06,15,92556.84000000001,36,724,51.714285714285715,51.714285714285715,0.7,2,1,4,7,6170.46,"Big spender, low frequency - upsell events"
C02006,2026-03-26,2024-04-11,24,92532.76000000001,5,719,31.26086956521739,31.26086956521739,0.16,5,4,4,13,3855.53,Champions - protect
C01974,2026-03-26,2024-04-27,19,92515.58,5,703,39.05555555555556,39.05555555555556,0.13,5,2,4,11,4869.24,New - convert to second purchase
C01605,2026-03-27,2024-04-01,26,92476.64,4,729,29.16,29.16,0.14,5,5,4,14,3556.79,Champions - protect
C00156,2026-02-24,2024-04-06,29,92379.36,35,724,25.857142857142858,25.857142857142858,1.35,2,5,4,11,3185.5,Loyal but slipping - reactivate
C00841,2026-03-24,2024-04-26,15,92356.82,7,704,50.285714285714285,50.285714285714285,0.14,4,1,4,9,6157.12,New - convert to second purchase
C01754,2026-03-30,2024-05-07,23,92282.11,1,693,31.5,31.5,0.03,5,4,4,13,4012.27,Champions - protect
C00383,2026-02-23,2024-04-29,26,92250.26,36,701,28.04,28.04,1.28,2,5,4,11,3548.09,Loyal but slipping - reactivate
C00221,2026-03-16,2024-04-13,27,92240.29000000001,15,717,27.576923076923077,27.576923076923077,0.54,4,5,4,13,3416.31,Champions - protect
C02266,2026-03-22,2024-04-17,27,92219.73,9,713,27.423076923076923,27.423076923076923,0.33,4,5,4,13,3415.55,Champions - protect
C01505,2026-03-15,2024-04-11,29,92176.47,16,719,25.678571428571427,25.678571428571427,0.62,4,5,4,13,3178.5,Champions - protect
C00068,2026-03-07,2024-04-26,23,92096.61,24,704,32.0,32.0,0.75,3,4,4,11,4004.2,"Big spender, low frequency - upsell events"
C01612,2026-02-22,2024-04-02,27,92078.5,37,728,28.0,28.0,1.32,2,5,4,11,3410.31,Loyal but slipping - reactivate
C00283,2026-03-08,2024-04-09,17,92010.25,23,721,45.0625,45.0625,0.51,3,1,4,8,5412.37,"Big spender, low frequency - upsell events"
C02325,2026-03-23,2024-06-10,18,92001.15,8,659,38.76470588235294,38.76470588235294,0.21,4,2,4,10,5111.17,New - convert to second purchase
C00952,2026-03-25,2024-04-11,33,91846.93,6,719,22.46875,22.46875,0.27,5,5,4,14,2783.24,Champions - protect
C02421,2026-03-13,2024-04-14,22,91843.57,18,716,34.095238095238095,34.095238095238095,0.53,3,4,4,11,4174.71,"Big spender, low frequency - upsell events"
C01298,2026-03-19,2024-04-22,25,91834.65,12,708,29.5,29.5,0.41,4,4,4,12,3673.39,Champions - protect
C00857,2026-03-21,2024-04-28,17,91829.88,10,702,43.875,43.875,0.23,4,1,4,9,5401.76,New - convert to second purchase
C02218,2026-03-14,2024-04-18,25,91758.24,17,712,29.666666666666668,29.666666666666668,0.57,4,5,4,13,3670.33,Champions - protect
C01054,2026-01-04,2024-05-25,22,91737.31,86,675,32.142857142857146,32.142857142857146,2.68,1,3,4,8,4169.88,"High value, overdue - call them"
C00504,2026-03-15,2024-08-31,22,91717.62000000001,16,577,27.476190476190474,27.476190476190474,0.58,4,3,4,11,4168.98,"Big spender, low frequency - upsell events"
C00740,2026-03-04,2024-04-20,25,91693.87000000001,27,710,29.583333333333332,29.583333333333332,0.91,3,4,4,11,3667.75,"Big spender, low frequency - upsell events"
C02390,2026-03-22,2024-04-28,22,91672.79000000001,9,702,33.42857142857143,33.42857142857143,0.27,4,4,4,12,4166.95,Champions - protect
C02110,2026-03-21,2024-05-18,24,91593.25,10,682,29.652173913043477,29.652173913043477,0.34,4,4,4,12,3816.39,Champions - protect
C01712,2025-12-04,2024-04-09,23,91579.37,117,721,32.77272727272727,32.77272727272727,3.57,1,4,4,9,3981.71,"High value, overdue - call them"
C00757,2026-03-31,2024-04-11,26,91572.16,0,719,28.76,28.76,0.0,5,5,4,14,3522.01,Champions - protect
C02080,2026-03-12,2024-04-20,27,91560.74,19,710,27.307692307692307,27.307692307692307,0.7,3,5,4,12,3391.14,"Big spender, low frequency - upsell events"
C00751,2026-03-25,2024-05-22,18,91545.93,6,678,39.88235294117647,39.88235294117647,0.15,5,2,4,11,5085.88,New - convert to second purchase
C00029,2026-03-22,2024-04-15,22,91531.91,9,715,34.04761904761905,34.04761904761905,0.26,4,3,4,11,4160.54,"Big spender, low frequency - upsell events"
C01324,2026-03-31,2024-04-20,33,91484.19,0,710,22.1875,22.1875,0.0,5,5,4,14,2772.25,Champions - protect
C01187,2026-03-14,2024-06-26,23,91325.3,17,643,29.227272727272727,29.227272727272727,0.58,3,4,4,11,3970.67,"Big spender, low frequency - upsell events"
C02581,2026-03-26,2024-04-20,31,91322.7,5,710,23.666666666666668,23.666666666666668,0.21,5,5,4,14,2945.89,Champions - protect
C00850,2026-03-25,2024-04-09,26,91312.56,6,721,28.84,28.84,0.21,5,5,4,14,3512.02,Champions - protect
C02268,2026-02-23,2024-05-21,26,91307.5,36,679,27.16,27.16,1.33,2,5,4,11,3511.83,Loyal but slipping - reactivate
C01317,2026-03-27,2024-04-08,24,91294.52,4,722,31.391304347826086,31.391304347826086,0.13,5,4,4,13,3803.94,Champions - protect
C01517,2026-03-14,2024-04-03,26,91287.5,17,727,29.08,29.08,0.58,3,5,4,12,3511.06,"Big spender, low frequency - upsell events"
C00773,2026-01-06,2024-04-24,16,91265.64,84,706,47.06666666666667,47.06666666666667,1.78,1,1,4,6,5704.1,"Big spender, low frequency - upsell events"
C00316,2025-12-14,2024-04-15,22,91261.3,107,715,34.04761904761905,34.04761904761905,3.14,1,3,4,8,4148.24,"High value, overdue - call them"
C02010,2026-03-02,2024-04-07,29,91261.23,29,723,25.821428571428573,25.821428571428573,1.12,3,5,4,12,3146.94,"Big spender, low frequency - upsell events"
C01482,2026-02-22,2024-05-04,22,91194.25,37,696,33.142857142857146,33.142857142857146,1.12,2,3,4,9,4145.19,"Big spender, low frequency - upsell events"
C02097,2026-03-01,2024-04-18,25,91189.41,30,712,29.666666666666668,29.666666666666668,1.01,3,5,4,12,3647.58,"Big spender, low frequency - upsell events"
C00652,2026-03-28,2024-05-03,21,91127.05,3,697,34.85,34.85,0.09,5,3,4,12,4339.38,"Big spender, low frequency - upsell events"
C00236,2026-03-30,2024-04-20,21,91056.08,1,710,35.5,35.5,0.03,5,3,4,12,4336.0,"Big spender, low frequency - upsell events"
C01167,2026-03-17,2024-04-09,27,91044.45999999999,14,721,27.73076923076923,27.73076923076923,0.5,4,5,4,13,3372.02,Champions - protect
C00490,2026-03-21,2024-04-14,22,91021.15,10,716,34.095238095238095,34.095238095238095,0.29,4,3,4,11,4137.32,"Big spender, low frequency - upsell events"
C01890,2026-02-21,2024-04-18,17,90961.01000000001,38,712,44.5,44.5,0.85,2,1,4,7,5350.65,"Big spender, low frequency - upsell events"
C00882,2026-02-02,2024-04-12,18,90952.59,57,718,42.23529411764706,42.23529411764706,1.35,2,2,4,8,5052.92,"Big spender, low frequency - upsell events"
C00371,2026-03-13,2024-07-22,21,90880.11,18,617,30.85,30.85,0.58,3,3,4,10,4327.62,"Big spender, low frequency - upsell events"
C01842,2026-03-04,2024-04-07,27,90874.06,27,723,27.807692307692307,27.807692307692307,0.97,3,5,4,12,3365.71,"Big spender, low frequency - upsell events"
C01752,2026-02-01,2024-04-11,18,90812.44,58,719,42.294117647058826,42.294117647058826,1.37,1,2,4,7,5045.14,"Big spender, low frequency - upsell events"
C01777,2026-02-26,2024-05-09,18,90771.84,33,691,40.64705882352941,40.64705882352941,0.81,2,2,4,8,5042.88,"Big spender, low frequency - upsell events"
C02012,2026-03-03,2024-04-09,24,90766.31,28,721,31.347826086956523,31.347826086956523,0.89,3,4,4,11,3781.93,"Big spender, low frequency - upsell events"
C02305,2026-03-21,2024-06-05,28,90716.31,10,664,24.59259259259259,24.59259259259259,0.41,4,5,4,13,3239.87,Champions - protect
C01047,2026-03-27,2024-05-10,29,90628.51,4,690,24.642857142857142,24.642857142857142,0.16,5,5,4,14,3125.12,Champions - protect
C00848,2026-03-29,2024-05-29,25,90621.97,2,671,27.958333333333332,27.958333333333332,0.07,5,4,4,13,3624.88,Champions - protect
C00695,2026-03-07,2024-04-11,22,90617.76999999999,24,719,34.23809523809524,34.23809523809524,0.7,3,3,4,10,4118.99,"Big spender, low frequency - upsell events"
C01529,2026-03-27,2024-04-07,26,90577.31,4,723,28.92,28.92,0.14,5,5,4,14,3483.74,Champions - protect
C00817,2026-03-26,2024-05-02,24,90570.79,5,698,30.347826086956523,30.347826086956523,0.16,5,4,4,13,3773.78,Champions - protect
C02345,2026-03-21,2024-05-14,24,90557.68999999999,10,686,29.82608695652174,29.82608695652174,0.34,4,4,4,12,3773.24,Champions - protect
C00790,2026-03-27,2024-05-10,19,90463.62,4,690,38.333333333333336,38.333333333333336,0.1,5,2,4,11,4761.24,New - convert to second purchase
C01308,2026-03-17,2024-05-04,31,90423.93000000001,14,696,23.2,23.2,0.6,4,5,4,13,2916.9,Champions - protect
C01936,2026-03-24,2024-04-06,26,90224.66,7,724,28.96,28.96,0.24,5,5,4,14,3470.18,Champions - protect
C02540,2026-02-26,2024-04-11,23,90207.07,33,719,32.68181818181818,32.68181818181818,1.01,2,4,4,10,3922.05,Loyal but slipping - reactivate
C02425,2026-02-15,2024-04-24,27,90179.11,44,706,27.153846153846153,27.153846153846153,1.62,2,5,4,11,3339.97,Loyal but slipping - reactivate
C01513,2026-03-24,2024-04-30,24,90020.59,7,700,30.434782608695652,30.434782608695652,0.23,5,4,4,13,3750.86,Champions - protect
C02115,2026-03-30,2024-04-04,33,89977.18000000001,1,726,22.6875,22.6875,0.04,5,5,4,14,2726.58,Champions - protect
C01638,2026-02-22,2024-04-12,23,89965.57,37,718,32.63636363636363,32.63636363636363,1.13,2,4,4,10,3911.55,Loyal but slipping - reactivate
C00368,2025-11-03,2024-05-18,21,89955.81,148,682,34.1,34.1,4.34,1,3,4,8,4283.61,"High value, overdue - call them"
C02472,2026-03-01,2024-05-04,26,89920.93000000001,30,696,27.84,27.84,1.08,3,5,4,12,3458.5,"Big spender, low frequency - upsell events"
C02389,2026-03-26,2024-04-02,21,89892.64,5,728,36.4,36.4,0.14,5,3,4,12,4280.6,"Big spender, low frequency - upsell events"
C00907,2026-03-29,2024-07-28,22,89892.48,2,611,29.095238095238095,29.095238095238095,0.07,5,3,4,12,4086.02,"Big spender, low frequency - upsell events"
C00476,2026-03-21,2024-04-09,25,89879.39,10,721,30.041666666666668,30.041666666666668,0.33,4,4,4,12,3595.18,Champions - protect
C00963,2026-03-16,2024-04-19,22,89862.08,15,711,33.857142857142854,33.857142857142854,0.44,4,3,4,11,4084.64,"Big spender, low frequency - upsell events"
C02190,2026-03-24,2024-04-11,24,89796.32,7,719,31.26086956521739,31.26086956521739,0.22,5,4,4,13,3741.51,Champions - protect
C01501,2026-03-28,2024-05-25,31,89765.07,3,675,22.5,22.5,0.13,5,5,4,14,2895.65,Champions - protect
C00810,2026-03-16,2024-04-14,30,89683.3,15,716,24.689655172413794,24.689655172413794,0.61,4,5,4,13,2989.44,Champions - protect
C00250,2026-02-15,2024-04-28,26,89655.83,44,702,28.08,28.08,1.57,2,5,4,11,3448.3,Loyal but slipping - reactivate
C00369,2025-12-10,2024-04-06,22,89646.65,111,724,34.476190476190474,34.476190476190474,3.22,1,3,4,8,4074.85,"High value, overdue - call them"
C00820,2026-03-14,2024-04-23,30,89586.99,17,707,24.379310344827587,24.379310344827587,0.7,3,5,4,12,2986.23,"Big spender, low frequency - upsell events"
C01986,2026-01-17,2024-04-04,33,89573.45999999999,73,726,22.6875,22.6875,3.22,1,5,4,10,2714.35,"High value, overdue - call them"
C02426,2026-03-27,2024-05-21,27,89537.93,4,679,26.115384615384617,26.115384615384617,0.15,5,5,4,14,3316.22,Champions - protect
C00870,2026-03-15,2024-05-25,14,89500.62999999999,16,675,51.92307692307692,51.92307692307692,0.31,4,1,4,9,6392.9,New - convert to second purchase
C01040,2026-01-12,2024-04-08,24,89495.32,78,722,31.391304347826086,31.391304347826086,2.48,1,4,4,9,3728.97,"High value, overdue - call them"
C00618,2026-03-07,2024-04-04,28,89325.88,24,726,26.88888888888889,26.88888888888889,0.89,3,5,4,12,3190.21,"Big spender, low frequency - upsell events"
C00277,2026-02-17,2024-04-19,23,89325.45,42,711,32.31818181818182,32.31818181818182,1.3,2,4,4,10,3883.72,Loyal but slipping - reactivate
C00758,2026-03-25,2024-04-04,20,89300.65,6,726,38.21052631578947,38.21052631578947,0.16,5,2,4,11,4465.03,New - convert to second purchase
C01791,2026-03-15,2024-04-14,20,89270.3,16,716,37.68421052631579,37.68421052631579,0.42,4,3,4,11,4463.52,"Big spender, low frequency - upsell events"
C02102,2026-02-11,2024-05-05,22,89246.84,48,695,33.095238095238095,33.095238095238095,1.45,2,4,4,10,4056.67,Loyal but slipping - reactivate
C00764,2026-03-25,2024-04-20,30,89227.5,6,710,24.482758620689655,24.482758620689655,0.25,5,5,4,14,2974.25,Champions - protect
C01753,2026-03-24,2024-04-21,24,89199.28,7,709,30.82608695652174,30.82608695652174,0.23,5,4,4,13,3716.64,Champions - protect
C00310,2026-03-31,2024-04-16,28,89166.72,0,714,26.444444444444443,26.444444444444443,0.0,5,5,4,14,3184.53,Champions - protect
C01705,2026-02-22,2024-04-26,32,89129.51,37,704,22.70967741935484,22.70967741935484,1.63,2,5,4,11,2785.3,Loyal but slipping - reactivate
C02436,2026-01-23,2024-05-23,20,89127.99,67,677,35.63157894736842,35.63157894736842,1.88,1,3,4,8,4456.4,"Big spender, low frequency - upsell events"
C01667,2025-12-18,2024-04-06,23,89076.9,103,724,32.90909090909091,32.90909090909091,3.13,1,4,4,9,3872.91,"High value, overdue - call them"
C00075,2025-12-19,2024-05-11,18,89067.54,102,689,40.529411764705884,40.529411764705884,2.52,1,1,4,6,4948.2,"High value, overdue - call them"
C00106,2026-02-07,2024-05-05,26,89060.8,52,695,27.8,27.8,1.87,2,5,4,11,3425.42,Loyal but slipping - reactivate
C00868,2026-03-22,2024-05-02,23,88990.46,9,698,31.727272727272727,31.727272727272727,0.28,4,4,4,12,3869.15,Champions - protect
C02322,2026-02-08,2024-04-15,28,88948.39,51,715,26.48148148148148,26.48148148148148,1.93,2,5,4,11,3176.73,Loyal but slipping - reactivate
C01646,2026-02-07,2024-07-07,24,88740.05,52,632,27.47826086956522,27.47826086956522,1.89,2,4,4,10,3697.5,Loyal but slipping - reactivate
C02144,2026-01-15,2024-04-19,17,88721.33,75,711,44.4375,44.4375,1.69,1,1,4,6,5218.9,"Big spender, low frequency - upsell events"
C00022,2026-03-06,2024-05-07,21,88692.81,25,693,34.65,34.65,0.72,3,3,4,10,4223.47,"Big spender, low frequency - upsell events"
C01618,2026-01-09,2024-04-01,24,88675.02,81,729,31.695652173913043,31.695652173913043,2.56,1,4,4,9,3694.79,"High value, overdue - call them"
C00041,2026-03-08,2024-04-20,31,88666.12,23,710,23.666666666666668,23.666666666666668,0.97,3,5,4,12,2860.2,"Big spender, low frequency - upsell events"
C02277,2026-03-23,2024-04-08,17,88645.18000000001,8,722,45.125,45.125,0.18,4,1,4,9,5214.42,New - convert to second purchase
C00299,2026-03-22,2024-05-26,26,88597.70999999999,9,674,26.96,26.96,0.33,4,5,4,13,3407.6,Champions - protect
C00559,2026-03-25,2024-04-15,23,88591.4,6,715,32.5,32.5,0.18,5,4,4,13,3851.8,Champions - protect
C02507,2026-03-28,2024-06-12,18,88587.49,3,657,38.64705882352941,38.64705882352941,0.08,5,2,4,11,4921.53,New - convert to second purchase
C01758,2026-01-10,2024-04-27,22,88582.44,80,703,33.476190476190474,33.476190476190474,2.39,1,3,4,8,4026.47,"High value, overdue - call them"
C00288,2026-03-29,2024-04-01,20,88581.63,2,729,38.36842105263158,38.36842105263158,0.05,5,2,4,11,4429.08,New - convert to second purchase
C00668,2026-03-13,2024-06-04,22,88486.48,18,665,31.666666666666668,31.666666666666668,0.57,3,3,4,10,4022.11,"Big spender, low frequency - upsell events"
C01185,2026-03-17,2024-04-19,22,88450.53,14,711,33.857142857142854,33.857142857142854,0.41,4,3,4,11,4020.48,"Big spender, low frequency - upsell events"
C01097,2026-03-22,2024-04-09,31,88419.88,9,721,24.033333333333335,24.033333333333335,0.37,4,5,4,13,2852.25,Champions - protect
C00788,2026-01-01,2024-06-16,16,88413.26999999999,89,653,43.53333333333333,43.53333333333333,2.04,1,1,4,6,5525.83,"High value, overdue - call them"
C02065,2026-03-13,2024-04-18,28,88343.76,18,712,26.37037037037037,26.37037037037037,0.68,3,5,4,12,3155.13,"Big spender, low frequency - upsell events"
C02021,2026-02-07,2024-04-15,23,88316.67,52,715,32.5,32.5,1.6,2,4,4,10,3839.86,Loyal but slipping - reactivate
C00745,2026-03-28,2024-04-09,24,88216.63,3,721,31.347826086956523,31.347826086956523,0.1,5,4,4,13,3675.69,Champions - protect
C00421,2026-03-29,2024-04-07,31,88213.66,2,723,24.1,24.1,0.08,5,5,4,14,2845.6,Champions - protect
C00912,2026-03-19,2024-04-28,24,88109.12000000001,12,702,30.52173913043478,30.52173913043478,0.39,4,4,4,12,3671.21,Champions - protect
C00591,2026-02-02,2024-05-14,20,88057.2,57,686,36.10526315789474,36.10526315789474,1.58,2,2,4,8,4402.86,"Big spender, low frequency - upsell events"
C00948,2026-03-22,2024-04-21,25,88021.77,9,709,29.541666666666668,29.541666666666668,0.3,4,4,4,12,3520.87,Champions - protect
C01030,2026-03-24,2024-04-26,26,88000.25,7,704,28.16,28.16,0.25,4,5,4,13,3384.62,Champions - protect
C00643,2026-02-19,2024-06-11,25,87968.59,40,658,27.416666666666668,27.416666666666668,1.46,2,4,4,10,3518.74,Loyal but slipping - reactivate
C00658,2026-03-29,2024-04-14,30,87965.8,2,716,24.689655172413794,24.689655172413794,0.08,5,5,4,14,2932.19,Champions - protect
C01953,2026-03-21,2024-05-02,24,87958.13,10,698,30.347826086956523,30.347826086956523,0.33,4,4,4,12,3664.92,Champions - protect
C00241,2026-01-17,2024-05-16,21,87950.01,73,684,34.2,34.2,2.13,1,3,4,8,4188.1,"High value, overdue - call them"
C01882,2026-03-06,2024-04-14,29,87948.42,25,716,25.571428571428573,25.571428571428573,0.98,3,5,4,12,3032.7,"Big spender, low frequency - upsell events"
C01254,2026-02-13,2024-04-06,23,87890.52,46,724,32.90909090909091,32.90909090909091,1.4,2,4,4,10,3821.33,Loyal but slipping - reactivate
C00943,2026-03-15,2024-06-29,21,87857.25,16,640,32.0,32.0,0.5,4,3,4,11,4183.68,"Big spender, low frequency - upsell events"
C00295,2026-02-15,2024-04-11,21,87851.31,44,719,35.95,35.95,1.22,2,3,4,9,4183.4,"Big spender, low frequency - upsell events"
C01053,2026-02-06,2024-04-07,22,87834.91,53,723,34.42857142857143,34.42857142857143,1.54,2,3,4,9,3992.5,"Big spender, low frequency - upsell events"
C02447,2026-02-22,2024-05-04,23,87798.52,37,696,31.636363636363637,31.636363636363637,1.17,2,4,4,10,3817.33,Loyal but slipping - reactivate
C00679,2026-03-29,2024-05-04,25,87797.51,2,696,29.0,29.0,0.07,5,4,4,13,3511.9,Champions - protect
C02020,2026-02-15,2024-07-03,21,87771.59,44,636,31.8,31.8,1.38,2,3,4,9,4179.6,"Big spender, low frequency - upsell events"
C01189,2026-03-25,2024-04-13,25,87765.06,6,717,29.875,29.875,0.2,5,4,4,13,3510.6,Champions - protect
C02543,2025-12-14,2024-04-07,19,87715.93,107,723,40.166666666666664,40.166666666666664,2.66,1,2,4,7,4616.63,"High value, overdue - call them"
C01594,2026-03-29,2024-04-23,34,87672.33,2,707,21.424242424242426,21.424242424242426,0.09,5,5,4,14,2578.6,Champions - protect
C00160,2025-12-30,2024-04-24,27,87650.31999999999,91,706,27.153846153846153,27.153846153846153,3.35,1,5,4,10,3246.31,"High value, overdue - call them"
C02359,2026-03-29,2024-05-27,31,87557.82,2,673,22.433333333333334,22.433333333333334,0.09,5,5,4,14,2824.45,Champions - protect
C01929,2026-03-29,2024-04-12,21,87369.67,2,718,35.9,35.9,0.06,5,3,4,12,4160.46,"Big spender, low frequency - upsell events"
C00172,2026-03-22,2024-04-01,24,87338.56,9,729,31.695652173913043,31.695652173913043,0.28,4,4,4,12,3639.11,Champions - protect
C01260,2026-03-22,2024-04-26,29,87331.41,9,704,25.142857142857142,25.142857142857142,0.36,4,5,4,13,3011.43,Champions - protect
C00536,2026-03-29,2024-04-26,26,87277.55,2,704,28.16,28.16,0.07,5,5,4,14,3356.83,Champions - protect
C00204,2026-03-03,2024-05-05,29,87268.37,28,695,24.821428571428573,24.821428571428573,1.13,3,5,4,12,3009.25,"Big spender, low frequency - upsell events"
C01970,2026-03-14,2024-05-04,26,87233.56999999999,17,696,27.84,27.84,0.61,3,5,4,12,3355.14,"Big spender, low frequency - upsell events"
C01515,2026-03-06,2024-10-09,17,87204.29,25,538,33.625,33.625,0.74,3,1,4,8,5129.66,"Big spender, low frequency - upsell events"
C01044,2026-02-14,2024-04-29,24,87171.95999999999,45,701,30.47826086956522,30.47826086956522,1.48,2,4,4,10,3632.16,Loyal but slipping - reactivate
C01697,2026-03-15,2024-04-28,22,87113.86,16,702,33.42857142857143,33.42857142857143,0.48,4,3,4,11,3959.72,"Big spender, low frequency - upsell events"
C01852,2026-03-28,2024-05-29,20,87074.34,3,671,35.31578947368421,35.31578947368421,0.08,5,3,4,12,4353.72,"Big spender, low frequency - upsell events"
C01081,2026-01-15,2024-06-17,24,87058.72,75,652,28.347826086956523,28.347826086956523,2.65,1,4,4,9,3627.45,"High value, overdue - call them"
C01932,2026-03-03,2024-05-01,20,87006.65,28,699,36.78947368421053,36.78947368421053,0.76,3,3,4,10,4350.33,"Big spender, low frequency - upsell events"
C01129,2026-03-07,2024-06-09,20,86978.72,24,660,34.73684210526316,34.73684210526316,0.69,3,2,4,9,4348.94,"Big spender, low frequency - upsell events"
C00582,2026-03-16,2024-04-17,23,86965.9,15,713,32.40909090909091,32.40909090909091,0.46,4,4,4,12,3781.13,Champions - protect
C00150,2026-03-18,2024-05-16,21,86891.29,13,684,34.2,34.2,0.38,4,3,4,11,4137.68,"Big spender, low frequency - upsell events"
C00419,2026-01-14,2024-04-23,20,86861.73999999999,76,707,37.21052631578947,37.21052631578947,2.04,1,2,4,7,4343.09,"High value, overdue - call them"
C00388,2026-02-21,2024-04-28,21,86830.65,38,702,35.1,35.1,1.08,2,3,4,9,4134.79,"Big spender, low frequency - upsell events"
C01352,2026-03-11,2024-04-03,29,86813.34,20,727,25.964285714285715,25.964285714285715,0.77,3,5,4,12,2993.56,"Big spender, low frequency - upsell events"
C00727,2026-03-15,2024-04-08,25,86800.23,16,722,30.083333333333332,30.083333333333332,0.53,4,4,4,12,3472.01,Champions - protect
C01873,2026-03-17,2024-06-02,22,86796.54,14,667,31.761904761904763,31.761904761904763,0.44,4,3,4,11,3945.3,"Big spender, low frequency - upsell events"
C00251,2026-03-14,2024-04-06,21,86793.34,17,724,36.2,36.2,0.47,3,3,4,10,4133.02,"Big spender, low frequency - upsell events"
C02565,2026-02-15,2024-04-26,28,86773.35,44,704,26.074074074074073,26.074074074074073,1.69,2,5,4,11,3099.05,Loyal but slipping - reactivate
C02284,2026-03-26,2024-05-14,20,86766.77,5,686,36.10526315789474,36.10526315789474,0.14,5,3,4,12,4338.34,"Big spender, low frequency - upsell events"
C00056,2026-03-21,2024-04-28,29,86713.88,10,702,25.071428571428573,25.071428571428573,0.4,4,5,4,13,2990.13,Champions - protect
C01698,2026-03-25,2024-04-16,25,86703.18,6,714,29.75,29.75,0.2,5,4,4,13,3468.13,Champions - protect
C00956,2026-03-21,2024-04-16,21,86692.91,10,714,35.7,35.7,0.28,4,3,4,11,4128.23,"Big spender, low frequency - upsell events"
C01859,2026-03-24,2024-04-12,26,86641.81999999999,7,718,28.72,28.72,0.24,5,5,4,14,3332.38,Champions - protect
C02512,2025-12-07,2024-05-06,17,86611.92,114,694,43.375,43.375,2.63,1,1,4,6,5094.82,"High value, overdue - call them"
C02364,2026-01-15,2024-05-23,22,86543.25,75,677,32.23809523809524,32.23809523809524,2.33,1,4,4,9,3933.78,"High value, overdue - call them"
C00753,2026-02-26,2024-04-23,29,86495.76000000001,33,707,25.25,25.25,1.31,2,5,4,11,2982.61,Loyal but slipping - reactivate
C00862,2026-02-21,2024-05-01,21,86492.91,38,699,34.95,34.95,1.09,2,3,4,9,4118.71,"Big spender, low frequency - upsell events"
C00244,2025-10-23,2024-04-16,16,86432.16,159,714,47.6,47.6,3.34,1,1,4,6,5402.01,"High value, overdue - call them"
C00888,2026-03-03,2024-04-08,25,86423.19,28,722,30.083333333333332,30.083333333333332,0.93,3,4,4,11,3456.93,"Big spender, low frequency - upsell events"
C00698,2026-02-15,2024-04-10,30,86379.97,44,720,24.82758620689655,24.82758620689655,1.77,2,5,4,11,2879.33,Loyal but slipping - reactivate
C02402,2026-02-13,2024-04-14,24,86325.1,46,716,31.130434782608695,31.130434782608695,1.48,2,4,4,10,3596.88,Loyal but slipping - reactivate
C00348,2026-02-09,2024-04-01,25,86305.44,50,729,30.375,30.375,1.65,2,4,4,10,3452.22,Loyal but slipping - reactivate
C00092,2026-03-07,2024-04-04,27,86298.18,24,726,27.923076923076923,27.923076923076923,0.86,3,5,4,12,3196.23,"Big spender, low frequency - upsell events"
C00702,2025-11-15,2024-05-01,21,86262.76,136,699,34.95,34.95,3.89,1,3,4,8,4107.75,"High value, overdue - call them"
C01316,2026-01-24,2024-04-28,17,86241.57,66,702,43.875,43.875,1.5,1,1,4,6,5073.03,"Big spender, low frequency - upsell events"
C00558,2026-02-20,2024-04-07,14,86228.34,39,723,55.61538461538461,55.61538461538461,0.7,2,1,4,7,6159.17,"Big spender, low frequency - upsell events"
C00453,2026-03-01,2024-04-11,27,86200.04000000001,30,719,27.653846153846153,27.653846153846153,1.08,3,5,4,12,3192.59,"Big spender, low frequency - upsell events"
C01070,2026-03-28,2024-10-02,22,86166.44,3,545,25.952380952380953,25.952380952380953,0.12,5,3,4,12,3916.66,"Big spender, low frequency - upsell events"
C00148,2026-02-01,2024-05-09,17,86121.55,58,691,43.1875,43.1875,1.34,1,1,4,6,5065.97,"Big spender, low frequency - upsell events"
C00928,2026-03-25,2024-04-21,20,86095.18,6,709,37.31578947368421,37.31578947368421,0.16,5,2,4,11,4304.76,New - convert to second purchase
C02213,2026-02-28,2024-08-09,24,86039.16,31,599,26.043478260869566,26.043478260869566,1.19,3,4,4,11,3584.96,"Big spender, low frequency - upsell events"
C02482,2026-01-14,2024-05-04,22,86037.33,76,696,33.142857142857146,33.142857142857146,2.29,1,4,4,9,3910.79,"High value, overdue - call them"
C00715,2026-03-22,2024-06-12,25,85991.73999999999,9,657,27.375,27.375,0.33,4,4,4,12,3439.67,Champions - protect
C01263,2026-02-01,2024-04-20,23,85984.98,58,710,32.27272727272727,32.27272727272727,1.8,1,4,4,9,3738.48,Loyal but slipping - reactivate
C00193,2026-03-31,2024-04-02,21,85937.94,0,728,36.4,36.4,0.0,5,3,4,12,4092.28,"Big spender, low frequency - upsell events"
C00129,2026-03-15,2024-04-02,26,85801.77,16,728,29.12,29.12,0.55,4,5,4,13,3300.07,Champions - protect
C01707,2026-03-30,2024-04-17,21,85776.24,1,713,35.65,35.65,0.03,5,3,4,12,4084.58,"Big spender, low frequency - upsell events"
C00620,2026-03-15,2024-04-11,25,85704.09999999999,16,719,29.958333333333332,29.958333333333332,0.53,4,4,4,12,3428.16,Champions - protect
C00927,2026-03-28,2024-05-16,24,85679.88,3,684,29.73913043478261,29.73913043478261,0.1,5,4,4,13,3570.0,Champions - protect
C02551,2026-03-19,2024-04-13,23,85640.26,12,717,32.59090909090909,32.59090909090909,0.37,4,4,4,12,3723.49,Champions - protect
C00897,2026-03-27,2024-07-30,19,85546.8,4,609,33.833333333333336,33.833333333333336,0.12,5,2,4,11,4502.46,New - convert to second purchase
C01076,2026-03-10,2024-04-14,25,85522.13,21,716,29.833333333333332,29.833333333333332,0.7,3,4,4,11,3420.89,"Big spender, low frequency - upsell events"
C00750,2026-03-20,2024-04-21,20,85464.65,11,709,37.31578947368421,37.31578947368421,0.29,4,2,4,10,4273.23,New - convert to second purchase
C00789,2026-03-24,2024-06-08,20,85432.81000000001,7,661,34.78947368421053,34.78947368421053,0.2,4,2,4,10,4271.64,New - convert to second purchase
C01888,2026-01-31,2024-08-04,28,85428.13,59,604,22.37037037037037,22.37037037037037,2.64,1,5,4,10,3051.0,"High value, overdue - call them"
C01816,2026-03-31,2024-04-19,26,85404.85,0,711,28.44,28.44,0.0,5,5,4,14,3284.8,Champions - protect
C02370,2026-02-16,2024-05-28,14,85389.3,43,672,51.69230769230769,51.69230769230769,0.83,2,1,4,7,6099.24,"Big spender, low frequency - upsell events"
C01460,2026-02-15,2024-05-03,18,85361.03,44,697,41.0,41.0,1.07,2,2,4,8,4742.28,"Big spender, low frequency - upsell events"
C02412,2026-02-23,2024-09-23,19,85332.03,36,554,30.77777777777778,30.77777777777778,1.17,2,2,4,8,4491.16,"Big spender, low frequency - upsell events"
C01577,2026-01-27,2024-05-02,20,85289.23,63,698,36.73684210526316,36.73684210526316,1.71,1,2,4,7,4264.46,"Big spender, low frequency - upsell events"
C00346,2026-03-28,2024-05-02,27,85273.46,3,698,26.846153846153847,26.846153846153847,0.11,5,5,4,14,3158.28,Champions - protect
C00171,2026-03-14,2024-04-12,25,85109.6,17,718,29.916666666666668,29.916666666666668,0.57,3,4,4,11,3404.38,"Big spender, low frequency - upsell events"
C02336,2026-02-16,2024-04-17,29,84965.15,43,713,25.464285714285715,25.464285714285715,1.69,2,5,4,11,2929.83,Loyal but slipping - reactivate
C00941,2026-03-29,2024-06-06,19,84963.82,2,663,36.833333333333336,36.833333333333336,0.05,5,2,4,11,4471.78,New - convert to second purchase
C01550,2026-03-11,2024-05-07,24,84948.39,20,693,30.130434782608695,30.130434782608695,0.66,3,4,4,11,3539.52,"Big spender, low frequency - upsell events"
C00353,2026-02-05,2024-04-06,22,84878.67,54,724,34.476190476190474,34.476190476190474,1.57,2,3,4,9,3858.12,"Big spender, low frequency - upsell events"
C00934,2026-03-05,2024-04-28,25,84871.26000000001,26,702,29.25,29.25,0.89,3,4,4,11,3394.85,"Big spender, low frequency - upsell events"
C02314,2026-02-18,2024-04-04,24,84855.64,41,726,31.565217391304348,31.565217391304348,1.3,2,4,4,10,3535.65,Loyal but slipping - reactivate
C00290,2026-03-13,2024-05-10,27,84796.48,18,690,26.53846153846154,26.53846153846154,0.68,3,5,4,12,3140.61,"Big spender, low frequency - upsell events"
C02442,2026-03-29,2024-04-19,22,84742.59999999999,2,711,33.857142857142854,33.857142857142854,0.06,5,4,4,13,3851.94,Champions - protect
C00903,2026-02-15,2024-05-10,21,84733.13,44,690,34.5,34.5,1.28,2,3,4,9,4034.91,"Big spender, low frequency - upsell events"
C02411,2026-02-06,2024-07-17,24,84729.56,53,622,27.043478260869566,27.043478260869566,1.96,2,4,4,10,3530.4,Loyal but slipping - reactivate
C01832,2026-03-29,2024-04-07,21,84718.6,2,723,36.15,36.15,0.06,5,3,4,12,4034.22,"Big spender, low frequency - upsell events"
C01739,2026-03-29,2024-04-14,21,84672.43000000001,2,716,35.8,35.8,0.06,5,3,4,12,4032.02,"Big spender, low frequency - upsell events"
C00059,2026-03-21,2024-04-17,22,84608.19,10,713,33.95238095238095,33.95238095238095,0.29,4,3,4,11,3845.83,"Big spender, low frequency - upsell events"
C01558,2026-03-02,2024-04-25,17,84576.18000000001,29,705,44.0625,44.0625,0.66,3,1,4,8,4975.07,"Big spender, low frequency - upsell events"
C00844,2026-03-28,2024-05-08,25,84574.06999999999,3,692,28.833333333333332,28.833333333333332,0.1,5,4,4,13,3382.96,Champions - protect
C01874,2026-01-23,2024-06-20,22,84555.36,67,649,30.904761904761905,30.904761904761905,2.17,1,3,4,8,3843.43,"High value, overdue - call them"
C02578,2026-02-26,2024-04-03,21,84509.66,33,727,36.35,36.35,0.91,2,3,4,9,4024.27,"Big spender, low frequency - upsell events"
C02410,2026-03-29,2024-04-05,27,84457.77,2,725,27.884615384615383,27.884615384615383,0.07,5,5,4,14,3128.07,Champions - protect
C01153,2026-02-18,2024-04-04,22,84445.47,41,726,34.57142857142857,34.57142857142857,1.19,2,3,4,9,3838.43,"Big spender, low frequency - upsell events"
C01652,2026-03-23,2024-05-08,17,84440.0,8,692,43.25,43.25,0.18,4,1,4,9,4967.06,New - convert to second purchase
C02587,2026-02-27,2024-05-06,22,84420.32,32,694,33.04761904761905,33.04761904761905,0.97,2,4,4,10,3837.29,Loyal but slipping - reactivate
C00338,2026-01-29,2024-04-20,26,84419.06999999999,61,710,28.4,28.4,2.15,1,5,4,10,3246.89,"High value, overdue - call them"
C00919,2026-03-28,2024-04-18,30,84366.16,3,712,24.551724137931036,24.551724137931036,0.12,5,5,4,14,2812.21,Champions - protect
C00575,2026-03-22,2024-05-01,24,84362.23,9,699,30.391304347826086,30.391304347826086,0.3,4,4,4,12,3515.09,Champions - protect
C02078,2026-03-29,2024-04-28,20,84332.2,2,702,36.94736842105263,36.94736842105263,0.05,5,3,4,12,4216.61,"Big spender, low frequency - upsell events"
C02186,2026-02-27,2024-04-10,25,84316.33,32,720,30.0,30.0,1.07,2,5,4,11,3372.65,Loyal but slipping - reactivate
C02150,2026-03-13,2024-04-29,22,84302.51,18,701,33.38095238095238,33.38095238095238,0.54,3,4,4,11,3831.93,"Big spender, low frequency - upsell events"
C01751,2026-02-24,2024-04-20,20,84287.04,35,710,37.36842105263158,37.36842105263158,0.94,2,3,4,9,4214.35,"Big spender, low frequency - upsell events"
C01071,2026-03-14,2024-04-12,22,84273.94,17,718,34.19047619047619,34.19047619047619,0.5,3,3,4,10,3830.63,"Big spender, low frequency - upsell events"
C01803,2026-03-28,2024-04-14,22,84246.99,3,716,34.095238095238095,34.095238095238095,0.09,5,3,4,12,3829.41,"Big spender, low frequency - upsell events"
C01463,2026-01-25,2024-04-25,20,84241.08,65,705,37.10526315789474,37.10526315789474,1.75,1,2,4,7,4212.05,"Big spender, low frequency - upsell events"
C01133,2026-03-14,2024-04-07,27,84231.15,17,723,27.807692307692307,27.807692307692307,0.61,3,5,4,12,3119.67,"Big spender, low frequency - upsell events"
C00519,2026-03-21,2024-05-15,23,84204.7,10,685,31.136363636363637,31.136363636363637,0.32,4,4,4,12,3661.07,Champions - protect
C01527,2026-01-16,2024-04-08,23,84164.89,74,722,32.81818181818182,32.81818181818182,2.25,1,4,4,9,3659.34,"High value, overdue - call them"
C01945,2026-03-15,2024-04-13,23,84104.95,16,717,32.59090909090909,32.59090909090909,0.49,4,4,4,12,3656.74,Champions - protect
C01473,2026-01-06,2024-04-14,28,84077.43,84,716,26.51851851851852,26.51851851851852,3.17,1,5,4,10,3002.77,"High value, overdue - call them"
C02372,2026-02-14,2024-04-15,30,83941.68000000001,45,715,24.655172413793103,24.655172413793103,1.83,2,5,4,11,2798.06,Loyal but slipping - reactivate
C01757,2026-02-18,2024-04-27,24,83930.2,41,703,30.565217391304348,30.565217391304348,1.34,2,4,4,10,3497.09,Loyal but slipping - reactivate
C01684,2026-02-28,2024-11-02,18,83874.55,31,514,30.235294117647058,30.235294117647058,1.03,3,2,4,9,4659.7,"Big spender, low frequency - upsell events"
C02105,2026-02-26,2024-04-07,19,83832.67,33,723,40.166666666666664,40.166666666666664,0.82,2,2,4,8,4412.25,"Big spender, low frequency - upsell events"
C01509,2026-03-15,2024-05-11,19,83790.94,16,689,38.27777777777778,38.27777777777778,0.42,4,2,4,10,4410.05,New - convert to second purchase
C00158,2025-12-20,2024-04-20,21,83753.3,101,710,35.5,35.5,2.85,1,3,4,8,3988.25,"High value, overdue - call them"
C00249,2026-03-29,2024-04-04,21,83736.36,2,726,36.3,36.3,0.06,5,3,4,12,3987.45,"Big spender, low frequency - upsell events"
C01679,2026-03-20,2024-07-07,18,83573.72,11,632,37.1764705882353,37.1764705882353,0.3,4,2,4,10,4642.98,New - convert to second purchase
C02211,2026-03-22,2024-04-14,24,83378.31,9,716,31.130434782608695,31.130434782608695,0.29,4,4,4,12,3474.1,Champions - protect
C01141,2026-02-28,2024-05-10,25,83322.5,31,690,28.75,28.75,1.08,2,4,4,10,3332.9,Loyal but slipping - reactivate
C02491,2026-02-27,2024-04-14,19,83322.4,32,716,39.77777777777778,39.77777777777778,0.8,2,2,4,8,4385.39,"Big spender, low frequency - upsell events"
C00682,2026-02-14,2024-04-12,23,83300.01,45,718,32.63636363636363,32.63636363636363,1.38,2,4,4,10,3621.74,Loyal but slipping - reactivate
C01661,2026-03-21,2024-05-04,23,83232.0,10,696,31.636363636363637,31.636363636363637,0.32,4,4,4,12,3618.78,Champions - protect
C01938,2026-02-19,2024-04-12,34,82994.64,40,718,21.757575757575758,21.757575757575758,1.84,2,5,4,11,2441.02,Loyal but slipping - reactivate
C00081,2026-02-28,2024-04-01,25,82823.13,31,729,30.375,30.375,1.02,2,4,4,10,3312.93,Loyal but slipping - reactivate
C01831,2026-03-21,2024-04-06,22,82807.19,10,724,34.476190476190474,34.476190476190474,0.29,4,3,4,11,3763.96,"Big spender, low frequency - upsell events"
C01313,2026-03-14,2024-04-02,25,82798.49,17,728,30.333333333333332,30.333333333333332,0.56,3,4,4,11,3311.94,"Big spender, low frequency - upsell events"
C01410,2026-02-05,2024-07-04,17,82794.4,54,635,39.6875,39.6875,1.36,2,1,4,7,4870.26,"Big spender, low frequency - upsell events"
C01622,2026-02-11,2024-04-08,23,82778.4,48,722,32.81818181818182,32.81818181818182,1.46,2,4,4,10,3599.06,Loyal but slipping - reactivate
C01003,2026-03-19,2024-04-13,22,82775.81,12,717,34.142857142857146,34.142857142857146,0.35,4,3,4,11,3762.54,"Big spender, low frequency - upsell events"
C01440,2026-03-27,2024-04-20,28,82727.79000000001,4,710,26.296296296296298,26.296296296296298,0.15,5,5,4,14,2954.56,Champions - protect
C02366,2026-01-31,2024-06-12,22,82725.76,59,657,31.285714285714285,31.285714285714285,1.89,1,4,4,9,3760.26,Loyal but slipping - reactivate
C00321,2026-03-19,2024-04-10,22,82725.73,12,720,34.285714285714285,34.285714285714285,0.35,4,3,4,11,3760.26,"Big spender, low frequency - upsell events"
C00980,2026-02-19,2024-07-03,24,82723.0,40,636,27.652173913043477,27.652173913043477,1.45,2,4,4,10,3446.79,Loyal but slipping - reactivate
C00260,2026-03-19,2024-05-21,23,82706.73,12,679,30.863636363636363,30.863636363636363,0.39,4,4,4,12,3595.94,Champions - protect
C00724,2026-02-28,2024-04-04,27,82674.67,31,726,27.923076923076923,27.923076923076923,1.11,2,5,4,11,3062.02,Loyal but slipping - reactivate
C01794,2026-03-27,2024-05-15,27,82661.8,4,685,26.346153846153847,26.346153846153847,0.15,5,5,4,14,3061.55,Champions - protect
C01145,2026-01-25,2024-04-03,23,82631.70999999999,65,727,33.04545454545455,33.04545454545455,1.97,1,4,4,9,3592.68,Loyal but slipping - reactivate
C02589,2026-03-11,2024-04-29,15,82622.86,20,701,50.07142857142857,50.07142857142857,0.4,3,1,4,8,5508.19,"Big spender, low frequency - upsell events"
C01455,2026-03-28,2024-09-01,19,82610.4,3,576,32.0,32.0,0.09,5,2,4,11,4347.92,New - convert to second purchase
C00765,2026-02-01,2024-04-28,22,82595.25,58,702,33.42857142857143,33.42857142857143,1.74,1,3,4,8,3754.33,"Big spender, low frequency - upsell events"
C00205,2026-02-18,2024-04-18,28,82577.14,41,712,26.37037037037037,26.37037037037037,1.55,2,5,4,11,2949.18,Loyal but slipping - reactivate
C00230,2026-03-11,2024-04-13,24,82522.71,20,717,31.17391304347826,31.17391304347826,0.64,3,4,4,11,3438.45,"Big spender, low frequency - upsell events"
C01123,2026-02-28,2024-04-05,19,82421.5,31,725,40.27777777777778,40.27777777777778,0.77,2,2,4,8,4337.97,"Big spender, low frequency - upsell events"
C00110,2026-02-12,2024-04-13,17,82386.95,47,717,44.8125,44.8125,1.05,2,1,4,7,4846.29,"Big spender, low frequency - upsell events"
C01637,2026-01-30,2024-04-14,18,82339.81,60,716,42.11764705882353,42.11764705882353,1.42,1,2,4,7,4574.43,"Big spender, low frequency - upsell events"
C00114,2026-03-25,2024-04-13,28,82323.67,6,717,26.555555555555557,26.555555555555557,0.23,5,5,4,14,2940.13,Champions - protect
C02553,2026-02-21,2024-05-01,23,82308.68000000001,38,699,31.772727272727273,31.772727272727273,1.2,2,4,4,10,3578.64,Loyal but slipping - reactivate
C02235,2026-01-28,2024-04-04,21,82251.88,62,726,36.3,36.3,1.71,1,3,4,8,3916.76,"Big spender, low frequency - upsell events"
C01027,2026-03-23,2024-04-02,23,82215.43,8,728,33.09090909090909,33.09090909090909,0.24,4,4,4,12,3574.58,Champions - protect
C01729,2026-02-27,2024-04-04,22,82151.02,32,726,34.57142857142857,34.57142857142857,0.93,2,3,4,9,3734.14,"Big spender, low frequency - upsell events"
C01451,2026-02-15,2024-04-06,22,82134.81,44,724,34.476190476190474,34.476190476190474,1.28,2,3,4,9,3733.4,"Big spender, low frequency - upsell events"
C00508,2026-02-12,2024-05-08,29,82124.52,47,692,24.714285714285715,24.714285714285715,1.9,2,5,4,11,2831.88,Loyal but slipping - reactivate
C00581,2026-03-03,2024-04-15,23,82122.98,28,715,32.5,32.5,0.86,3,4,4,11,3570.56,"Big spender, low frequency - upsell events"
C01669,2026-01-03,2024-06-26,16,82089.53,87,643,42.86666666666667,42.86666666666667,2.03,1,1,4,6,5130.6,"High value, overdue - call them"
C01963,2026-03-20,2024-04-10,29,82066.63,11,720,25.714285714285715,25.714285714285715,0.43,4,5,4,13,2829.88,Champions - protect
C01146,2026-03-30,2024-04-27,26,82045.17,1,703,28.12,28.12,0.04,5,5,4,14,3155.58,Champions - protect
C00392,2026-03-29,2024-04-26,22,81998.45000000001,2,704,33.523809523809526,33.523809523809526,0.06,5,3,4,12,3727.2,"Big spender, low frequency - upsell events"
C01340,2026-02-22,2024-07-14,17,81988.43000000001,37,625,39.0625,39.0625,0.95,2,1,4,7,4822.85,"Big spender, low frequency - upsell events"
C01121,2026-03-28,2024-04-30,25,81958.8,3,700,29.166666666666668,29.166666666666668,0.1,5,4,4,13,3278.35,Champions - protect
C01879,2026-02-15,2024-04-17,22,81868.70999999999,44,713,33.95238095238095,33.95238095238095,1.3,2,3,4,9,3721.3,"Big spender, low frequency - upsell events"
C00734,2026-03-29,2024-05-28,29,81673.83,2,672,24.0,24.0,0.08,5,5,4,14,2816.34,Champions - protect
C01820,2026-03-28,2024-06-09,24,81613.7,3,660,28.695652173913043,28.695652173913043,0.1,5,4,4,13,3400.57,Champions - protect
C02476,2026-03-29,2024-04-20,22,81575.3,2,710,33.80952380952381,33.80952380952381,0.06,5,4,4,13,3707.97,Champions - protect
C00215,2026-03-14,2024-04-19,27,81552.56,17,711,27.346153846153847,27.346153846153847,0.62,3,5,4,12,3020.47,"Big spender, low frequency - upsell events"
C01431,2026-03-22,2024-04-05,21,81540.0,9,725,36.25,36.25,0.25,4,3,4,11,3882.86,"Big spender, low frequency - upsell events"
C01376,2026-03-15,2024-04-13,24,81499.16,16,717,31.17391304347826,31.17391304347826,0.51,4,4,4,12,3395.8,Champions - protect
C01080,2026-03-24,2024-04-06,23,81498.47,7,724,32.90909090909091,32.90909090909091,0.21,4,4,4,12,3543.41,Champions - protect
C00039,2026-03-26,2024-04-04,20,81478.28,5,726,38.21052631578947,38.21052631578947,0.13,5,2,4,11,4073.91,New - convert to second purchase
C01002,2026-02-22,2024-04-11,24,81462.54,37,719,31.26086956521739,31.26086956521739,1.18,2,4,4,10,3394.27,Loyal but slipping - reactivate
C00797,2026-02-01,2024-04-03,24,81454.61,58,727,31.608695652173914,31.608695652173914,1.83,1,4,4,9,3393.94,Loyal but slipping - reactivate
C00289,2026-03-31,2024-07-04,31,81450.4,0,635,21.166666666666668,21.166666666666668,0.0,5,5,4,14,2627.43,Champions - protect
C00513,2026-02-19,2024-04-29,22,81420.55,40,701,33.38095238095238,33.38095238095238,1.2,2,3,4,9,3700.93,"Big spender, low frequency - upsell events"
C02077,2026-03-22,2024-04-14,21,81389.69,9,716,35.8,35.8,0.25,4,3,4,11,3875.7,"Big spender, low frequency - upsell events"
C01118,2026-02-25,2024-05-20,16,81360.77,34,680,45.333333333333336,45.333333333333336,0.75,2,1,4,7,5085.05,"Big spender, low frequency - upsell events"
C00998,2026-02-20,2024-05-11,20,81313.91,39,689,36.26315789473684,36.26315789473684,1.08,2,2,4,8,4065.7,"Big spender, low frequency - upsell events"
C01521,2026-01-25,2024-05-19,23,81309.19,65,681,30.954545454545453,30.954545454545453,2.1,1,4,4,9,3535.18,"High value, overdue - call them"
C01365,2026-01-21,2024-06-10,20,81251.91,69,659,34.68421052631579,34.68421052631579,1.99,1,2,4,7,4062.6,"Big spender, low frequency - upsell events"
C01880,2026-03-29,2024-04-15,19,81245.7,2,715,39.72222222222222,39.72222222222222,0.05,5,2,4,11,4276.09,New - convert to second purchase
C00646,2026-03-26,2024-04-01,33,81216.51,5,729,22.78125,22.78125,0.22,5,5,4,14,2461.11,Champions - protect
C02252,2026-02-21,2024-04-21,20,81116.06999999999,38,709,37.31578947368421,37.31578947368421,1.02,2,3,4,9,4055.8,"Big spender, low frequency - upsell events"
C01064,2026-03-15,2024-04-12,31,81030.34,16,718,23.933333333333334,23.933333333333334,0.67,4,5,4,13,2613.88,Champions - protect
C00631,2026-03-21,2024-04-14,26,80994.35,10,716,28.64,28.64,0.35,4,5,4,13,3115.17,Champions - protect
C01264,2026-02-05,2024-04-05,26,80951.66,54,725,29.0,29.0,1.86,2,5,4,11,3113.53,Loyal but slipping - reactivate
C00839,2026-02-24,2024-04-08,30,80948.54,35,722,24.896551724137932,24.896551724137932,1.41,2,5,4,11,2698.28,Loyal but slipping - reactivate
C01692,2026-02-16,2024-05-10,17,80900.37000000001,43,690,43.125,43.125,1.0,2,1,4,7,4758.85,"Big spender, low frequency - upsell events"
C01283,2026-03-26,2024-05-13,22,80822.97,5,687,32.714285714285715,32.714285714285715,0.15,5,3,4,12,3673.77,"Big spender, low frequency - upsell events"
C00624,2026-02-12,2024-04-18,19,80817.58,47,712,39.55555555555556,39.55555555555556,1.19,2,2,4,8,4253.56,"Big spender, low frequency - upsell events"
C01867,2026-03-24,2024-05-02,25,80815.31,7,698,29.083333333333332,29.083333333333332,0.24,5,5,4,14,3232.61,Champions - protect
C02086,2026-01-03,2024-04-27,30,80776.74,87,703,24.24137931034483,24.24137931034483,3.59,1,5,4,10,2692.56,"High value, overdue - call them"
C02082,2026-03-08,2024-04-19,26,80673.52,23,711,28.44,28.44,0.81,3,5,4,12,3102.83,"Big spender, low frequency - upsell events"
C00865,2026-03-15,2024-07-07,15,80608.32,16,632,45.142857142857146,45.142857142857146,0.35,4,1,4,9,5373.89,New - convert to second purchase
C01693,2026-03-17,2024-04-19,18,80601.92,14,711,41.8235294117647,41.8235294117647,0.33,4,2,4,10,4477.88,New - convert to second purchase
C01180,2026-03-05,2024-05-16,23,80568.28,26,684,31.09090909090909,31.09090909090909,0.84,3,4,4,11,3502.97,"Big spender, low frequency - upsell events"
C01050,2026-03-16,2024-04-29,19,80530.57,15,701,38.94444444444444,38.94444444444444,0.39,4,2,4,10,4238.45,New - convert to second purchase
C00826,2026-03-13,2024-07-04,15,80520.44,18,635,45.357142857142854,45.357142857142854,0.4,3,1,4,8,5368.03,"Big spender, low frequency - upsell events"
C00564,2026-03-08,2024-05-23,23,80496.28,23,677,30.772727272727273,30.772727272727273,0.75,3,4,4,11,3499.84,"Big spender, low frequency - upsell events"
C02188,2026-01-25,2024-04-03,23,80400.16,65,727,33.04545454545455,33.04545454545455,1.97,1,4,4,9,3495.66,Loyal but slipping - reactivate
C00535,2026-03-31,2024-04-24,21,80395.62,0,706,35.3,35.3,0.0,5,3,4,12,3828.36,"Big spender, low frequency - upsell events"
C00063,2026-02-26,2024-04-01,27,80342.21,33,729,28.03846153846154,28.03846153846154,1.18,2,5,4,11,2975.64,Loyal but slipping - reactivate
C01136,2025-10-08,2024-05-15,19,80291.29,174,685,38.05555555555556,38.05555555555556,4.57,1,2,4,7,4225.86,"High value, overdue - call them"
C01427,2026-03-22,2024-04-13,28,80289.96,9,717,26.555555555555557,26.555555555555557,0.34,4,5,4,13,2867.5,Champions - protect
C01154,2026-03-22,2024-05-16,28,80284.96,9,684,25.333333333333332,25.333333333333332,0.36,4,5,4,13,2867.32,Champions - protect
C01716,2026-03-25,2024-05-16,20,80268.09,6,684,36.0,36.0,0.17,5,3,4,12,4013.4,"Big spender, low frequency - upsell events"
C00637,2026-03-14,2024-06-06,21,80250.77,17,663,33.15,33.15,0.51,3,3,4,10,3821.47,"Big spender, low frequency - upsell events"
C00638,2025-12-08,2024-04-19,23,80225.76,113,711,32.31818181818182,32.31818181818182,3.5,1,4,4,9,3488.08,"High value, overdue - call them"
C00332,2026-03-12,2024-05-08,22,80205.39,19,692,32.95238095238095,32.95238095238095,0.58,3,3,4,10,3645.7,"Big spender, low frequency - upsell events"
C01305,2026-02-06,2024-04-11,26,80166.54000000001,53,719,28.76,28.76,1.84,2,5,4,11,3083.33,Loyal but slipping - reactivate
C02424,2026-03-25,2024-05-17,24,80116.1,6,683,29.695652173913043,29.695652173913043,0.2,5,4,4,13,3338.17,Champions - protect
C00813,2026-02-28,2024-04-14,31,80106.41,31,716,23.866666666666667,23.866666666666667,1.3,2,5,4,11,2584.08,Loyal but slipping - reactivate
C00479,2026-01-29,2024-05-29,20,80073.3,61,671,35.31578947368421,35.31578947368421,1.73,1,2,4,7,4003.66,"Big spender, low frequency - upsell events"
C00871,2026-02-08,2024-05-03,27,80001.22,51,697,26.807692307692307,26.807692307692307,1.9,2,5,4,11,2963.01,Loyal but slipping - reactivate
C01348,2026-03-15,2024-04-27,20,79993.78,16,703,37.0,37.0,0.43,4,2,4,10,3999.69,New - convert to second purchase
C00965,2026-02-27,2024-04-13,23,79975.84,32,717,32.59090909090909,32.59090909090909,0.98,2,4,4,10,3477.21,Loyal but slipping - reactivate
C02500,2026-03-05,2024-04-01,24,79935.71,26,729,31.695652173913043,31.695652173913043,0.82,3,4,4,11,3330.65,"Big spender, low frequency - upsell events"
C01776,2026-03-29,2024-06-17,23,79914.78,2,652,29.636363636363637,29.636363636363637,0.07,5,4,4,13,3474.56,Champions - protect
C00465,2026-02-15,2024-04-20,28,79913.07,44,710,26.296296296296298,26.296296296296298,1.67,2,5,4,11,2854.04,Loyal but slipping - reactivate
C00714,2026-02-22,2024-06-15,22,79903.31,37,654,31.142857142857142,31.142857142857142,1.19,2,3,4,9,3631.97,"Big spender, low frequency - upsell events"
C01990,2026-03-14,2024-06-11,29,79851.03,17,658,23.5,23.5,0.72,3,5,4,12,2753.48,"Big spender, low frequency - upsell events"
C01214,2026-03-09,2024-04-28,24,79847.48,22,702,30.52173913043478,30.52173913043478,0.72,3,4,4,11,3326.98,"Big spender, low frequency - upsell events"
C00373,2026-03-22,2024-04-14,18,79804.97,9,716,42.11764705882353,42.11764705882353,0.21,4,2,4,10,4433.61,New - convert to second purchase
C00405,2025-12-23,2024-05-24,23,79735.2,98,676,30.727272727272727,30.727272727272727,3.19,1,4,4,9,3466.75,"High value, overdue - call them"
C02347,2026-01-30,2024-05-18,25,79724.04,60,682,28.416666666666668,28.416666666666668,2.11,1,5,4,10,3188.96,"High value, overdue - call them"
C00875,2026-03-19,2024-05-06,25,79702.1,12,694,28.916666666666668,28.916666666666668,0.41,4,4,4,12,3188.08,Champions - protect
C02034,2026-03-31,2024-04-16,22,79697.8,0,714,34.0,34.0,0.0,5,4,4,13,3622.63,Champions - protect
C02557,2026-03-28,2024-06-04,27,79649.43,3,665,25.576923076923077,25.576923076923077,0.12,5,5,4,14,2949.98,Champions - protect
C00945,2026-02-17,2024-05-20,21,79569.2,42,680,34.0,34.0,1.24,2,3,4,9,3789.01,"Big spender, low frequency - upsell events"
C00218,2026-02-22,2024-04-10,18,79560.06999999999,37,720,42.35294117647059,42.35294117647059,0.87,2,1,4,7,4420.0,"Big spender, low frequency - upsell events"
C02172,2026-03-26,2024-05-25,19,79549.73,5,675,37.5,37.5,0.13,5,2,4,11,4186.83,New - convert to second purchase
C01302,2025-12-27,2024-06-30,17,79527.77,94,639,39.9375,39.9375,2.35,1,1,4,6,4678.1,"High value, overdue - call them"
C02544,2026-02-16,2024-05-29,11,79449.35,43,671,67.1,67.1,0.64,2,1,4,7,7222.67,"Big spender, low frequency - upsell events"
C00319,2026-03-21,2024-08-02,24,79444.20999999999,10,606,26.347826086956523,26.347826086956523,0.38,4,4,4,12,3310.18,Champions - protect
C00730,2026-03-25,2024-04-06,25,79441.25,6,724,30.166666666666668,30.166666666666668,0.2,5,4,4,13,3177.65,Champions - protect
C02590,2026-01-19,2024-05-19,23,79390.31,71,681,30.954545454545453,30.954545454545453,2.29,1,4,4,9,3451.75,"High value, overdue - call them"
C00610,2026-03-03,2024-04-21,21,79367.1,28,709,35.45,35.45,0.79,3,3,4,10,3779.39,"Big spender, low frequency - upsell events"
C01651,2026-03-26,2024-05-03,25,79337.46,5,697,29.041666666666668,29.041666666666668,0.17,5,4,4,13,3173.5,Champions - protect
C01272,2026-01-24,2024-04-17,23,79334.95,66,713,32.40909090909091,32.40909090909091,2.04,1,4,4,9,3449.35,"High value, overdue - call them"
C02035,2026-03-22,2024-04-09,24,79279.11,9,721,31.347826086956523,31.347826086956523,0.29,4,4,4,12,3303.3,Champions - protect
C02331,2026-01-19,2024-05-12,16,79273.12000000001,71,688,45.86666666666667,45.86666666666667,1.55,1,1,4,6,4954.57,"Big spender, low frequency - upsell events"
C00747,2026-03-21,2024-04-13,22,79263.55,10,717,34.142857142857146,34.142857142857146,0.29,4,3,4,11,3602.89,"Big spender, low frequency - upsell events"
C00833,2026-01-19,2024-05-14,21,79256.03,71,686,34.3,34.3,2.07,1,3,4,8,3774.1,"High value, overdue - call them"
C01896,2026-03-31,2024-04-13,21,79240.95999999999,0,717,35.85,35.85,0.0,5,3,4,12,3773.38,"Big spender, low frequency - upsell events"
C01091,2026-02-18,2024-05-24,22,79145.53,41,676,32.19047619047619,32.19047619047619,1.27,2,3,4,9,3597.52,"Big spender, low frequency - upsell events"
C00832,2026-03-22,2024-04-14,27,79140.58,9,716,27.53846153846154,27.53846153846154,0.33,4,5,4,13,2931.13,Champions - protect
C00089,2025-12-19,2024-04-13,24,79124.81,102,717,31.17391304347826,31.17391304347826,3.27,1,4,4,9,3296.87,"High value, overdue - call them"
C01127,2025-12-12,2024-04-15,19,79107.88,109,715,39.72222222222222,39.72222222222222,2.74,1,2,4,7,4163.57,"High value, overdue - call them"
C01048,2026-03-19,2024-04-21,28,79073.13,12,709,26.25925925925926,26.25925925925926,0.46,4,5,4,13,2824.04,Champions - protect
C02203,2026-03-14,2024-04-28,29,79048.85,17,702,25.071428571428573,25.071428571428573,0.68,4,5,4,13,2725.82,Champions - protect
C01109,2025-12-28,2024-04-26,25,79039.15,93,704,29.333333333333332,29.333333333333332,3.17,1,4,4,9,3161.57,"High value, overdue - call them"
C00136,2026-01-27,2024-04-28,19,79006.26999999999,63,702,39.0,39.0,1.62,1,2,4,7,4158.22,"Big spender, low frequency - upsell events"
C00181,2026-03-21,2024-04-24,22,79000.22,10,706,33.61904761904762,33.61904761904762,0.3,4,3,4,11,3590.92,"Big spender, low frequency - upsell events"
C01784,2026-03-07,2024-04-13,23,78976.23,24,717,32.59090909090909,32.59090909090909,0.74,3,4,4,11,3433.75,"Big spender, low frequency - upsell events"
C01609,2026-03-29,2024-04-20,27,78937.62,2,710,27.307692307692307,27.307692307692307,0.07,5,5,4,14,2923.62,Champions - protect
C01518,2026-03-22,2024-04-11,23,78929.2,9,719,32.68181818181818,32.68181818181818,0.28,4,4,4,12,3431.7,Champions - protect
C00936,2025-11-22,2024-04-07,21,78908.12,129,723,36.15,36.15,3.57,1,3,4,8,3757.53,"High value, overdue - call them"
C02531,2026-03-10,2024-04-03,26,78870.25,21,727,29.08,29.08,0.72,3,5,4,12,3033.47,"Big spender, low frequency - upsell events"
C02173,2026-03-24,2024-07-11,27,78854.52,7,628,24.153846153846153,24.153846153846153,0.29,5,5,4,14,2920.54,Champions - protect
C02073,2026-03-14,2024-08-21,27,78854.36,17,587,22.576923076923077,22.576923076923077,0.75,3,5,4,12,2920.53,"Big spender, low frequency - upsell events"
C01996,2026-03-22,2024-05-23,17,78853.14,9,677,42.3125,42.3125,0.21,4,1,4,9,4638.42,New - convert to second purchase
C01372,2026-03-26,2024-04-20,21,78809.97,5,710,35.5,35.5,0.14,5,3,4,12,3752.86,"Big spender, low frequency - upsell events"
C01458,2026-01-29,2024-04-21,23,78772.38,61,709,32.22727272727273,32.22727272727273,1.89,1,4,4,9,3424.89,Loyal but slipping - reactivate
C01623,2026-03-29,2024-04-07,27,78758.03,2,723,27.807692307692307,27.807692307692307,0.07,5,5,4,14,2916.96,Champions - protect
C01273,2026-03-07,2024-04-30,28,78712.0,24,700,25.925925925925927,25.925925925925927,0.93,3,5,4,12,2811.14,"Big spender, low frequency - upsell events"
C01506,2026-03-07,2024-04-13,20,78668.25,24,717,37.73684210526316,37.73684210526316,0.64,3,2,4,9,3933.41,"Big spender, low frequency - upsell events"
C02220,2026-02-06,2024-04-04,21,78650.91,53,726,36.3,36.3,1.46,2,3,4,9,3745.28,"Big spender, low frequency - upsell events"
C01533,2026-02-23,2024-04-07,16,78595.69,36,723,48.2,48.2,0.75,2,1,4,7,4912.23,"Big spender, low frequency - upsell events"
C01419,2026-02-07,2024-04-20,20,78571.04,52,710,37.36842105263158,37.36842105263158,1.39,2,2,4,8,3928.55,"Big spender, low frequency - upsell events"
C02104,2026-03-15,2024-05-03,18,78553.2,16,697,41.0,41.0,0.39,4,2,4,10,4364.07,New - convert to second purchase
C01765,2026-02-27,2024-04-20,16,78547.72,32,710,47.333333333333336,47.333333333333336,0.68,2,1,4,7,4909.23,"Big spender, low frequency - upsell events"
C01785,2026-03-08,2024-04-28,26,78509.73,23,702,28.08,28.08,0.82,3,5,4,12,3019.6,"Big spender, low frequency - upsell events"
C00616,2026-03-26,2024-04-11,27,78480.88,5,719,27.653846153846153,27.653846153846153,0.18,5,5,4,14,2906.7,Champions - protect
C01894,2026-02-07,2024-04-11,21,78470.49,52,719,35.95,35.95,1.45,2,3,4,9,3736.69,"Big spender, low frequency - upsell events"
C01572,2026-03-31,2024-05-04,19,78453.31,0,696,38.666666666666664,38.666666666666664,0.0,5,2,4,11,4129.12,New - convert to second purchase
C01585,2026-03-15,2024-04-28,31,78435.34,16,702,23.4,23.4,0.68,4,5,4,13,2530.17,Champions - protect
C02046,2026-01-11,2024-04-08,24,78430.3,79,722,31.391304347826086,31.391304347826086,2.52,1,4,4,9,3267.93,"High value, overdue - call them"
C00555,2026-01-29,2024-10-01,17,78400.86,61,546,34.125,34.125,1.79,1,1,4,6,4611.82,"Big spender, low frequency - upsell events"
C00659,2026-03-03,2024-04-20,27,78398.34,28,710,27.307692307692307,27.307692307692307,1.03,3,5,4,12,2903.64,"Big spender, low frequency - upsell events"
C01663,2026-03-30,2024-06-19,20,78397.97,1,650,34.21052631578947,34.21052631578947,0.03,5,2,4,11,3919.9,New - convert to second purchase
C01411,2026-02-25,2024-04-14,27,78335.77,34,716,27.53846153846154,27.53846153846154,1.23,2,5,4,11,2901.32,Loyal but slipping - reactivate
C01620,2026-03-21,2024-07-28,25,78328.09,10,611,25.458333333333332,25.458333333333332,0.39,4,4,4,12,3133.12,Champions - protect
C00831,2026-02-15,2024-04-16,19,78269.73,44,714,39.666666666666664,39.666666666666664,1.11,2,2,4,8,4119.46,"Big spender, low frequency - upsell events"
C01544,2026-03-07,2024-04-08,19,78258.66,24,722,40.111111111111114,40.111111111111114,0.6,3,2,4,9,4118.88,"Big spender, low frequency - upsell events"
C01756,2026-03-21,2024-04-26,17,78174.14,10,704,44.0,44.0,0.23,4,1,4,9,4598.48,New - convert to second purchase
C01415,2026-02-09,2024-05-07,19,78172.23,50,693,38.5,38.5,1.3,2,2,4,8,4114.33,"Big spender, low frequency - upsell events"
C00269,2026-03-08,2024-05-11,21,78138.87,23,689,34.45,34.45,0.67,3,3,4,10,3720.9,"Big spender, low frequency - upsell events"
C01484,2026-02-16,2024-04-07,15,78074.58,43,723,51.642857142857146,51.642857142857146,0.83,2,1,4,7,5204.97,"Big spender, low frequency - upsell events"
C02017,2026-01-29,2024-06-25,24,78058.63,61,644,28.0,28.0,2.18,1,4,4,9,3252.44,"High value, overdue - call them"
C02315,2026-03-14,2024-04-13,23,78052.98,17,717,32.59090909090909,32.59090909090909,0.52,4,4,4,12,3393.61,Champions - protect
C00583,2026-03-23,2024-06-02,27,78039.42,8,667,25.653846153846153,25.653846153846153,0.31,4,5,4,13,2890.35,Champions - protect
C01206,2026-03-20,2024-04-21,20,78016.76,11,709,37.31578947368421,37.31578947368421,0.29,4,2,4,10,3900.84,New - convert to second purchase
C00496,2026-03-10,2024-05-25,27,78006.81,21,675,25.96153846153846,25.96153846153846,0.81,3,5,4,12,2889.14,"Big spender, low frequency - upsell events"
C02510,2026-02-12,2024-05-03,28,77981.75,47,697,25.814814814814813,25.814814814814813,1.82,2,5,4,11,2785.06,Loyal but slipping - reactivate
C01499,2026-03-08,2024-04-08,29,77933.56,23,722,25.785714285714285,25.785714285714285,0.89,3,5,4,12,2687.36,"Big spender, low frequency - upsell events"
C00327,2026-01-03,2024-04-17,21,77933.39,87,713,35.65,35.65,2.44,1,3,4,8,3711.11,"High value, overdue - call them"
C00054,2026-03-12,2024-05-05,20,77923.95,19,695,36.578947368421055,36.578947368421055,0.52,3,2,4,9,3896.2,"Big spender, low frequency - upsell events"
C00343,2026-03-08,2024-07-22,27,77902.91,23,617,23.73076923076923,23.73076923076923,0.97,3,5,4,12,2885.29,"Big spender, low frequency - upsell events"
C00454,2026-03-27,2024-05-10,23,77879.46,4,690,31.363636363636363,31.363636363636363,0.13,5,4,4,13,3386.06,Champions - protect
C00472,2026-03-04,2024-07-30,20,77876.28,27,609,32.05263157894737,32.05263157894737,0.84,3,2,4,9,3893.81,"Big spender, low frequency - upsell events"
C01351,2026-03-27,2024-06-03,21,77874.54,4,666,33.3,33.3,0.12,5,3,4,12,3708.31,"Big spender, low frequency - upsell events"
C02056,2025-10-23,2024-04-25,17,77865.55,159,705,44.0625,44.0625,3.61,1,1,4,6,4580.33,"High value, overdue - call them"
C01103,2026-02-22,2024-04-23,30,77830.32,37,707,24.379310344827587,24.379310344827587,1.52,2,5,4,11,2594.34,Loyal but slipping - reactivate
C02261,2026-03-21,2024-04-06,25,77817.04000000001,10,724,30.166666666666668,30.166666666666668,0.33,4,5,4,13,3112.68,Champions - protect
C01747,2026-03-21,2024-05-19,25,77808.69,10,681,28.375,28.375,0.35,4,5,4,13,3112.35,Champions - protect
C00381,2026-03-22,2024-04-27,20,77770.07,9,703,37.0,37.0,0.24,4,2,4,10,3888.5,New - convert to second purchase
C00548,2025-10-11,2024-04-08,19,77755.18,171,722,40.111111111111114,40.111111111111114,4.26,1,2,4,7,4092.38,"High value, overdue - call them"
C01624,2026-01-19,2024-07-12,26,77754.86,71,627,25.08,25.08,2.83,1,5,4,10,2990.57,"High value, overdue - call them"
C02533,2026-03-15,2024-06-25,25,77743.78,16,644,26.833333333333332,26.833333333333332,0.6,4,5,4,13,3109.75,Champions - protect
C00094,2026-03-24,2024-04-03,19,77726.87,7,727,40.388888888888886,40.388888888888886,0.17,4,2,4,10,4090.89,New - convert to second purchase
C01787,2026-01-19,2024-04-18,19,77725.54000000001,71,712,39.55555555555556,39.55555555555556,1.79,1,2,4,7,4090.82,"Big spender, low frequency - upsell events"
C02274,2026-03-21,2024-04-12,30,77701.01,10,718,24.75862068965517,24.75862068965517,0.4,4,5,4,13,2590.03,Champions - protect
C00708,2026-03-13,2024-05-18,24,77677.08,18,682,29.652173913043477,29.652173913043477,0.61,3,4,4,11,3236.54,"Big spender, low frequency - upsell events"
C02229,2026-03-14,2024-04-27,25,77669.67,17,703,29.291666666666668,29.291666666666668,0.58,4,5,4,13,3106.79,Champions - protect
C01454,2026-03-06,2024-04-21,27,77640.4,25,709,27.26923076923077,27.26923076923077,0.92,3,5,4,12,2875.57,"Big spender, low frequency - upsell events"
C01992,2026-03-30,2024-04-02,26,77613.45,1,728,29.12,29.12,0.03,5,5,4,14,2985.13,Champions - protect
C00105,2026-01-30,2024-04-14,20,77612.12,60,716,37.68421052631579,37.68421052631579,1.59,1,2,4,7,3880.61,"Big spender, low frequency - upsell events"
C00372,2026-03-28,2024-04-02,26,77586.37,3,728,29.12,29.12,0.1,5,5,4,14,2984.09,Champions - protect
C01331,2026-03-24,2024-04-13,23,77567.56999999999,7,717,32.59090909090909,32.59090909090909,0.21,5,4,4,13,3372.5,Champions - protect
C01829,2026-02-14,2024-08-16,21,77544.17,45,592,29.6,29.6,1.52,2,3,4,9,3692.58,"Big spender, low frequency - upsell events"
C00426,2026-03-09,2024-05-05,17,77531.99,22,695,43.4375,43.4375,0.51,3,1,4,8,4560.71,"Big spender, low frequency - upsell events"
C02278,2026-03-07,2024-06-08,21,77396.42,24,661,33.05,33.05,0.73,3,3,4,10,3685.54,"Big spender, low frequency - upsell events"
C02343,2026-03-12,2024-04-21,23,77322.76,19,709,32.22727272727273,32.22727272727273,0.59,3,4,4,11,3361.86,"Big spender, low frequency - upsell events"
C01114,2025-12-15,2024-05-17,21,77304.45,106,683,34.15,34.15,3.1,1,3,4,8,3681.16,"High value, overdue - call them"
C02215,2026-02-16,2024-04-28,23,77217.45999999999,43,702,31.90909090909091,31.90909090909091,1.35,2,4,4,10,3357.28,Loyal but slipping - reactivate
C01474,2026-03-07,2024-04-06,34,77123.76000000001,24,724,21.939393939393938,21.939393939393938,1.09,3,5,4,12,2268.35,"Big spender, low frequency - upsell events"
C00077,2026-03-14,2024-04-07,25,77108.81999999999,17,723,30.125,30.125,0.56,3,4,4,11,3084.35,"Big spender, low frequency - upsell events"
C01786,2026-03-28,2024-04-13,23,77096.45,3,717,32.59090909090909,32.59090909090909,0.09,5,4,4,13,3352.02,Champions - protect
C01580,2026-02-28,2024-05-01,17,77059.59,31,699,43.6875,43.6875,0.71,3,1,4,8,4532.92,"Big spender, low frequency - upsell events"
C01459,2026-03-09,2024-04-16,20,77008.51000000001,22,714,37.578947368421055,37.578947368421055,0.59,3,2,4,9,3850.43,"Big spender, low frequency - upsell events"
C01817,2026-03-20,2024-05-13,27,76998.13,11,687,26.423076923076923,26.423076923076923,0.42,4,5,4,13,2851.78,Champions - protect
C01599,2026-02-15,2024-12-03,19,76985.06,44,483,26.833333333333332,26.833333333333332,1.64,2,2,4,8,4051.85,"Big spender, low frequency - upsell events"
C01783,2026-03-29,2024-08-29,19,76954.44,2,579,32.166666666666664,32.166666666666664,0.06,5,2,4,11,4050.23,New - convert to second purchase
C00461,2026-02-13,2024-04-15,27,76913.66,46,715,27.5,27.5,1.67,2,5,4,11,2848.65,Loyal but slipping - reactivate
C00487,2026-03-14,2024-05-02,24,76904.20999999999,17,698,30.347826086956523,30.347826086956523,0.56,3,4,4,11,3204.34,"Big spender, low frequency - upsell events"
C00088,2026-03-30,2024-04-19,17,76882.38,1,711,44.4375,44.4375,0.02,5,1,4,10,4522.49,New - convert to second purchase
C01523,2026-03-07,2024-05-17,20,76873.08,24,683,35.94736842105263,35.94736842105263,0.67,3,2,4,9,3843.65,"Big spender, low frequency - upsell events"
C01923,2026-03-12,2024-04-17,29,76816.69,19,713,25.464285714285715,25.464285714285715,0.75,3,5,4,12,2648.85,"Big spender, low frequency - upsell events"
C01400,2026-01-26,2024-04-05,25,76789.70999999999,64,725,30.208333333333332,30.208333333333332,2.12,1,4,4,9,3071.59,"High value, overdue - call them"
C00977,2026-01-18,2024-04-04,25,76722.71,72,726,30.25,30.25,2.38,1,4,4,9,3068.91,"High value, overdue - call them"
C02293,2026-03-17,2024-05-26,17,76715.45,14,674,42.125,42.125,0.33,4,1,4,9,4512.67,New - convert to second purchase
C00057,2026-03-15,2024-04-08,23,76702.05,16,722,32.81818181818182,32.81818181818182,0.49,4,4,4,12,3334.87,Champions - protect
C02344,2026-03-29,2024-04-01,28,76690.88,2,729,27.0,27.0,0.07,5,5,4,14,2738.96,Champions - protect
C00709,2026-03-03,2024-05-02,22,76682.3,28,698,33.23809523809524,33.23809523809524,0.84,3,3,4,10,3485.56,"Big spender, low frequency - upsell events"
C01621,2026-03-16,2024-04-06,23,76644.72,15,724,32.90909090909091,32.90909090909091,0.46,4,4,4,12,3332.38,Champions - protect
C02479,2026-03-31,2024-05-15,28,76633.33,0,685,25.37037037037037,25.37037037037037,0.0,5,5,4,14,2736.9,Champions - protect
C00441,2026-02-06,2024-04-24,28,76601.22,53,706,26.14814814814815,26.14814814814815,2.03,2,5,4,11,2735.76,"High value, overdue - call them"
C00140,2026-02-11,2024-04-18,18,76600.85,48,712,41.88235294117647,41.88235294117647,1.15,2,1,4,7,4255.6,"Big spender, low frequency - upsell events"
C02555,2026-03-20,2024-04-04,27,76582.58,11,726,27.923076923076923,27.923076923076923,0.39,4,5,4,13,2836.39,Champions - protect
C01327,2026-03-16,2024-04-30,18,76548.92,15,700,41.1764705882353,41.1764705882353,0.36,4,2,4,10,4252.72,New - convert to second purchase
C02566,2026-01-27,2024-04-20,25,76507.23,63,710,29.583333333333332,29.583333333333332,2.13,1,5,4,10,3060.29,"High value, overdue - call them"
C00926,2026-03-28,2024-04-06,26,76498.47,3,724,28.96,28.96,0.1,5,5,4,14,2942.25,Champions - protect
C00778,2026-03-07,2024-04-01,17,76469.04000000001,24,729,45.5625,45.5625,0.53,3,1,4,8,4498.18,"Big spender, low frequency - upsell events"
C00577,2026-03-08,2024-05-11,23,76467.31,23,689,31.318181818181817,31.318181818181817,0.73,3,4,4,11,3324.67,"Big spender, low frequency - upsell events"
C01414,2026-03-29,2024-04-28,28,76419.23,2,702,26.0,26.0,0.08,5,5,4,14,2729.26,Champions - protect
C00466,2026-03-01,2024-09-25,20,76413.01,30,552,29.05263157894737,29.05263157894737,1.03,3,2,4,9,3820.65,"Big spender, low frequency - upsell events"
C00625,2026-03-29,2024-04-24,24,76393.62,2,706,30.695652173913043,30.695652173913043,0.07,5,4,4,13,3183.07,Champions - protect
C00457,2026-01-30,2024-05-22,20,76390.72,60,678,35.68421052631579,35.68421052631579,1.68,1,2,4,7,3819.54,"Big spender, low frequency - upsell events"
C00164,2026-02-23,2024-05-05,21,76390.39,36,695,34.75,34.75,1.04,2,3,4,9,3637.64,"Big spender, low frequency - upsell events"
C00264,2026-02-28,2024-06-20,20,76341.5,31,649,34.1578947368421,34.1578947368421,0.91,2,2,4,8,3817.08,"Big spender, low frequency - upsell events"
C02532,2026-03-16,2024-05-04,20,76208.43,15,696,36.63157894736842,36.63157894736842,0.41,4,3,4,11,3810.42,"Big spender, low frequency - upsell events"
C00079,2026-02-27,2024-04-02,24,76081.08,32,728,31.652173913043477,31.652173913043477,1.01,2,4,4,10,3170.04,Loyal but slipping - reactivate
C00759,2026-03-02,2024-04-19,31,76028.88,29,711,23.7,23.7,1.22,3,5,4,12,2452.54,"Big spender, low frequency - upsell events"
C00117,2026-03-12,2024-04-10,24,75982.64,19,720,31.304347826086957,31.304347826086957,0.61,3,4,4,11,3165.94,"Big spender, low frequency - upsell events"
C00574,2026-02-28,2024-04-10,26,75981.37,31,720,28.8,28.8,1.08,2,5,4,11,2922.36,Loyal but slipping - reactivate
C02354,2026-01-13,2024-04-01,20,75917.87,77,729,38.36842105263158,38.36842105263158,2.01,1,3,4,8,3795.89,"High value, overdue - call them"
C01310,2026-02-14,2024-05-25,22,75877.15,45,675,32.142857142857146,32.142857142857146,1.4,2,3,4,9,3448.96,"Big spender, low frequency - upsell events"
C00067,2026-03-29,2024-05-18,16,75854.91,2,682,45.46666666666667,45.46666666666667,0.04,5,1,4,10,4740.93,New - convert to second purchase
C02357,2026-03-14,2024-04-28,25,75806.52,17,702,29.25,29.25,0.58,4,5,4,13,3032.26,Champions - protect
C01261,2026-01-25,2024-04-06,23,75749.06999999999,65,724,32.90909090909091,32.90909090909091,1.98,1,4,4,9,3293.44,Loyal but slipping - reactivate
C01682,2026-03-15,2024-04-21,25,75709.04000000001,16,709,29.541666666666668,29.541666666666668,0.54,4,4,4,12,3028.36,Champions - protect
C01341,2026-01-24,2024-05-23,25,75668.04,66,677,28.208333333333332,28.208333333333332,2.34,1,4,3,8,3026.72,Loyal but slipping - reactivate
C00335,2026-03-28,2024-04-28,24,75662.27,3,702,30.52173913043478,30.52173913043478,0.1,5,4,3,12,3152.59,Steady middle - hold
C01619,2026-03-20,2024-04-10,24,75642.72,11,720,31.304347826086957,31.304347826086957,0.35,4,4,3,11,3151.78,Steady middle - hold
C01685,2026-03-12,2024-05-13,30,75615.22,19,687,23.689655172413794,23.689655172413794,0.8,3,5,3,11,2520.51,Steady middle - hold
C00219,2026-03-06,2024-08-25,20,75595.69,25,583,30.68421052631579,30.68421052631579,0.81,3,2,3,8,3779.78,Steady middle - hold
C01542,2026-03-29,2024-04-24,18,75492.93000000001,2,706,41.529411764705884,41.529411764705884,0.05,5,2,3,10,4194.05,New - convert to second purchase
C01641,2026-02-14,2024-04-17,15,75485.26,45,713,50.92857142857143,50.92857142857143,0.88,2,1,3,6,5032.35,Steady middle - hold
C02216,2026-03-30,2024-06-02,19,75476.74,1,667,37.05555555555556,37.05555555555556,0.03,5,2,3,10,3972.46,New - convert to second purchase
C01084,2026-02-11,2024-05-17,27,75467.22,48,683,26.26923076923077,26.26923076923077,1.83,2,5,3,10,2795.08,Loyal but slipping - reactivate
C00239,2025-12-17,2024-04-14,25,75450.43,104,716,29.833333333333332,29.833333333333332,3.49,1,4,3,8,3018.02,Loyal but slipping - reactivate
C01643,2026-03-15,2024-04-18,31,75441.39,16,712,23.733333333333334,23.733333333333334,0.67,4,5,3,12,2433.59,Steady middle - hold
C02419,2026-03-20,2024-04-13,19,75434.02,11,717,39.833333333333336,39.833333333333336,0.28,4,2,3,9,3970.21,New - convert to second purchase
C02183,2026-03-08,2024-04-19,22,75418.27,23,711,33.857142857142854,33.857142857142854,0.68,3,4,3,10,3428.1,Steady middle - hold
C02371,2026-02-19,2024-04-16,24,75412.62,40,714,31.043478260869566,31.043478260869566,1.29,2,4,3,9,3142.19,Loyal but slipping - reactivate
C01088,2025-12-02,2024-06-08,20,75406.33,119,661,34.78947368421053,34.78947368421053,3.42,1,2,3,6,3770.32,Steady middle - hold
C01889,2026-02-13,2024-05-15,16,75387.01,46,685,45.666666666666664,45.666666666666664,1.01,2,1,3,6,4711.69,Steady middle - hold
C00654,2026-03-17,2024-04-17,18,75376.4,14,713,41.94117647058823,41.94117647058823,0.33,4,2,3,9,4187.58,New - convert to second purchase
C00922,2025-11-03,2024-05-17,22,75339.06,148,683,32.523809523809526,32.523809523809526,4.55,1,3,3,7,3424.5,Steady middle - hold
C00665,2026-02-24,2024-04-14,24,75330.79,35,716,31.130434782608695,31.130434782608695,1.12,2,4,3,9,3138.78,Loyal but slipping - reactivate
C00376,2026-02-22,2024-04-16,22,75301.97,37,714,34.0,34.0,1.09,2,3,3,8,3422.82,Steady middle - hold
C00972,2026-02-02,2024-05-28,20,75279.7,57,672,35.36842105263158,35.36842105263158,1.61,2,2,3,7,3763.98,Steady middle - hold
C02327,2026-01-26,2024-04-04,20,75274.99,64,726,38.21052631578947,38.21052631578947,1.67,1,3,3,7,3763.75,Steady middle - hold
C00999,2026-03-29,2024-05-26,33,75257.5,2,674,21.0625,21.0625,0.09,5,5,3,13,2280.53,Steady middle - hold
C00328,2025-12-27,2024-05-15,20,75225.81,94,685,36.05263157894737,36.05263157894737,2.61,1,2,3,6,3761.29,Steady middle - hold
C00137,2026-01-04,2024-04-28,17,75194.34,86,702,43.875,43.875,1.96,1,1,3,5,4423.2,Steady middle - hold
C01128,2026-03-19,2024-04-02,22,75187.12000000001,12,728,34.666666666666664,34.666666666666664,0.35,4,3,3,10,3417.6,Steady middle - hold
C01868,2026-03-26,2024-07-09,21,75162.89,5,630,31.5,31.5,0.16,5,3,3,11,3579.19,Steady middle - hold
C00807,2026-03-14,2024-04-20,21,75126.77,17,710,35.5,35.5,0.48,3,3,3,9,3577.47,Steady middle - hold
C02062,2026-03-24,2024-05-23,29,75073.96,7,677,24.178571428571427,24.178571428571427,0.29,5,5,3,13,2588.76,Steady middle - hold
C02251,2026-03-07,2024-04-10,22,75061.7,24,720,34.285714285714285,34.285714285714285,0.7,3,4,3,10,3411.9,Steady middle - hold
C01367,2026-03-30,2024-04-07,16,75052.26,1,723,48.2,48.2,0.02,5,1,3,9,4690.77,New - convert to second purchase
C00432,2026-03-28,2024-04-04,31,75025.14,3,726,24.2,24.2,0.12,5,5,3,13,2420.17,Steady middle - hold
C01745,2026-03-15,2024-04-28,23,74964.6,16,702,31.90909090909091,31.90909090909091,0.5,4,4,3,11,3259.33,Steady middle - hold
C02060,2026-03-28,2024-04-20,21,74939.13,3,710,35.5,35.5,0.08,5,3,3,11,3568.53,Steady middle - hold
C00084,2026-03-20,2024-05-09,20,74936.93,11,691,36.36842105263158,36.36842105263158,0.3,4,2,3,9,3746.85,New - convert to second purchase
C02002,2026-03-08,2024-06-09,23,74889.17,23,660,30.0,30.0,0.77,3,4,3,10,3256.05,Steady middle - hold
C00697,2026-03-12,2024-05-02,19,74869.26,19,698,38.77777777777778,38.77777777777778,0.49,3,2,3,8,3940.49,Steady middle - hold
C02350,2026-03-22,2024-05-10,25,74857.55,9,690,28.75,28.75,0.31,4,5,3,12,2994.3,Steady middle - hold
C02593,2026-03-22,2024-05-14,20,74813.76,9,686,36.10526315789474,36.10526315789474,0.25,4,3,3,10,3740.69,Steady middle - hold
C02542,2026-03-16,2024-06-16,23,74725.88,15,653,29.681818181818183,29.681818181818183,0.51,4,4,3,11,3248.95,Steady middle - hold
C01502,2026-02-22,2024-05-29,26,74665.4,37,671,26.84,26.84,1.38,2,5,3,10,2871.75,Loyal but slipping - reactivate
C00881,2026-01-12,2024-05-04,13,74652.5,78,696,58.0,58.0,1.34,1,1,3,5,5742.5,Steady middle - hold
C01248,2026-02-27,2024-04-29,27,74649.64,32,701,26.96153846153846,26.96153846153846,1.19,2,5,3,10,2764.8,Loyal but slipping - reactivate
C01545,2026-02-01,2024-04-07,21,74622.81,58,723,36.15,36.15,1.6,1,3,3,7,3553.47,Steady middle - hold
C00274,2026-02-15,2024-04-01,26,74605.05,44,729,29.16,29.16,1.51,2,5,3,10,2869.42,Loyal but slipping - reactivate
C01001,2025-11-09,2024-04-27,20,74567.23,142,703,37.0,37.0,3.84,1,2,3,6,3728.36,Steady middle - hold
C00397,2026-02-12,2024-04-22,19,74507.55,47,708,39.333333333333336,39.333333333333336,1.19,2,2,3,7,3921.45,Steady middle - hold
C01289,2026-03-07,2024-04-29,18,74496.98999999999,24,701,41.23529411764706,41.23529411764706,0.58,3,2,3,8,4138.72,Steady middle - hold
C01958,2026-03-16,2024-08-07,20,74490.09,15,601,31.63157894736842,31.63157894736842,0.47,4,3,3,10,3724.5,Steady middle - hold
C01142,2026-03-01,2024-04-17,25,74445.84,30,713,29.708333333333332,29.708333333333332,1.01,3,4,3,10,2977.83,Steady middle - hold
C02081,2026-01-27,2024-05-03,23,74437.58,63,697,31.681818181818183,31.681818181818183,1.99,1,4,3,8,3236.42,Loyal but slipping - reactivate
C01951,2026-03-19,2024-04-19,19,74421.08,12,711,39.5,39.5,0.3,4,2,3,9,3916.9,New - convert to second purchase
C02143,2026-03-29,2024-05-04,23,74353.38,2,696,31.636363636363637,31.636363636363637,0.06,5,4,3,12,3232.76,Steady middle - hold
C01616,2026-03-10,2024-04-12,20,74298.78,21,718,37.78947368421053,37.78947368421053,0.56,3,2,3,8,3714.94,Steady middle - hold
C02234,2026-03-29,2024-05-01,19,74246.42,2,699,38.833333333333336,38.833333333333336,0.05,5,2,3,10,3907.71,New - convert to second purchase
C00115,2026-02-04,2024-05-10,26,74246.27,55,690,27.6,27.6,1.99,2,5,3,10,2855.63,Loyal but slipping - reactivate
C02459,2026-03-13,2024-06-07,29,74215.84999999999,18,662,23.642857142857142,23.642857142857142,0.76,3,5,3,11,2559.17,Steady middle - hold
C02490,2025-12-04,2024-04-26,22,74177.93000000001,117,704,33.523809523809526,33.523809523809526,3.49,1,4,3,8,3371.72,Loyal but slipping - reactivate
C01822,2026-03-22,2024-05-06,19,74135.47,9,694,38.55555555555556,38.55555555555556,0.23,4,2,3,9,3901.87,New - convert to second purchase
C01246,2026-01-17,2024-04-30,26,74060.12,73,700,28.0,28.0,2.61,1,5,3,9,2848.47,Loyal but slipping - reactivate
C01562,2026-03-07,2024-05-25,18,74027.22,24,675,39.705882352941174,39.705882352941174,0.6,3,2,3,8,4112.62,Steady middle - hold
C00612,2026-03-17,2024-04-26,25,74026.77,14,704,29.333333333333332,29.333333333333332,0.48,4,4,3,11,2961.07,Steady middle - hold
C01674,2026-03-06,2024-04-08,21,74019.26,25,722,36.1,36.1,0.69,3,3,3,9,3524.73,Steady middle - hold
C00827,2026-01-21,2024-05-16,24,73977.77,69,684,29.73913043478261,29.73913043478261,2.32,1,4,3,8,3082.41,Loyal but slipping - reactivate
C00184,2026-03-10,2024-05-19,26,73970.33,21,681,27.24,27.24,0.77,3,5,3,11,2845.01,Steady middle - hold
C02040,2025-11-07,2024-05-30,22,73908.6,144,670,31.904761904761905,31.904761904761905,4.51,1,4,3,8,3359.48,Loyal but slipping - reactivate
C01516,2026-02-23,2024-06-16,27,73876.61,36,653,25.115384615384617,25.115384615384617,1.43,2,5,3,10,2736.17,Loyal but slipping - reactivate
C02423,2026-01-23,2024-05-16,19,73863.56999999999,67,684,38.0,38.0,1.76,1,2,3,6,3887.56,Steady middle - hold
C01723,2026-02-09,2024-04-08,23,73808.13,50,722,32.81818181818182,32.81818181818182,1.52,2,4,3,9,3209.05,Loyal but slipping - reactivate
C00224,2026-03-26,2024-04-09,23,73764.68,5,721,32.77272727272727,32.77272727272727,0.15,5,4,3,12,3207.16,Steady middle - hold
C01841,2026-03-22,2024-04-29,23,73748.7,9,701,31.863636363636363,31.863636363636363,0.28,4,4,3,11,3206.47,Steady middle - hold
C01962,2026-01-09,2024-04-11,24,73744.97,81,719,31.26086956521739,31.26086956521739,2.59,1,4,3,8,3072.71,Loyal but slipping - reactivate
C02195,2026-02-02,2024-05-30,16,73733.81,57,670,44.666666666666664,44.666666666666664,1.28,2,1,3,6,4608.36,Steady middle - hold
C02001,2026-03-04,2024-04-07,22,73732.43,27,723,34.42857142857143,34.42857142857143,0.78,3,4,3,10,3351.47,Steady middle - hold
C01326,2026-03-08,2024-04-03,20,73611.98,23,727,38.26315789473684,38.26315789473684,0.6,3,2,3,8,3680.6,Steady middle - hold
C00991,2026-01-20,2024-04-01,23,73547.68,70,729,33.13636363636363,33.13636363636363,2.11,1,4,3,8,3197.73,Loyal but slipping - reactivate
C00159,2026-03-15,2024-05-15,26,73488.14,16,685,27.4,27.4,0.58,4,5,3,12,2826.47,Steady middle - hold
C02232,2026-01-15,2024-04-02,26,73464.76999999999,75,728,29.12,29.12,2.58,1,5,3,9,2825.57,Loyal but slipping - reactivate
C02131,2026-03-07,2024-08-09,21,73462.9,24,599,29.95,29.95,0.8,3,3,3,9,3498.23,Steady middle - hold
C00675,2026-03-09,2024-10-11,18,73461.68,22,536,31.529411764705884,31.529411764705884,0.7,3,2,3,8,4081.2,Steady middle - hold
C00324,2026-03-23,2024-05-23,24,73456.12,8,677,29.434782608695652,29.434782608695652,0.27,4,4,3,11,3060.67,Steady middle - hold
C01393,2026-03-27,2024-05-02,21,73404.48,4,698,34.9,34.9,0.11,5,3,3,11,3495.45,Steady middle - hold
C00017,2026-01-17,2024-05-21,24,73402.33,73,679,29.52173913043478,29.52173913043478,2.47,1,4,3,8,3058.43,Loyal but slipping - reactivate
C02526,2026-02-14,2024-05-02,14,73385.59999999999,45,698,53.69230769230769,53.69230769230769,0.84,2,1,3,6,5241.83,Steady middle - hold
C02057,2026-01-30,2024-05-02,19,73385.13,60,698,38.77777777777778,38.77777777777778,1.55,1,2,3,6,3862.38,Steady middle - hold
C02118,2025-11-23,2024-04-29,20,73381.24,128,701,36.89473684210526,36.89473684210526,3.47,1,3,3,7,3669.06,Steady middle - hold
C00153,2026-03-11,2024-04-28,17,73307.28,20,702,43.875,43.875,0.46,3,1,3,7,4312.19,Steady middle - hold
C00893,2026-02-16,2024-05-04,19,73266.97,43,696,38.666666666666664,38.666666666666664,1.11,2,2,3,7,3856.16,Steady middle - hold
C01934,2026-03-25,2024-04-28,18,73259.93,6,702,41.294117647058826,41.294117647058826,0.15,5,2,3,10,4070.0,New - convert to second purchase
C01383,2026-03-03,2024-04-21,24,73236.21,28,709,30.82608695652174,30.82608695652174,0.91,3,4,3,10,3051.51,Steady middle - hold
C00231,2026-03-31,2024-05-12,27,73229.08,0,688,26.46153846153846,26.46153846153846,0.0,5,5,3,13,2712.19,Steady middle - hold
C01903,2026-03-20,2024-05-31,25,73180.34,11,669,27.875,27.875,0.39,4,5,3,12,2927.21,Steady middle - hold
C01860,2026-02-22,2024-04-16,24,73121.66,37,714,31.043478260869566,31.043478260869566,1.19,2,4,3,9,3046.74,Loyal but slipping - reactivate
C01989,2026-03-13,2024-07-07,27,73103.71,18,632,24.307692307692307,24.307692307692307,0.74,3,5,3,11,2707.54,Steady middle - hold
C01993,2026-03-22,2024-04-21,21,73050.68000000001,9,709,35.45,35.45,0.25,4,3,3,10,3478.6,Steady middle - hold
C02162,2026-03-21,2024-04-20,13,73044.5,10,710,59.166666666666664,59.166666666666664,0.17,4,1,3,8,5618.81,New - convert to second purchase
C01278,2026-03-18,2024-05-15,18,73043.20999999999,13,685,40.294117647058826,40.294117647058826,0.32,4,2,3,9,4057.96,New - convert to second purchase
C02408,2026-03-16,2024-08-20,19,73014.96,15,588,32.666666666666664,32.666666666666664,0.46,4,2,3,9,3842.89,New - convert to second purchase
C02265,2026-02-21,2024-04-13,24,72925.92,38,717,31.17391304347826,31.17391304347826,1.22,2,4,3,9,3038.58,Loyal but slipping - reactivate
C00874,2026-03-05,2024-04-01,30,72908.65,26,729,25.137931034482758,25.137931034482758,1.03,3,5,3,11,2430.29,Steady middle - hold
C00149,2026-03-06,2024-04-02,21,72796.75,25,728,36.4,36.4,0.69,3,3,3,9,3466.51,Steady middle - hold
C00086,2026-02-21,2024-04-10,19,72786.54000000001,38,720,40.0,40.0,0.95,2,2,3,7,3830.87,Steady middle - hold
C01500,2026-03-21,2024-04-14,16,72738.28,10,716,47.733333333333334,47.733333333333334,0.21,4,1,3,8,4546.14,New - convert to second purchase
C02538,2026-02-22,2024-04-16,25,72681.83,37,714,29.75,29.75,1.24,2,5,3,10,2907.27,Loyal but slipping - reactivate
C01821,2026-03-14,2024-04-04,21,72679.14,17,726,36.3,36.3,0.47,3,3,3,9,3460.91,Steady middle - hold
C02397,2026-03-23,2024-04-17,14,72663.58,8,713,54.84615384615385,54.84615384615385,0.15,4,1,3,8,5190.26,New - convert to second purchase
C00838,2026-01-15,2024-05-26,21,72631.47,75,674,33.7,33.7,2.23,1,3,3,7,3458.64,Steady middle - hold
C00195,2026-03-19,2024-05-30,31,72609.78,12,670,22.333333333333332,22.333333333333332,0.54,4,5,3,12,2342.25,Steady middle - hold
C00112,2026-01-16,2024-05-04,21,72512.94,74,696,34.8,34.8,2.13,1,3,3,7,3453.0,Steady middle - hold
C01574,2025-12-02,2024-07-04,21,72501.39,119,635,31.75,31.75,3.75,1,3,3,7,3452.45,Steady middle - hold
C01374,2026-03-28,2024-04-11,24,72494.86,3,719,31.26086956521739,31.26086956521739,0.1,5,4,3,12,3020.62,Steady middle - hold
C01862,2026-03-29,2024-05-26,20,72486.06,2,674,35.473684210526315,35.473684210526315,0.06,5,3,3,11,3624.3,Steady middle - hold
C01361,2026-03-25,2024-06-01,25,72423.84,6,668,27.833333333333332,27.833333333333332,0.22,5,4,3,12,2896.95,Steady middle - hold
C02374,2025-12-22,2024-05-11,27,72421.93,99,689,26.5,26.5,3.74,1,5,3,9,2682.29,Loyal but slipping - reactivate
C00259,2026-03-15,2024-04-12,15,72415.48,16,718,51.285714285714285,51.285714285714285,0.31,4,1,3,8,4827.7,New - convert to second purchase
C02147,2026-01-19,2024-06-07,23,72395.07,71,662,30.09090909090909,30.09090909090909,2.36,1,4,3,8,3147.61,Loyal but slipping - reactivate
C01563,2026-03-15,2024-04-07,26,72379.46,16,723,28.92,28.92,0.55,4,5,3,12,2783.83,Steady middle - hold
C01826,2025-12-28,2024-04-15,21,72363.89,93,715,35.75,35.75,2.6,1,3,3,7,3445.9,Steady middle - hold
C01946,2026-01-11,2024-04-25,15,72351.24,79,705,50.357142857142854,50.357142857142854,1.57,1,1,3,5,4823.42,Steady middle - hold
C00102,2026-03-22,2024-04-19,22,72341.63,9,711,33.857142857142854,33.857142857142854,0.27,4,3,3,10,3288.26,Steady middle - hold
C02280,2026-03-23,2024-04-17,23,72325.31999999999,8,713,32.40909090909091,32.40909090909091,0.25,4,4,3,11,3144.58,Steady middle - hold
C01368,2026-02-13,2024-04-09,24,72315.69,46,721,31.347826086956523,31.347826086956523,1.47,2,4,3,9,3013.15,Loyal but slipping - reactivate
C01734,2026-03-08,2024-04-20,31,72271.6,23,710,23.666666666666668,23.666666666666668,0.97,3,5,3,11,2331.34,Steady middle - hold
C00495,2026-03-08,2024-04-11,24,72249.96,23,719,31.26086956521739,31.26086956521739,0.74,3,4,3,10,3010.42,Steady middle - hold
C00524,2026-01-14,2024-04-13,22,72249.81999999999,76,717,34.142857142857146,34.142857142857146,2.23,1,3,3,7,3284.08,Steady middle - hold
C00167,2026-03-25,2024-04-02,20,72249.12,6,728,38.31578947368421,38.31578947368421,0.16,5,2,3,10,3612.46,New - convert to second purchase
C00107,2025-12-21,2024-04-19,19,72194.15,100,711,39.5,39.5,2.53,1,2,3,6,3799.69,Steady middle - hold
C02465,2025-11-12,2024-04-27,18,72179.01,139,703,41.35294117647059,41.35294117647059,3.36,1,2,3,6,4009.94,Steady middle - hold
C00090,2026-02-20,2024-05-12,22,72176.16,39,688,32.76190476190476,32.76190476190476,1.19,2,3,3,8,3280.73,Steady middle - hold
C00420,2026-02-23,2024-04-06,17,72151.09,36,724,45.25,45.25,0.8,2,1,3,6,4244.18,Steady middle - hold
C00914,2026-03-11,2024-04-12,23,72148.71,20,718,32.63636363636363,32.63636363636363,0.61,3,4,3,10,3136.9,Steady middle - hold
C00522,2026-02-25,2024-05-20,18,72111.76000000001,34,680,40.0,40.0,0.85,2,2,3,7,4006.21,Steady middle - hold
C01461,2026-03-19,2024-04-06,24,72099.83,12,724,31.47826086956522,31.47826086956522,0.38,4,4,3,11,3004.16,Steady middle - hold
C02204,2026-03-03,2024-04-30,26,72094.29,28,700,28.0,28.0,1.0,3,5,3,11,2772.86,Steady middle - hold
C00859,2026-03-16,2024-04-09,28,72075.53,15,721,26.703703703703702,26.703703703703702,0.56,4,5,3,12,2574.13,Steady middle - hold
C00853,2026-02-11,2024-04-20,16,72062.43000000001,48,710,47.333333333333336,47.333333333333336,1.01,2,1,3,6,4503.9,Steady middle - hold
C00052,2026-03-23,2024-05-03,22,72035.03,8,697,33.19047619047619,33.19047619047619,0.24,4,3,3,10,3274.32,Steady middle - hold
C02142,2026-03-10,2024-04-23,20,72034.01,21,707,37.21052631578947,37.21052631578947,0.56,3,3,3,9,3601.7,Steady middle - hold
C00220,2026-01-17,2024-07-06,18,71951.09999999999,73,633,37.23529411764706,37.23529411764706,1.96,1,1,3,5,3997.28,Steady middle - hold
C02031,2026-03-06,2024-04-19,19,71945.16,25,711,39.5,39.5,0.63,3,2,3,8,3786.59,Steady middle - hold
C00207,2026-02-06,2024-04-04,24,71891.25,53,726,31.565217391304348,31.565217391304348,1.68,2,4,3,9,2995.47,Loyal but slipping - reactivate
C00256,2026-01-28,2024-04-05,25,71875.68,62,725,30.208333333333332,30.208333333333332,2.05,1,4,3,8,2875.03,Loyal but slipping - reactivate
C00890,2026-03-01,2024-05-19,23,71850.89,30,681,30.954545454545453,30.954545454545453,0.97,3,4,3,10,3123.95,Steady middle - hold
C02439,2026-02-06,2024-04-07,22,71818.16,53,723,34.42857142857143,34.42857142857143,1.54,2,4,3,9,3264.46,Loyal but slipping - reactivate
C00116,2026-03-29,2024-04-13,26,71764.1,2,717,28.68,28.68,0.07,5,5,3,13,2760.16,Steady middle - hold
C01978,2026-01-22,2024-05-05,31,71736.65,68,695,23.166666666666668,23.166666666666668,2.94,1,5,3,9,2314.09,Loyal but slipping - reactivate
C01262,2026-03-01,2024-05-10,20,71736.41,30,690,36.31578947368421,36.31578947368421,0.83,3,2,3,8,3586.82,Steady middle - hold
C00762,2026-03-24,2024-04-07,28,71732.99,7,723,26.77777777777778,26.77777777777778,0.26,4,5,3,12,2561.89,Steady middle - hold
C00428,2026-02-15,2024-04-10,26,71671.59,44,720,28.8,28.8,1.53,2,5,3,10,2756.6,Loyal but slipping - reactivate
C02033,2026-03-29,2024-04-14,17,71663.29,2,716,44.75,44.75,0.04,5,1,3,9,4215.49,New - convert to second purchase
C01625,2026-03-30,2024-05-14,19,71612.68000000001,1,686,38.111111111111114,38.111111111111114,0.03,5,2,3,10,3769.09,New - convert to second purchase
C01640,2026-03-16,2024-05-30,14,71556.7,15,670,51.53846153846154,51.53846153846154,0.29,4,1,3,8,5111.19,New - convert to second purchase
C00767,2026-03-08,2024-05-24,20,71530.25,23,676,35.578947368421055,35.578947368421055,0.65,3,2,3,8,3576.51,Steady middle - hold
C01231,2026-01-15,2024-05-14,19,71513.11,75,686,38.111111111111114,38.111111111111114,1.97,1,2,3,6,3763.85,Steady middle - hold
C00742,2026-03-23,2024-04-24,26,71481.68000000001,8,706,28.24,28.24,0.28,4,5,3,12,2749.3,Steady middle - hold
C00699,2026-03-12,2024-06-04,21,71431.17,19,665,33.25,33.25,0.57,3,3,3,9,3401.48,Steady middle - hold
C00547,2026-03-30,2024-05-02,21,71427.1,1,698,34.9,34.9,0.03,5,3,3,11,3401.29,Steady middle - hold
C02297,2025-11-29,2024-04-20,21,71387.48,122,710,35.5,35.5,3.44,1,3,3,7,3399.4,Steady middle - hold
C01678,2026-03-28,2024-05-30,20,71384.71,3,670,35.26315789473684,35.26315789473684,0.09,5,3,3,11,3569.24,Steady middle - hold
C00396,2026-03-27,2024-04-16,28,71353.1,4,714,26.444444444444443,26.444444444444443,0.15,5,5,3,13,2548.33,Steady middle - hold
C02059,2026-02-23,2024-04-02,24,71342.63,36,728,31.652173913043477,31.652173913043477,1.14,2,4,3,9,2972.61,Loyal but slipping - reactivate
C00436,2026-03-06,2024-08-03,28,71340.6,25,605,22.40740740740741,22.40740740740741,1.12,3,5,3,11,2547.88,Steady middle - hold
C00975,2026-03-13,2024-04-06,29,71338.65,18,724,25.857142857142858,25.857142857142858,0.7,3,5,3,11,2459.95,Steady middle - hold
C01163,2026-03-25,2024-04-08,22,71233.5,6,722,34.38095238095238,34.38095238095238,0.17,5,3,3,11,3237.89,Steady middle - hold
C00217,2026-03-25,2024-04-05,20,71189.20999999999,6,725,38.1578947368421,38.1578947368421,0.16,5,2,3,10,3559.46,New - convert to second purchase
C00235,2026-01-23,2024-06-07,14,71172.37,67,662,50.92307692307692,50.92307692307692,1.32,1,1,3,5,5083.74,Steady middle - hold
C01137,2026-01-10,2024-04-11,22,71116.06,80,719,34.23809523809524,34.23809523809524,2.34,1,3,3,7,3232.55,Steady middle - hold
C02409,2026-02-03,2024-05-04,25,71088.31999999999,56,696,29.0,29.0,1.93,2,5,3,10,2843.53,Loyal but slipping - reactivate
C01194,2026-03-18,2024-05-11,16,71075.55,13,689,45.93333333333333,45.93333333333333,0.28,4,1,3,8,4442.22,New - convert to second purchase
C01329,2026-03-02,2024-08-05,14,71057.89,29,603,46.38461538461539,46.38461538461539,0.63,3,1,3,7,5075.56,Steady middle - hold
C01933,2026-02-28,2024-06-01,17,70996.31999999999,31,668,41.75,41.75,0.74,3,1,3,7,4176.25,Steady middle - hold
C00387,2026-03-28,2024-04-10,24,70934.05,3,720,31.304347826086957,31.304347826086957,0.1,5,4,3,12,2955.59,Steady middle - hold
C01186,2026-02-23,2024-04-29,23,70873.95,36,701,31.863636363636363,31.863636363636363,1.13,2,4,3,9,3081.48,Loyal but slipping - reactivate
C01931,2026-03-27,2024-04-30,24,70853.04,4,700,30.434782608695652,30.434782608695652,0.13,5,4,3,12,2952.21,Steady middle - hold
C02451,2026-03-07,2024-04-19,23,70852.0,24,711,32.31818181818182,32.31818181818182,0.74,3,4,3,10,3080.52,Steady middle - hold
C01179,2025-12-14,2024-04-26,24,70802.19,107,704,30.608695652173914,30.608695652173914,3.5,1,4,3,8,2950.09,Loyal but slipping - reactivate
C00712,2026-02-04,2024-05-20,21,70782.5,55,680,34.0,34.0,1.62,2,3,3,8,3370.6,Steady middle - hold
C02332,2026-03-14,2024-04-17,26,70769.96,17,713,28.52,28.52,0.6,4,5,3,12,2721.92,Steady middle - hold
C02395,2026-03-31,2024-04-13,21,70723.99,0,717,35.85,35.85,0.0,5,3,3,11,3367.81,Steady middle - hold
C00864,2026-03-11,2024-04-20,22,70686.98000000001,20,710,33.80952380952381,33.80952380952381,0.59,3,3,3,9,3213.04,Steady middle - hold
C01883,2026-03-27,2024-05-31,25,70669.81,4,669,27.875,27.875,0.14,5,5,3,13,2826.79,Steady middle - hold
C01709,2025-12-22,2024-04-28,23,70654.6,99,702,31.90909090909091,31.90909090909091,3.1,1,4,3,8,3071.94,Loyal but slipping - reactivate
C00187,2026-03-15,2024-04-04,24,70625.55,16,726,31.565217391304348,31.565217391304348,0.51,4,4,3,11,2942.73,Steady middle - hold
C00121,2026-03-13,2024-04-18,24,70579.27,18,712,30.956521739130434,30.956521739130434,0.58,3,4,3,10,2940.8,Steady middle - hold
C01801,2026-03-19,2024-04-27,26,70577.69,12,703,28.12,28.12,0.43,4,5,3,12,2714.53,Steady middle - hold
C02124,2025-12-31,2024-04-02,20,70557.04,90,728,38.31578947368421,38.31578947368421,2.35,1,3,3,7,3527.85,Steady middle - hold
C00656,2026-03-22,2024-04-03,18,70487.9,9,727,42.76470588235294,42.76470588235294,0.21,4,2,3,9,3915.99,New - convert to second purchase
C00543,2026-02-04,2024-05-17,26,70474.63,55,683,27.32,27.32,2.01,2,5,3,10,2710.56,Loyal but slipping - reactivate
C00016,2026-03-31,2024-04-28,19,70465.1,0,702,39.0,39.0,0.0,5,2,3,10,3708.69,New - convert to second purchase
C02149,2025-11-25,2024-04-30,18,70423.96,126,700,41.1764705882353,41.1764705882353,3.06,1,2,3,6,3912.44,Steady middle - hold
C01708,2026-02-26,2024-05-17,24,70386.73999999999,33,683,29.695652173913043,29.695652173913043,1.11,2,4,3,9,2932.78,Loyal but slipping - reactivate
C01162,2026-02-01,2024-04-14,18,70370.46,58,716,42.11764705882353,42.11764705882353,1.38,1,2,3,6,3909.47,Steady middle - hold
C00104,2026-03-10,2024-04-13,27,70369.86,21,717,27.576923076923077,27.576923076923077,0.76,3,5,3,11,2606.29,Steady middle - hold
C00494,2026-03-19,2024-04-14,21,70263.65,12,716,35.8,35.8,0.34,4,3,3,10,3345.89,Steady middle - hold
C01024,2026-03-24,2024-05-09,22,70254.63,7,691,32.904761904761905,32.904761904761905,0.21,4,3,3,10,3193.39,Steady middle - hold
C00506,2026-02-09,2024-04-02,18,70245.05,50,728,42.8235294117647,42.8235294117647,1.17,2,2,3,7,3902.5,Steady middle - hold
C00622,2026-03-12,2024-04-09,17,70231.97,19,721,45.0625,45.0625,0.42,3,1,3,7,4131.29,Steady middle - hold
C00876,2026-03-10,2024-04-14,21,70221.05,21,716,35.8,35.8,0.59,3,3,3,9,3343.86,Steady middle - hold
C01526,2026-03-21,2024-04-22,18,70197.58,10,708,41.64705882352941,41.64705882352941,0.24,4,2,3,9,3899.87,New - convert to second purchase
C00537,2026-03-31,2024-04-01,18,70188.03,0,729,42.88235294117647,42.88235294117647,0.0,5,2,3,10,3899.34,New - convert to second purchase
C01798,2026-03-23,2024-05-05,27,70179.14,8,695,26.73076923076923,26.73076923076923,0.3,4,5,3,12,2599.23,Steady middle - hold
C01491,2026-03-24,2024-05-18,19,70155.87,7,682,37.888888888888886,37.888888888888886,0.18,5,2,3,10,3692.41,New - convert to second purchase
C01569,2026-02-17,2024-04-07,20,70125.49,42,723,38.05263157894737,38.05263157894737,1.1,2,2,3,7,3506.27,Steady middle - hold
C02242,2026-02-28,2024-04-05,21,70100.87,31,725,36.25,36.25,0.86,3,3,3,9,3338.14,Steady middle - hold
C01764,2026-03-24,2024-05-16,22,70099.26,7,684,32.57142857142857,32.57142857142857,0.21,5,3,3,11,3186.33,Steady middle - hold
C01770,2026-03-29,2024-05-08,26,70079.18,2,692,27.68,27.68,0.07,5,5,3,13,2695.35,Steady middle - hold
C01793,2026-03-23,2024-10-27,21,70067.01,8,520,26.0,26.0,0.31,4,3,3,10,3336.52,Steady middle - hold
C01228,2026-02-13,2024-04-20,35,69981.22,46,710,20.88235294117647,20.88235294117647,2.2,2,5,3,10,1999.46,Loyal but slipping - reactivate
C01132,2026-03-21,2024-04-20,26,69974.85,10,710,28.4,28.4,0.35,4,5,3,12,2691.34,Steady middle - hold
C00749,2026-01-29,2024-04-29,21,69954.8,61,701,35.05,35.05,1.74,1,3,3,7,3331.18,Steady middle - hold
C00185,2026-01-11,2024-05-22,19,69953.97,79,678,37.666666666666664,37.666666666666664,2.1,1,2,3,6,3681.79,Steady middle - hold
C02114,2026-02-17,2024-04-03,22,69944.48,42,727,34.61904761904762,34.61904761904762,1.21,2,4,3,9,3179.29,Loyal but slipping - reactivate
C02363,2026-03-28,2024-06-16,20,69893.32,3,653,34.36842105263158,34.36842105263158,0.09,5,3,3,11,3494.67,Steady middle - hold
C02461,2026-03-23,2024-05-26,22,69892.75,8,674,32.095238095238095,32.095238095238095,0.25,4,4,3,11,3176.94,Steady middle - hold
C01611,2026-03-25,2024-04-16,24,69888.64,6,714,31.043478260869566,31.043478260869566,0.19,5,4,3,12,2912.03,Steady middle - hold
C01085,2025-10-07,2024-04-22,16,69817.01000000001,175,708,47.2,47.2,3.71,1,1,3,5,4363.56,Steady middle - hold
C01328,2026-03-07,2024-04-13,25,69769.42,24,717,29.875,29.875,0.8,3,4,3,10,2790.78,Steady middle - hold
C00190,2026-01-13,2024-04-30,20,69724.43,77,700,36.8421052631579,36.8421052631579,2.09,1,2,3,6,3486.22,Steady middle - hold
C02205,2026-03-27,2024-04-29,32,69681.34,4,701,22.612903225806452,22.612903225806452,0.18,5,5,3,13,2177.54,Steady middle - hold
C02246,2026-02-02,2024-04-07,23,69655.44,57,723,32.86363636363637,32.86363636363637,1.73,2,4,3,9,3028.5,Loyal but slipping - reactivate
C02582,2026-03-28,2024-06-27,24,69639.37,3,642,27.91304347826087,27.91304347826087,0.11,5,4,3,12,2901.64,Steady middle - hold
C02379,2026-01-20,2024-04-12,21,69638.74,70,718,35.9,35.9,1.95,1,3,3,7,3316.13,Steady middle - hold
C01568,2026-03-30,2024-04-18,23,69584.52,1,712,32.36363636363637,32.36363636363637,0.03,5,4,3,12,3025.41,Steady middle - hold
C02292,2026-03-13,2024-04-28,20,69566.17,18,702,36.94736842105263,36.94736842105263,0.49,3,3,3,9,3478.31,Steady middle - hold
C00602,2026-02-08,2024-04-08,19,69548.52,51,722,40.111111111111114,40.111111111111114,1.27,2,2,3,7,3660.45,Steady middle - hold
C02255,2026-03-09,2024-05-28,20,69531.37,22,672,35.36842105263158,35.36842105263158,0.62,3,3,3,9,3476.57,Steady middle - hold
C00456,2026-01-18,2024-04-20,19,69501.42,72,710,39.44444444444444,39.44444444444444,1.83,1,2,3,6,3657.97,Steady middle - hold
C00325,2026-03-25,2024-04-20,24,69484.92,6,710,30.869565217391305,30.869565217391305,0.19,5,4,3,12,2895.2,Steady middle - hold
C00357,2026-02-08,2024-04-23,15,69472.15,51,707,50.5,50.5,1.01,2,1,3,6,4631.48,Steady middle - hold
C00266,2026-03-12,2024-08-05,18,69465.35999999999,19,603,35.470588235294116,35.470588235294116,0.54,3,1,3,7,3859.19,Steady middle - hold
C01702,2026-03-19,2024-08-14,19,69464.5,12,594,33.0,33.0,0.36,4,2,3,9,3656.03,New - convert to second purchase
C00967,2026-01-30,2024-04-06,17,69434.89,60,724,45.25,45.25,1.33,1,1,3,5,4084.41,Steady middle - hold
C01907,2026-03-06,2024-05-31,22,69421.37,25,669,31.857142857142858,31.857142857142858,0.78,3,3,3,9,3155.52,Steady middle - hold
C01927,2026-03-05,2024-10-19,19,69390.37,26,528,29.333333333333332,29.333333333333332,0.89,3,2,3,8,3652.12,Steady middle - hold
C00157,2026-03-13,2024-06-27,18,69333.47,18,642,37.76470588235294,37.76470588235294,0.48,3,1,3,7,3851.86,Steady middle - hold
C00843,2026-03-15,2024-05-30,22,69278.33,16,670,31.904761904761905,31.904761904761905,0.5,4,3,3,10,3149.02,Steady middle - hold
C02141,2026-03-01,2024-05-27,22,69269.65000000001,30,673,32.04761904761905,32.04761904761905,0.94,3,4,3,10,3148.62,Steady middle - hold
C00674,2026-03-31,2024-04-06,18,69188.63,0,724,42.588235294117645,42.588235294117645,0.0,5,2,3,10,3843.81,New - convert to second purchase
C02008,2026-03-24,2024-06-25,19,69128.66,7,644,35.77777777777778,35.77777777777778,0.2,5,2,3,10,3638.35,New - convert to second purchase
C01732,2026-03-02,2024-05-02,30,69116.23,29,698,24.06896551724138,24.06896551724138,1.2,3,5,3,11,2303.87,Steady middle - hold
C01008,2026-03-31,2024-04-06,27,69094.47,0,724,27.846153846153847,27.846153846153847,0.0,5,5,3,13,2559.05,Steady middle - hold
C00037,2026-01-24,2024-10-04,21,69088.77,66,543,27.15,27.15,2.43,1,3,3,7,3289.94,Steady middle - hold
C01094,2025-12-01,2024-05-12,22,69045.69,120,688,32.76190476190476,32.76190476190476,3.66,1,3,3,7,3138.44,Steady middle - hold
C00152,2026-03-07,2024-05-17,21,69014.59999999999,24,683,34.15,34.15,0.7,3,3,3,9,3286.41,Steady middle - hold
C01910,2026-01-25,2024-05-21,26,68934.7,65,679,27.16,27.16,2.39,1,5,3,9,2651.33,Loyal but slipping - reactivate
C00226,2026-02-22,2024-04-17,19,68914.95,37,713,39.611111111111114,39.611111111111114,0.93,2,2,3,7,3627.1,Steady middle - hold
C01464,2026-03-22,2024-04-14,26,68895.56999999999,9,716,28.64,28.64,0.31,4,5,3,12,2649.83,Steady middle - hold
C01174,2026-03-03,2024-04-11,27,68878.34,28,719,27.653846153846153,27.653846153846153,1.01,3,5,3,11,2551.05,Steady middle - hold
C01017,2026-03-27,2024-04-19,21,68802.45999999999,4,711,35.55,35.55,0.11,5,3,3,11,3276.31,Steady middle - hold
C00497,2026-01-25,2024-05-13,21,68793.43000000001,65,687,34.35,34.35,1.89,1,3,3,7,3275.88,Steady middle - hold
C01115,2026-01-30,2024-04-28,24,68770.91,60,702,30.52173913043478,30.52173913043478,1.97,1,4,3,8,2865.45,Loyal but slipping - reactivate
C00402,2025-12-28,2024-05-19,20,68756.76000000001,93,681,35.8421052631579,35.8421052631579,2.59,1,2,3,6,3437.84,Steady middle - hold
C00183,2026-01-15,2024-04-14,22,68741.48,75,716,34.095238095238095,34.095238095238095,2.2,1,3,3,7,3124.61,Steady middle - hold
C01686,2026-03-29,2024-05-19,22,68740.12,2,681,32.42857142857143,32.42857142857143,0.06,5,3,3,11,3124.55,Steady middle - hold
C00144,2026-02-21,2024-04-19,20,68708.99,38,711,37.421052631578945,37.421052631578945,1.02,2,2,3,7,3435.45,Steady middle - hold
C01225,2026-03-16,2024-06-11,27,68700.31999999999,15,658,25.307692307692307,25.307692307692307,0.59,4,5,3,12,2544.46,Steady middle - hold
C01018,2026-03-25,2024-06-01,18,68693.04,6,668,39.294117647058826,39.294117647058826,0.15,5,2,3,10,3816.28,New - convert to second purchase
C00916,2026-03-25,2024-06-19,15,68691.68,6,650,46.42857142857143,46.42857142857143,0.13,5,1,3,9,4579.45,New - convert to second purchase
C01733,2026-03-20,2024-04-21,28,68684.93000000001,11,709,26.25925925925926,26.25925925925926,0.42,4,5,3,12,2453.03,Steady middle - hold
C01387,2026-03-30,2024-05-10,27,68674.88,1,690,26.53846153846154,26.53846153846154,0.04,5,5,3,13,2543.51,Steady middle - hold
C00139,2026-02-15,2024-09-23,22,68635.01,44,554,26.38095238095238,26.38095238095238,1.67,2,3,3,8,3119.77,Steady middle - hold
C01943,2026-03-19,2024-05-28,16,68573.28,12,672,44.8,44.8,0.27,4,1,3,8,4285.83,New - convert to second purchase
C00900,2026-03-14,2024-04-09,21,68526.68000000001,17,721,36.05,36.05,0.47,3,3,3,9,3263.18,Steady middle - hold
C01848,2026-03-30,2024-06-26,18,68488.17,1,643,37.8235294117647,37.8235294117647,0.03,5,2,3,10,3804.9,New - convert to second purchase
C00703,2026-03-22,2024-04-06,21,68444.42,9,724,36.2,36.2,0.25,4,3,3,10,3259.26,Steady middle - hold
C02164,2026-03-08,2024-04-06,28,68440.0,23,724,26.814814814814813,26.814814814814813,0.86,3,5,3,11,2444.29,Steady middle - hold
C02253,2026-02-27,2024-04-27,25,68345.2,32,703,29.291666666666668,29.291666666666668,1.09,2,5,3,10,2733.81,Loyal but slipping - reactivate
C01240,2026-03-29,2024-04-14,19,68307.31,2,716,39.77777777777778,39.77777777777778,0.05,5,2,3,10,3595.12,New - convert to second purchase
C00985,2026-03-21,2024-05-01,23,68292.94,10,699,31.772727272727273,31.772727272727273,0.31,4,4,3,11,2969.26,Steady middle - hold
C00320,2026-01-12,2024-04-02,19,68266.43000000001,78,728,40.44444444444444,40.44444444444444,1.93,1,2,3,6,3592.97,Steady middle - hold
C01420,2026-02-16,2024-06-16,23,68228.53,43,653,29.681818181818183,29.681818181818183,1.45,2,4,3,9,2966.46,Loyal but slipping - reactivate
C00225,2026-02-08,2024-04-28,25,68222.45,51,702,29.25,29.25,1.74,2,4,3,9,2728.9,Loyal but slipping - reactivate
C00604,2026-01-29,2024-05-12,17,68218.78,61,688,43.0,43.0,1.42,1,1,3,5,4012.87,Steady middle - hold
C00829,2026-03-16,2024-04-08,20,68202.51,15,722,38.0,38.0,0.39,4,2,3,9,3410.13,New - convert to second purchase
C00920,2026-02-18,2024-04-29,24,68193.51,41,701,30.47826086956522,30.47826086956522,1.35,2,4,3,9,2841.4,Loyal but slipping - reactivate
C01098,2026-01-30,2024-04-28,26,68192.08,60,702,28.08,28.08,2.14,1,5,3,9,2622.77,Loyal but slipping - reactivate
C01960,2026-03-22,2024-04-27,21,68189.66,9,703,35.15,35.15,0.26,4,3,3,10,3247.13,Steady middle - hold
C01949,2026-02-24,2024-04-06,22,68179.62,35,724,34.476190476190474,34.476190476190474,1.02,2,3,3,8,3099.07,Steady middle - hold
C01593,2026-01-13,2024-04-25,20,68123.97,77,705,37.10526315789474,37.10526315789474,2.08,1,2,3,6,3406.2,Steady middle - hold
C00422,2026-02-08,2024-04-16,14,68068.05,51,714,54.92307692307692,54.92307692307692,0.93,2,1,3,6,4862.0,Steady middle - hold
C01892,2026-02-04,2024-06-17,19,68034.59,55,652,36.22222222222222,36.22222222222222,1.52,2,2,3,7,3580.77,Steady middle - hold
C02302,2026-03-04,2024-07-26,18,68030.22,27,613,36.05882352941177,36.05882352941177,0.75,3,2,3,8,3779.46,Steady middle - hold
C00803,2026-03-22,2024-04-04,22,67995.65000000001,9,726,34.57142857142857,34.57142857142857,0.26,4,3,3,10,3090.71,Steady middle - hold
C01583,2026-03-14,2024-04-20,17,67966.42,17,710,44.375,44.375,0.38,3,1,3,7,3998.02,Steady middle - hold
C00443,2026-03-28,2024-05-15,24,67951.39,3,685,29.782608695652176,29.782608695652176,0.1,5,4,3,12,2831.31,Steady middle - hold
C00385,2026-03-27,2024-09-04,20,67950.61,4,573,30.157894736842106,30.157894736842106,0.13,5,2,3,10,3397.53,New - convert to second purchase
C00879,2026-01-21,2024-07-26,24,67948.25,69,613,26.652173913043477,26.652173913043477,2.59,1,4,3,8,2831.18,Loyal but slipping - reactivate
C00322,2026-01-14,2024-04-18,20,67935.47,76,712,37.473684210526315,37.473684210526315,2.03,1,2,3,6,3396.77,Steady middle - hold
C00669,2026-03-29,2024-06-01,23,67916.98,2,668,30.363636363636363,30.363636363636363,0.07,5,4,3,12,2952.91,Steady middle - hold
C01909,2026-03-19,2024-05-05,27,67908.17,12,695,26.73076923076923,26.73076923076923,0.45,4,5,3,12,2515.12,Steady middle - hold
C02227,2026-01-09,2024-04-04,22,67894.59,81,726,34.57142857142857,34.57142857142857,2.34,1,4,3,8,3086.12,Loyal but slipping - reactivate
C02312,2026-01-14,2024-04-14,17,67877.62,76,716,44.75,44.75,1.7,1,1,3,5,3992.8,Steady middle - hold
C00584,2026-03-30,2024-04-09,22,67873.63,1,721,34.333333333333336,34.333333333333336,0.03,5,3,3,11,3085.17,Steady middle - hold
C01549,2026-03-29,2024-04-09,26,67860.16,2,721,28.84,28.84,0.07,5,5,3,13,2610.01,Steady middle - hold
C02384,2026-03-05,2024-05-12,19,67848.11,26,688,38.22222222222222,38.22222222222222,0.68,3,2,3,8,3570.95,Steady middle - hold
C02018,2026-03-25,2024-04-02,16,67835.85,6,728,48.53333333333333,48.53333333333333,0.12,5,1,3,9,4239.74,New - convert to second purchase
C02239,2026-03-22,2024-05-08,24,67816.92,9,692,30.08695652173913,30.08695652173913,0.3,4,4,3,11,2825.7,Steady middle - hold
C01592,2026-03-12,2024-04-02,22,67765.42,19,728,34.666666666666664,34.666666666666664,0.55,3,3,3,9,3080.25,Steady middle - hold
C02405,2026-03-09,2024-05-12,15,67750.19,22,688,49.142857142857146,49.142857142857146,0.45,3,1,3,7,4516.68,Steady middle - hold
C00347,2026-02-14,2024-10-09,19,67728.42,45,538,29.88888888888889,29.88888888888889,1.51,2,2,3,7,3564.65,Steady middle - hold
C00272,2026-03-07,2024-06-26,25,67706.51,24,643,26.791666666666668,26.791666666666668,0.9,3,4,3,10,2708.26,Steady middle - hold
C00095,2026-01-02,2024-04-07,19,67692.34,88,723,40.166666666666664,40.166666666666664,2.19,1,2,3,6,3562.75,Steady middle - hold
C01606,2026-03-12,2024-04-11,24,67687.59,19,719,31.26086956521739,31.26086956521739,0.61,3,4,3,10,2820.32,Steady middle - hold
C00984,2026-02-14,2024-05-18,18,67686.70999999999,45,682,40.11764705882353,40.11764705882353,1.12,2,2,3,7,3760.37,Steady middle - hold
C01339,2026-02-01,2024-04-27,23,67659.41,58,703,31.954545454545453,31.954545454545453,1.82,1,4,3,8,2941.71,Loyal but slipping - reactivate
C01655,2025-11-02,2024-04-28,26,67642.78,149,702,28.08,28.08,5.31,1,5,3,9,2601.65,Loyal but slipping - reactivate
C00438,2026-03-08,2024-05-16,22,67625.5,23,684,32.57142857142857,32.57142857142857,0.71,3,3,3,9,3073.89,Steady middle - hold
C02058,2026-01-31,2024-04-27,22,67539.62,59,703,33.476190476190474,33.476190476190474,1.76,1,4,3,8,3069.98,Loyal but slipping - reactivate
C00720,2026-03-08,2024-04-25,17,67532.59,23,705,44.0625,44.0625,0.52,3,1,3,7,3972.51,Steady middle - hold
C00100,2026-02-14,2024-04-03,22,67525.55,45,727,34.61904761904762,34.61904761904762,1.3,2,3,3,8,3069.34,Steady middle - hold
C00098,2026-01-26,2024-04-06,24,67519.48,64,724,31.47826086956522,31.47826086956522,2.03,1,4,3,8,2813.31,Loyal but slipping - reactivate
C02167,2026-02-18,2024-04-13,23,67509.95,41,717,32.59090909090909,32.59090909090909,1.26,2,4,3,9,2935.22,Loyal but slipping - reactivate
C01969,2026-03-12,2024-04-07,25,67504.66,19,723,30.125,30.125,0.63,3,5,3,11,2700.19,Steady middle - hold
C00877,2026-03-03,2024-04-02,16,67423.68,28,728,48.53333333333333,48.53333333333333,0.58,3,1,3,7,4213.98,Steady middle - hold
C02541,2026-03-20,2024-04-13,30,67401.92,11,717,24.724137931034484,24.724137931034484,0.44,4,5,3,12,2246.73,Steady middle - hold
C00540,2026-03-28,2024-04-23,23,67330.52,3,707,32.13636363636363,32.13636363636363,0.09,5,4,3,12,2927.41,Steady middle - hold
C00020,2026-02-07,2024-06-08,19,67295.93,52,661,36.72222222222222,36.72222222222222,1.42,2,2,3,7,3541.89,Steady middle - hold
C02245,2026-02-22,2024-04-06,25,67294.92,37,724,30.166666666666668,30.166666666666668,1.23,2,5,3,10,2691.8,Loyal but slipping - reactivate
C00571,2026-02-07,2024-04-27,23,67290.68,52,703,31.954545454545453,31.954545454545453,1.63,2,4,3,9,2925.68,Loyal but slipping - reactivate
C02288,2026-03-22,2024-07-01,18,67227.11,9,638,37.529411764705884,37.529411764705884,0.24,4,2,3,9,3734.84,New - convert to second purchase
C00512,2026-03-25,2024-06-25,14,67197.97,6,644,49.53846153846154,49.53846153846154,0.12,5,1,3,9,4799.86,New - convert to second purchase
C01349,2026-01-24,2024-04-26,17,67172.96,66,704,44.0,44.0,1.5,1,1,3,5,3951.35,Steady middle - hold
C01507,2026-02-20,2024-04-08,24,67152.08,39,722,31.391304347826086,31.391304347826086,1.24,2,4,3,9,2798.0,Loyal but slipping - reactivate
C00489,2026-01-31,2024-04-07,27,67136.0,59,723,27.807692307692307,27.807692307692307,2.12,1,5,3,9,2486.52,Loyal but slipping - reactivate
C02525,2025-11-06,2024-04-09,26,67112.29,145,721,28.84,28.84,5.03,1,5,3,9,2581.24,Loyal but slipping - reactivate
C01107,2026-03-29,2024-05-31,16,67107.2,2,669,44.6,44.6,0.04,5,1,3,9,4194.2,New - convert to second purchase
C00680,2026-03-14,2024-05-19,21,67052.42,17,681,34.05,34.05,0.5,3,3,3,9,3192.97,Steady middle - hold
C02443,2026-01-12,2024-05-12,21,66938.85,78,688,34.4,34.4,2.27,1,3,3,7,3187.56,Steady middle - hold
C01319,2025-12-23,2024-05-10,22,66938.17,98,690,32.857142857142854,32.857142857142854,2.98,1,3,3,7,3042.64,Steady middle - hold
C02310,2026-03-08,2024-04-04,27,66906.76,23,726,27.923076923076923,27.923076923076923,0.82,3,5,3,11,2478.03,Steady middle - hold
C00858,2026-03-26,2024-04-24,19,66884.79,5,706,39.22222222222222,39.22222222222222,0.13,5,2,3,10,3520.25,New - convert to second purchase
C02572,2026-03-12,2024-04-03,27,66834.70999999999,19,727,27.96153846153846,27.96153846153846,0.68,3,5,3,11,2475.36,Steady middle - hold
C02161,2026-02-12,2024-04-05,14,66812.49,47,725,55.76923076923077,55.76923076923077,0.84,2,1,3,6,4772.32,Steady middle - hold
C01480,2026-03-05,2024-04-06,22,66809.96,26,724,34.476190476190474,34.476190476190474,0.75,3,3,3,9,3036.82,Steady middle - hold
C01437,2026-03-16,2024-04-28,20,66772.88,15,702,36.94736842105263,36.94736842105263,0.41,4,2,3,9,3338.64,New - convert to second purchase
C00988,2026-03-23,2024-05-25,26,66750.12,8,675,27.0,27.0,0.3,4,5,3,12,2567.31,Steady middle - hold
C02264,2026-01-31,2024-04-17,22,66731.8,59,713,33.95238095238095,33.95238095238095,1.74,1,4,3,8,3033.26,Loyal but slipping - reactivate
C02487,2026-03-01,2024-05-08,15,66712.66,30,692,49.42857142857143,49.42857142857143,0.61,3,1,3,7,4447.51,Steady middle - hold
C00401,2026-03-31,2024-05-05,20,66701.7,0,695,36.578947368421055,36.578947368421055,0.0,5,2,3,10,3335.08,New - convert to second purchase
C02050,2026-01-25,2024-04-06,19,66700.38,65,724,40.22222222222222,40.22222222222222,1.62,1,2,3,6,3510.55,Steady middle - hold
C01865,2026-03-30,2024-04-13,23,66682.08,1,717,32.59090909090909,32.59090909090909,0.03,5,4,3,12,2899.22,Steady middle - hold
C00823,2026-02-21,2024-04-11,23,66655.5,38,719,32.68181818181818,32.68181818181818,1.16,2,4,3,9,2898.07,Loyal but slipping - reactivate
C01104,2026-03-29,2024-05-05,25,66625.76,2,695,28.958333333333332,28.958333333333332,0.07,5,4,3,12,2665.03,Steady middle - hold
C00046,2026-03-27,2024-05-11,27,66614.97,4,689,26.5,26.5,0.15,5,5,3,13,2467.22,Steady middle - hold
C01642,2026-02-14,2024-04-05,17,66598.48,45,725,45.3125,45.3125,0.99,2,1,3,6,3917.56,Steady middle - hold
C00350,2026-03-31,2024-05-18,21,66573.36,0,682,34.1,34.1,0.0,5,3,3,11,3170.16,Steady middle - hold
C02250,2026-02-20,2024-04-09,22,66573.35,39,721,34.333333333333336,34.333333333333336,1.14,2,4,3,9,3026.06,Loyal but slipping - reactivate
C01845,2026-02-13,2024-05-30,16,66550.76,46,670,44.666666666666664,44.666666666666664,1.03,2,1,3,6,4159.42,Steady middle - hold
C00718,2026-02-27,2024-04-16,22,66548.16,32,714,34.0,34.0,0.94,2,3,3,8,3024.92,Steady middle - hold
C01495,2026-02-06,2024-05-20,15,66543.94,53,680,48.57142857142857,48.57142857142857,1.09,2,1,3,6,4436.26,Steady middle - hold
C01681,2026-03-17,2024-04-15,19,66543.93000000001,14,715,39.72222222222222,39.72222222222222,0.35,4,2,3,9,3502.31,New - convert to second purchase
C00146,2026-03-22,2024-05-24,21,66538.93000000001,9,676,33.8,33.8,0.27,4,3,3,10,3168.52,Steady middle - hold
C01479,2026-03-22,2024-05-05,26,66503.47,9,695,27.8,27.8,0.32,4,5,3,12,2557.83,Steady middle - hold
C00062,2026-03-14,2024-07-07,22,66501.44,17,632,30.095238095238095,30.095238095238095,0.56,3,3,3,9,3022.79,Steady middle - hold
C01139,2026-01-21,2024-04-15,19,66478.73000000001,69,715,39.72222222222222,39.72222222222222,1.74,1,2,3,6,3498.88,Steady middle - hold
C00539,2026-03-13,2024-04-05,23,66465.46,18,725,32.95454545454545,32.95454545454545,0.55,3,4,3,10,2889.8,Steady middle - hold
C00323,2026-01-04,2024-04-11,22,66459.95,86,719,34.23809523809524,34.23809523809524,2.51,1,3,3,7,3020.91,Steady middle - hold
C01244,2026-03-10,2024-11-01,14,66449.77,21,515,39.61538461538461,39.61538461538461,0.53,3,1,3,7,4746.41,Steady middle - hold
C00895,2026-03-03,2024-04-11,23,66363.41,28,719,32.68181818181818,32.68181818181818,0.86,3,4,3,10,2885.37,Steady middle - hold
C01037,2026-01-31,2024-06-01,18,66344.97,59,668,39.294117647058826,39.294117647058826,1.5,1,2,3,6,3685.83,Steady middle - hold
C00109,2026-02-01,2024-04-28,21,66339.91,58,702,35.1,35.1,1.65,1,3,3,7,3159.04,Steady middle - hold
C02063,2026-02-27,2024-09-14,18,66310.45,32,563,33.11764705882353,33.11764705882353,0.97,2,2,3,7,3683.91,Steady middle - hold
C01269,2026-03-10,2024-06-23,17,66290.65000000001,21,646,40.375,40.375,0.52,3,1,3,7,3899.45,Steady middle - hold
C02504,2026-03-21,2024-04-13,17,66265.95,10,717,44.8125,44.8125,0.22,4,1,3,8,3898.0,New - convert to second purchase
C01742,2026-03-29,2024-05-07,21,66249.01,2,693,34.65,34.65,0.06,5,3,3,11,3154.71,Steady middle - hold
C00597,2026-03-17,2024-05-18,24,66248.32,14,682,29.652173913043477,29.652173913043477,0.47,4,4,3,11,2760.35,Steady middle - hold
C00015,2026-03-07,2024-04-10,25,66247.23,24,720,30.0,30.0,0.8,3,4,3,10,2649.89,Steady middle - hold
C00619,2026-03-22,2024-05-18,21,66234.33,9,682,34.1,34.1,0.26,4,3,3,10,3154.02,Steady middle - hold
C00252,2026-03-23,2024-09-12,21,66192.69,8,565,28.25,28.25,0.28,4,3,3,10,3152.03,Steady middle - hold
C02165,2026-02-01,2024-06-04,22,66170.01000000001,58,665,31.666666666666668,31.666666666666668,1.83,1,4,3,8,3007.73,Loyal but slipping - reactivate
C00435,2026-03-11,2024-05-17,18,66161.51,20,683,40.1764705882353,40.1764705882353,0.5,3,2,3,8,3675.64,Steady middle - hold
C01813,2026-03-11,2024-06-01,22,66131.15,20,668,31.80952380952381,31.80952380952381,0.63,3,3,3,9,3005.96,Steady middle - hold
C02528,2026-01-27,2024-04-18,22,66100.71,63,712,33.904761904761905,33.904761904761905,1.86,1,4,3,8,3004.58,Loyal but slipping - reactivate
C01268,2026-03-20,2024-04-08,22,66022.04000000001,11,722,34.38095238095238,34.38095238095238,0.32,4,3,3,10,3001.0,Steady middle - hold
C01466,2026-01-31,2024-04-04,19,65999.86,59,726,40.333333333333336,40.333333333333336,1.46,1,2,3,6,3473.68,Steady middle - hold
C02226,2026-03-29,2024-04-05,20,65987.96,2,725,38.1578947368421,38.1578947368421,0.05,5,3,3,11,3299.4,Steady middle - hold
C00078,2026-03-25,2024-05-07,18,65978.25,6,693,40.76470588235294,40.76470588235294,0.15,5,1,3,9,3665.46,New - convert to second purchase
C02223,2026-02-15,2024-04-08,23,65975.55,44,722,32.81818181818182,32.81818181818182,1.34,2,4,3,9,2868.5,Loyal but slipping - reactivate
C01657,2026-03-15,2024-05-27,19,65950.69,16,673,37.388888888888886,37.388888888888886,0.43,4,2,3,9,3471.09,New - convert to second purchase
C02119,2026-02-15,2024-05-05,21,65899.39,44,695,34.75,34.75,1.27,2,3,3,8,3138.07,Steady middle - hold
C01124,2026-01-29,2024-05-26,22,65897.15,61,674,32.095238095238095,32.095238095238095,1.9,1,3,3,7,2995.32,Steady middle - hold
C01101,2026-01-31,2024-04-07,26,65864.24,59,723,28.92,28.92,2.04,1,5,3,9,2533.24,Loyal but slipping - reactivate
C00885,2026-01-02,2024-04-17,17,65854.55,88,713,44.5625,44.5625,1.97,1,1,3,5,3873.8,Steady middle - hold
C01293,2026-03-27,2024-04-20,20,65851.05,4,710,37.36842105263158,37.36842105263158,0.11,5,2,3,10,3292.55,New - convert to second purchase
C01578,2026-03-25,2024-04-20,23,65848.69,6,710,32.27272727272727,32.27272727272727,0.19,5,4,3,12,2862.99,Steady middle - hold
C02499,2026-02-18,2024-05-26,21,65843.74,41,674,33.7,33.7,1.22,2,3,3,8,3135.42,Steady middle - hold
C02361,2026-02-05,2024-04-17,23,65798.75,54,713,32.40909090909091,32.40909090909091,1.67,2,4,3,9,2860.82,Loyal but slipping - reactivate
C02316,2026-03-08,2024-06-17,22,65786.90000000001,23,652,31.047619047619047,31.047619047619047,0.74,3,4,3,10,2990.31,Steady middle - hold
C02230,2026-02-27,2024-05-11,25,65767.77,32,689,28.708333333333332,28.708333333333332,1.11,2,5,3,10,2630.71,Loyal but slipping - reactivate
C02241,2026-03-25,2024-05-11,23,65727.55,6,689,31.318181818181817,31.318181818181817,0.19,5,4,3,12,2857.72,Steady middle - hold
C00783,2026-03-30,2024-04-03,22,65711.66,1,727,34.61904761904762,34.61904761904762,0.03,5,3,3,11,2986.89,Steady middle - hold
C00302,2026-03-13,2024-04-04,27,65696.5,18,726,27.923076923076923,27.923076923076923,0.64,3,5,3,11,2433.2,Steady middle - hold
C02228,2026-01-28,2024-05-12,21,65687.91,62,688,34.4,34.4,1.8,1,3,3,7,3128.0,Steady middle - hold
C01632,2026-01-12,2024-04-12,16,65664.34,78,718,47.86666666666667,47.86666666666667,1.63,1,1,3,5,4104.02,Steady middle - hold
C02485,2026-03-22,2024-04-14,26,65655.99,9,716,28.64,28.64,0.31,4,5,3,12,2525.23,Steady middle - hold
C00014,2026-03-22,2024-09-17,22,65643.49,9,560,26.666666666666668,26.666666666666668,0.34,4,3,3,10,2983.8,Steady middle - hold
C00760,2026-02-01,2024-07-01,22,65619.99,58,638,30.38095238095238,30.38095238095238,1.91,1,3,3,7,2982.73,Steady middle - hold
C01536,2026-01-27,2024-05-04,21,65591.61,63,696,34.8,34.8,1.81,1,3,3,7,3123.41,Steady middle - hold
C01854,2026-03-16,2024-04-18,19,65590.22,15,712,39.55555555555556,39.55555555555556,0.38,4,2,3,9,3452.12,New - convert to second purchase
C01567,2026-02-27,2024-08-08,20,65587.71,32,600,31.57894736842105,31.57894736842105,1.01,2,2,3,7,3279.39,Steady middle - hold
C01412,2026-03-25,2024-04-13,18,65552.36,6,717,42.1764705882353,42.1764705882353,0.14,5,2,3,10,3641.8,New - convert to second purchase
C02478,2026-03-21,2024-05-01,18,65531.240000000005,10,699,41.11764705882353,41.11764705882353,0.24,4,2,3,9,3640.62,New - convert to second purchase
C01850,2026-03-31,2024-06-10,21,65489.8,0,659,32.95,32.95,0.0,5,3,3,11,3118.56,Steady middle - hold
C01370,2026-03-26,2024-05-17,23,65458.78,5,683,31.045454545454547,31.045454545454547,0.16,5,4,3,12,2846.03,Steady middle - hold
C00097,2026-01-21,2024-10-22,21,65453.369999999995,69,525,26.25,26.25,2.63,1,3,3,7,3116.83,Steady middle - hold
C01184,2026-03-31,2024-04-20,26,65416.11,0,710,28.4,28.4,0.0,5,5,3,13,2516.0,Steady middle - hold
C00782,2026-03-25,2024-04-19,27,65383.45,6,711,27.346153846153847,27.346153846153847,0.22,5,5,3,13,2421.61,Steady middle - hold
C01092,2026-02-21,2024-04-02,27,65358.34,38,728,28.0,28.0,1.36,2,5,3,10,2420.68,Loyal but slipping - reactivate
C02554,2026-03-14,2024-05-27,22,65345.81999999999,17,673,32.04761904761905,32.04761904761905,0.53,4,4,3,11,2970.26,Steady middle - hold
C02471,2026-03-16,2024-04-03,19,65329.13,15,727,40.388888888888886,40.388888888888886,0.37,4,2,3,9,3438.38,New - convert to second purchase
C02430,2026-02-01,2024-04-22,20,65305.78,58,708,37.26315789473684,37.26315789473684,1.56,1,3,3,7,3265.29,Steady middle - hold
C00134,2026-03-22,2024-05-18,27,65294.770000000004,9,682,26.23076923076923,26.23076923076923,0.34,4,5,3,12,2418.32,Steady middle - hold
C00469,2026-02-02,2024-05-12,14,65290.77,57,688,52.92307692307692,52.92307692307692,1.08,2,1,3,6,4663.63,Steady middle - hold
C01715,2026-02-05,2024-05-12,19,65281.12,54,688,38.22222222222222,38.22222222222222,1.41,2,2,3,7,3435.85,Steady middle - hold
C01930,2026-01-07,2024-05-15,21,65275.96,83,685,34.25,34.25,2.42,1,3,3,7,3108.38,Steady middle - hold
C02271,2026-03-22,2024-05-03,21,65265.97,9,697,34.85,34.85,0.26,4,3,3,10,3107.9,Steady middle - hold
C01539,2026-02-20,2024-04-05,18,65265.24,39,725,42.64705882352941,42.64705882352941,0.91,2,2,3,7,3625.85,Steady middle - hold
C01259,2026-02-08,2024-04-06,18,65244.77,51,724,42.588235294117645,42.588235294117645,1.2,2,2,3,7,3624.71,Steady middle - hold
C01940,2026-03-06,2024-04-13,19,65229.59,25,717,39.833333333333336,39.833333333333336,0.63,3,2,3,8,3433.14,Steady middle - hold
C01224,2026-02-18,2024-04-27,23,65224.34,41,703,31.954545454545453,31.954545454545453,1.28,2,4,3,9,2835.84,Loyal but slipping - reactivate
C02378,2026-02-28,2024-04-09,24,65201.090000000004,31,721,31.347826086956523,31.347826086956523,0.99,3,4,3,10,2716.71,Steady middle - hold
C00542,2026-02-20,2024-04-09,21,65165.48,39,721,36.05,36.05,1.08,2,3,3,8,3103.12,Steady middle - hold
C00528,2026-02-21,2024-08-08,24,65134.95,38,600,26.08695652173913,26.08695652173913,1.46,2,4,3,9,2713.96,Loyal but slipping - reactivate
C00905,2026-03-27,2024-05-09,17,65119.94,4,691,43.1875,43.1875,0.09,5,1,3,9,3830.58,New - convert to second purchase
C01924,2026-01-24,2024-05-11,22,65082.11,66,689,32.80952380952381,32.80952380952381,2.01,1,3,3,7,2958.28,Steady middle - hold
C01157,2026-03-21,2024-05-11,22,65081.01,10,689,32.80952380952381,32.80952380952381,0.3,4,3,3,10,2958.23,Steady middle - hold
C01981,2026-03-21,2024-05-05,18,65069.99,10,695,40.88235294117647,40.88235294117647,0.24,4,2,3,9,3615.0,New - convert to second purchase
C02432,2026-03-30,2024-09-12,19,65057.75,1,565,31.38888888888889,31.38888888888889,0.03,5,2,3,10,3424.09,New - convert to second purchase
C01234,2026-01-14,2024-04-02,20,65040.9,76,728,38.31578947368421,38.31578947368421,1.98,1,2,3,6,3252.04,Steady middle - hold
C01250,2026-02-01,2024-10-03,15,65024.72,58,544,38.857142857142854,38.857142857142854,1.49,1,1,3,5,4334.98,Steady middle - hold
C01556,2026-02-22,2024-05-20,24,64954.84,37,680,29.565217391304348,29.565217391304348,1.25,2,4,3,9,2706.45,Loyal but slipping - reactivate
C02377,2026-01-25,2024-04-06,20,64885.78,65,724,38.10526315789474,38.10526315789474,1.71,1,3,3,7,3244.29,Steady middle - hold
C00529,2026-02-21,2024-04-26,14,64870.780000000006,38,704,54.15384615384615,54.15384615384615,0.7,2,1,3,6,4633.63,Steady middle - hold
C00521,2026-03-16,2024-04-03,25,64858.74,15,727,30.291666666666668,30.291666666666668,0.5,4,4,3,11,2594.35,Steady middle - hold
C00676,2026-01-26,2024-04-21,22,64853.520000000004,64,709,33.76190476190476,33.76190476190476,1.9,1,3,3,7,2947.89,Steady middle - hold
C00093,2026-03-07,2024-06-14,19,64793.37,24,655,36.388888888888886,36.388888888888886,0.66,3,2,3,8,3410.18,Steady middle - hold
C00043,2026-01-24,2024-04-05,20,64751.69,66,725,38.1578947368421,38.1578947368421,1.73,1,2,3,6,3237.58,Steady middle - hold
C01571,2026-03-31,2024-04-14,25,64690.86,0,716,29.833333333333332,29.833333333333332,0.0,5,4,3,12,2587.63,Steady middle - hold
C01099,2026-02-13,2024-04-14,22,64676.03,46,716,34.095238095238095,34.095238095238095,1.35,2,3,3,8,2939.82,Steady middle - hold
C00623,2026-03-19,2024-05-08,19,64662.090000000004,12,692,38.44444444444444,38.44444444444444,0.31,4,2,3,9,3403.27,New - convert to second purchase
C00917,2026-03-26,2024-04-13,20,64646.63,5,717,37.73684210526316,37.73684210526316,0.13,5,2,3,10,3232.33,New - convert to second purchase
C00635,2026-01-06,2024-04-04,19,64642.55,84,726,40.333333333333336,40.333333333333336,2.08,1,2,3,6,3402.24,Steady middle - hold
C00485,2026-03-07,2024-04-08,20,64613.08,24,722,38.0,38.0,0.63,3,2,3,8,3230.65,Steady middle - hold
C00337,2026-03-23,2024-06-18,18,64612.88,8,651,38.294117647058826,38.294117647058826,0.21,4,2,3,9,3589.6,New - convert to second purchase
C02328,2026-02-22,2024-05-05,19,64516.81,37,695,38.611111111111114,38.611111111111114,0.96,2,2,3,7,3395.62,Steady middle - hold
C00794,2026-03-26,2024-04-30,20,64510.8,5,700,36.8421052631579,36.8421052631579,0.14,5,2,3,10,3225.54,New - convert to second purchase
C02107,2026-01-04,2024-04-20,21,64509.67,86,710,35.5,35.5,2.42,1,3,3,7,3071.89,Steady middle - hold
C00133,2026-03-30,2024-05-14,22,64508.92,1,686,32.666666666666664,32.666666666666664,0.03,5,3,3,11,2932.22,Steady middle - hold
C01082,2026-03-31,2024-10-10,23,64508.8,0,537,24.40909090909091,24.40909090909091,0.0,5,4,3,12,2804.73,Steady middle - hold
C00615,2026-03-18,2024-07-07,21,64494.34,13,632,31.6,31.6,0.41,4,3,3,10,3071.16,Steady middle - hold
C00128,2026-03-21,2024-04-07,25,64479.310000000005,10,723,30.125,30.125,0.33,4,4,3,11,2579.17,Steady middle - hold
C00648,2026-03-18,2024-04-03,18,64478.59,13,727,42.76470588235294,42.76470588235294,0.3,4,2,3,9,3582.14,New - convert to second purchase
C02575,2026-02-08,2024-04-26,20,64470.98,51,704,37.05263157894737,37.05263157894737,1.38,2,3,3,8,3223.55,Steady middle - hold
C02407,2026-02-20,2024-04-13,21,64460.24,39,717,35.85,35.85,1.09,2,3,3,8,3069.54,Steady middle - hold
C01675,2026-02-15,2024-05-23,24,64443.6,44,677,29.434782608695652,29.434782608695652,1.49,2,4,3,9,2685.15,Loyal but slipping - reactivate
C01032,2025-12-07,2024-04-13,21,64439.52,114,717,35.85,35.85,3.18,1,3,3,7,3068.55,Steady middle - hold
C02096,2025-12-26,2024-04-05,25,64433.85,95,725,30.208333333333332,30.208333333333332,3.14,1,5,3,9,2577.35,Loyal but slipping - reactivate
C01193,2026-03-17,2024-04-29,22,64400.02,14,701,33.38095238095238,33.38095238095238,0.42,4,3,3,10,2927.27,Steady middle - hold
C02024,2026-02-20,2024-05-13,23,64392.57,39,687,31.227272727272727,31.227272727272727,1.25,2,4,3,9,2799.68,Loyal but slipping - reactivate
C00653,2026-03-13,2024-04-18,20,64381.68,18,712,37.473684210526315,37.473684210526315,0.48,3,2,3,8,3219.08,Steady middle - hold
C00395,2026-02-05,2024-05-10,22,64366.95,54,690,32.857142857142854,32.857142857142854,1.64,2,3,3,8,2925.77,Steady middle - hold
C00049,2026-02-13,2024-04-03,15,64365.340000000004,46,727,51.92857142857143,51.92857142857143,0.89,2,1,3,6,4291.02,Steady middle - hold
C00960,2026-02-08,2024-04-26,24,64345.299999999996,51,704,30.608695652173914,30.608695652173914,1.67,2,4,3,9,2681.05,Loyal but slipping - reactivate
C00498,2026-02-22,2024-05-24,21,64344.2,37,676,33.8,33.8,1.09,2,3,3,8,3064.01,Steady middle - hold
C01315,2026-03-25,2024-04-26,25,64279.15,6,704,29.333333333333332,29.333333333333332,0.2,5,4,3,12,2571.17,Steady middle - hold
C01721,2026-03-15,2024-04-13,24,64260.39,16,717,31.17391304347826,31.17391304347826,0.51,4,4,3,11,2677.52,Steady middle - hold
C01151,2026-03-24,2024-05-26,21,64253.0,7,674,33.7,33.7,0.21,4,3,3,10,3059.67,Steady middle - hold
C01496,2025-11-23,2024-06-01,18,64245.49,128,668,39.294117647058826,39.294117647058826,3.26,1,2,3,6,3569.19,Steady middle - hold
C00951,2026-01-25,2024-04-04,22,64225.2,65,726,34.57142857142857,34.57142857142857,1.88,1,3,3,7,2919.33,Steady middle - hold
C00285,2026-02-08,2024-05-05,17,64203.13,51,695,43.4375,43.4375,1.17,2,1,3,6,3776.65,Steady middle - hold
C01353,2026-02-11,2024-04-23,25,64062.21,48,707,29.458333333333332,29.458333333333332,1.63,2,4,3,9,2562.49,Loyal but slipping - reactivate
C02570,2026-03-31,2024-04-01,28,64056.41,0,729,27.0,27.0,0.0,5,5,3,13,2287.73,Steady middle - hold
C01242,2026-03-07,2024-04-20,20,64015.3,24,710,37.36842105263158,37.36842105263158,0.64,3,2,3,8,3200.77,Steady middle - hold
C00005,2026-03-30,2024-04-14,25,64007.81,1,716,29.833333333333332,29.833333333333332,0.03,5,4,3,12,2560.31,Steady middle - hold
C00743,2025-12-22,2024-04-26,20,64007.01,99,704,37.05263157894737,37.05263157894737,2.67,1,2,3,6,3200.35,Steady middle - hold
C00113,2026-03-25,2024-04-20,22,63971.85,6,710,33.80952380952381,33.80952380952381,0.18,5,3,3,11,2907.81,Steady middle - hold
C00692,2026-03-19,2024-05-23,21,63953.88,12,677,33.85,33.85,0.35,4,3,3,10,3045.42,Steady middle - hold
C00590,2026-02-04,2024-04-10,23,63906.259999999995,55,720,32.72727272727273,32.72727272727273,1.68,2,4,3,9,2778.53,Loyal but slipping - reactivate
C01252,2026-02-06,2024-05-13,23,63865.23,53,687,31.227272727272727,31.227272727272727,1.7,2,4,3,9,2776.75,Loyal but slipping - reactivate
C01229,2026-03-04,2024-05-05,27,63863.32,27,695,26.73076923076923,26.73076923076923,1.01,3,5,3,11,2365.31,Steady middle - hold
C01078,2026-02-20,2024-04-24,21,63855.3,39,706,35.3,35.3,1.1,2,3,3,8,3040.73,Steady middle - hold
C01636,2026-03-13,2024-04-08,18,63848.94,18,722,42.470588235294116,42.470588235294116,0.42,3,2,3,8,3547.16,Steady middle - hold
C01416,2025-11-09,2024-09-21,14,63820.909999999996,142,556,42.76923076923077,42.76923076923077,3.32,1,1,3,5,4558.64,Steady middle - hold
C02591,2026-03-21,2024-04-11,23,63794.85,10,719,32.68181818181818,32.68181818181818,0.31,4,4,3,11,2773.69,Steady middle - hold
C01805,2026-03-05,2024-04-06,26,63788.299999999996,26,724,28.96,28.96,0.9,3,5,3,11,2453.4,Steady middle - hold
C01877,2026-02-26,2024-06-08,24,63787.43,33,661,28.73913043478261,28.73913043478261,1.15,2,4,3,9,2657.81,Loyal but slipping - reactivate
C00279,2026-02-20,2024-04-11,21,63783.39,39,719,35.95,35.95,1.08,2,3,3,8,3037.3,Steady middle - hold
C02508,2026-01-25,2024-06-13,22,63782.020000000004,65,656,31.238095238095237,31.238095238095237,2.08,1,4,3,8,2899.18,Loyal but slipping - reactivate
C01266,2026-03-24,2024-07-27,24,63762.69,7,612,26.608695652173914,26.608695652173914,0.26,5,4,3,12,2656.78,Steady middle - hold
C02489,2026-03-12,2024-09-25,20,63730.91,19,552,29.05263157894737,29.05263157894737,0.65,3,3,3,9,3186.55,Steady middle - hold
C02157,2026-03-11,2024-05-17,26,63664.26,20,683,27.32,27.32,0.73,3,5,3,11,2448.63,Steady middle - hold
C00127,2026-02-19,2024-06-14,16,63658.45,40,655,43.666666666666664,43.666666666666664,0.92,2,1,3,6,3978.65,Steady middle - hold
C01176,2026-01-15,2024-07-28,15,63645.38,75,611,43.642857142857146,43.642857142857146,1.72,1,1,3,5,4243.03,Steady middle - hold
C01634,2025-11-27,2024-05-16,16,63587.58,124,684,45.6,45.6,2.72,1,1,3,5,3974.22,Steady middle - hold
C02075,2025-12-02,2024-07-18,23,63575.630000000005,119,621,28.227272727272727,28.227272727272727,4.22,1,4,3,8,2764.16,Loyal but slipping - reactivate
C00313,2026-03-07,2024-04-28,18,63556.07,24,702,41.294117647058826,41.294117647058826,0.58,3,2,3,8,3530.89,Steady middle - hold
C00030,2026-01-18,2024-05-01,21,63533.29,72,699,34.95,34.95,2.06,1,3,3,7,3025.39,Steady middle - hold
C00345,2026-03-01,2024-05-12,13,63522.14,30,688,57.333333333333336,57.333333333333336,0.52,3,1,3,7,4886.32,Steady middle - hold
C02222,2026-03-21,2024-04-20,20,63505.149999999994,10,710,37.36842105263158,37.36842105263158,0.27,4,3,3,10,3175.26,Steady middle - hold
C02240,2026-02-21,2024-04-27,19,63476.729999999996,38,703,39.05555555555556,39.05555555555556,0.97,2,2,3,7,3340.88,Steady middle - hold
C00549,2026-01-17,2024-04-28,21,63443.11,73,702,35.1,35.1,2.08,1,3,3,7,3021.1,Steady middle - hold
C01598,2026-03-09,2024-04-04,24,63382.36,22,726,31.565217391304348,31.565217391304348,0.7,3,4,3,10,2640.93,Steady middle - hold
C00076,2026-03-13,2024-04-21,19,63337.44,18,709,39.388888888888886,39.388888888888886,0.46,3,2,3,8,3333.55,Steady middle - hold
C01276,2026-02-09,2024-06-05,18,63336.48,50,664,39.05882352941177,39.05882352941177,1.28,2,2,3,7,3518.69,Steady middle - hold
C01386,2026-03-25,2024-04-20,21,63323.93,6,710,35.5,35.5,0.17,5,3,3,11,3015.43,Steady middle - hold
C00470,2026-03-05,2024-04-06,20,63305.37,26,724,38.10526315789474,38.10526315789474,0.68,3,2,3,8,3165.27,Steady middle - hold
C02369,2026-03-21,2024-04-21,23,63295.76,10,709,32.22727272727273,32.22727272727273,0.31,4,4,3,11,2751.99,Steady middle - hold
C01581,2026-02-28,2024-05-27,21,63231.049999999996,31,673,33.65,33.65,0.92,3,3,3,9,3011.0,Steady middle - hold
C02137,2026-02-25,2024-04-04,17,63224.35,34,726,45.375,45.375,0.75,2,1,3,6,3719.08,Steady middle - hold
C01564,2026-03-28,2024-04-06,22,63217.130000000005,3,724,34.476190476190474,34.476190476190474,0.09,5,3,3,11,2873.51,Steady middle - hold
C00074,2026-03-27,2024-06-21,15,63206.24,4,648,46.285714285714285,46.285714285714285,0.09,5,1,3,9,4213.75,New - convert to second purchase
C00688,2026-03-12,2024-04-29,22,63193.28,19,701,33.38095238095238,33.38095238095238,0.57,3,3,3,9,2872.42,Steady middle - hold
C02466,2026-02-19,2024-04-01,23,63171.12,40,729,33.13636363636363,33.13636363636363,1.21,2,4,3,9,2746.57,Loyal but slipping - reactivate
C01126,2026-02-02,2024-06-01,17,63168.56,57,668,41.75,41.75,1.37,2,1,3,6,3715.8,Steady middle - hold
C01041,2026-03-30,2024-08-24,25,63106.21,1,584,24.333333333333332,24.333333333333332,0.04,5,4,3,12,2524.25,Steady middle - hold
C02210,2026-03-16,2024-06-09,23,63086.68,15,660,30.0,30.0,0.5,4,4,3,11,2742.9,Steady middle - hold
C00450,2026-03-11,2024-05-04,16,63064.880000000005,20,696,46.4,46.4,0.43,3,1,3,7,3941.56,Steady middle - hold
C00188,2026-03-28,2024-05-06,19,63031.11,3,694,38.55555555555556,38.55555555555556,0.08,5,2,3,10,3317.43,New - convert to second purchase
C00147,2026-03-02,2024-04-14,19,63021.240000000005,29,716,39.77777777777778,39.77777777777778,0.73,3,2,3,8,3316.91,Steady middle - hold
C00684,2026-03-08,2024-04-03,21,62991.01,23,727,36.35,36.35,0.63,3,3,2,8,2999.57,Steady middle - hold
C02168,2026-03-14,2024-05-14,24,62987.19,17,686,29.82608695652174,29.82608695652174,0.57,4,4,2,10,2624.47,Steady middle - hold
C01438,2026-03-31,2024-05-28,19,62935.03,0,672,37.333333333333336,37.333333333333336,0.0,5,2,2,9,3312.37,New - convert to second purchase
C02309,2026-02-11,2024-04-26,24,62889.82,48,704,30.608695652173914,30.608695652173914,1.57,2,4,2,8,2620.41,Loyal but slipping - reactivate
C02038,2026-03-25,2024-04-10,22,62883.64,6,720,34.285714285714285,34.285714285714285,0.18,5,4,2,11,2858.35,Steady middle - hold
C00254,2026-03-03,2024-04-25,19,62830.14,28,705,39.166666666666664,39.166666666666664,0.71,3,2,2,7,3306.85,Steady middle - hold
C00962,2026-02-23,2024-04-24,22,62828.450000000004,36,706,33.61904761904762,33.61904761904762,1.07,2,3,2,7,2855.84,Dormant low value - do not spend
C00430,2026-03-28,2024-04-03,22,62814.63,3,727,34.61904761904762,34.61904761904762,0.09,5,3,2,10,2855.21,Steady middle - hold
C02308,2026-03-07,2024-04-29,17,62808.55,24,701,43.8125,43.8125,0.55,3,1,2,6,3694.62,Steady middle - hold
C02052,2026-03-26,2024-04-10,24,62717.84,5,720,31.304347826086957,31.304347826086957,0.16,5,4,2,11,2613.24,Steady middle - hold
C02139,2026-03-15,2024-04-25,19,62685.6,16,705,39.166666666666664,39.166666666666664,0.41,4,2,2,8,3299.24,New - convert to second purchase
C01309,2026-03-16,2024-04-11,20,62676.89,15,719,37.8421052631579,37.8421052631579,0.4,4,2,2,8,3133.84,New - convert to second purchase
C00777,2026-03-29,2024-04-03,19,62643.020000000004,2,727,40.388888888888886,40.388888888888886,0.05,5,2,2,9,3297.0,New - convert to second purchase
C01033,2026-01-12,2024-04-08,20,62628.19,78,722,38.0,38.0,2.05,1,2,2,5,3131.41,Dormant low value - do not spend
C01884,2026-03-13,2024-04-28,22,62622.34,18,702,33.42857142857143,33.42857142857143,0.54,3,3,2,8,2846.47,Steady middle - hold
C00211,2026-01-17,2024-04-16,22,62613.11,73,714,34.0,34.0,2.15,1,3,2,6,2846.05,Dormant low value - do not spend
C02529,2026-01-24,2024-05-24,23,62586.18,66,676,30.727272727272727,30.727272727272727,2.15,1,4,2,7,2721.14,Loyal but slipping - reactivate
C01149,2026-03-04,2024-04-07,20,62581.09,27,723,38.05263157894737,38.05263157894737,0.71,3,2,2,7,3129.05,Steady middle - hold
C00291,2026-02-12,2024-04-24,23,62576.24,47,706,32.09090909090909,32.09090909090909,1.46,2,4,2,8,2720.71,Loyal but slipping - reactivate
C00911,2026-03-20,2024-06-20,17,62575.35,11,649,40.5625,40.5625,0.27,4,1,2,7,3680.9,New - convert to second purchase
C01286,2026-03-21,2024-04-06,19,62555.12,10,724,40.22222222222222,40.22222222222222,0.25,4,2,2,8,3292.37,New - convert to second purchase
C00731,2026-02-09,2024-04-22,23,62537.95,50,708,32.18181818181818,32.18181818181818,1.55,2,4,2,8,2719.04,Loyal but slipping - reactivate
C00672,2025-12-27,2024-04-07,25,62531.630000000005,94,723,30.125,30.125,3.12,1,4,2,7,2501.27,Loyal but slipping - reactivate
C00594,2026-03-14,2024-04-13,13,62529.04,17,717,59.75,59.75,0.28,3,1,2,6,4809.93,Steady middle - hold
C01006,2026-01-31,2024-06-22,19,62525.85,59,647,35.94444444444444,35.94444444444444,1.64,1,2,2,5,3290.83,Dormant low value - do not spend
C02042,2026-03-03,2024-04-02,21,62475.69,28,728,36.4,36.4,0.77,3,3,2,8,2975.03,Steady middle - hold
C01773,2026-03-25,2024-07-12,23,62456.25,6,627,28.5,28.5,0.21,5,4,2,11,2715.49,Steady middle - hold
C01169,2026-03-06,2024-05-07,21,62373.36,25,693,34.65,34.65,0.72,3,3,2,8,2970.16,Steady middle - hold
C00053,2026-03-20,2024-04-18,21,62356.840000000004,11,712,35.6,35.6,0.31,4,3,2,9,2969.37,Steady middle - hold
C01233,2026-01-01,2024-04-11,21,62305.62,89,719,35.95,35.95,2.48,1,3,2,6,2966.93,Dormant low value - do not spend
C02200,2026-02-21,2024-04-15,27,62255.76,38,715,27.5,27.5,1.38,2,5,2,9,2305.77,Loyal but slipping - reactivate
C01379,2026-02-16,2024-04-21,20,62229.95,43,709,37.31578947368421,37.31578947368421,1.15,2,2,2,6,3111.5,Dormant low value - do not spend
C01362,2026-03-26,2024-04-12,15,62221.979999999996,5,718,51.285714285714285,51.285714285714285,0.1,5,1,2,8,4148.13,New - convert to second purchase
C00546,2026-03-08,2024-04-15,21,62165.52,23,715,35.75,35.75,0.64,3,3,2,8,2960.26,Steady middle - hold
C01199,2026-03-15,2024-08-03,30,62162.89,16,605,20.862068965517242,20.862068965517242,0.77,4,5,2,11,2072.1,Steady middle - hold
C02085,2026-02-19,2024-04-13,22,62157.36,40,717,34.142857142857146,34.142857142857146,1.17,2,4,2,8,2825.33,Loyal but slipping - reactivate
C01366,2026-03-24,2024-04-12,26,62149.74,7,718,28.72,28.72,0.24,5,5,2,12,2390.37,Steady middle - hold
C00707,2026-03-29,2024-06-29,22,62131.05,2,640,30.476190476190474,30.476190476190474,0.07,5,3,2,10,2824.14,Steady middle - hold
C02053,2026-02-27,2024-04-20,21,62087.880000000005,32,710,35.5,35.5,0.9,2,3,2,7,2956.57,Dormant low value - do not spend
C01247,2026-02-09,2024-05-05,23,62029.89,50,695,31.59090909090909,31.59090909090909,1.58,2,4,2,8,2696.95,Loyal but slipping - reactivate
C00258,2026-03-25,2024-04-07,22,62017.54,6,723,34.42857142857143,34.42857142857143,0.17,5,3,2,10,2818.98,Steady middle - hold
C01166,2026-03-23,2024-05-26,19,61998.78,8,674,37.44444444444444,37.44444444444444,0.21,4,2,2,8,3263.09,New - convert to second purchase
C01357,2026-02-12,2024-04-28,16,61966.74,47,702,46.8,46.8,1.0,2,1,2,5,3872.92,Dormant low value - do not spend
C02446,2026-03-29,2024-05-06,20,61963.09,2,694,36.526315789473685,36.526315789473685,0.05,5,3,2,10,3098.15,Steady middle - hold
C00501,2026-03-22,2024-05-01,23,61936.63,9,699,31.772727272727273,31.772727272727273,0.28,4,4,2,10,2692.9,Steady middle - hold
C02180,2026-03-14,2024-05-19,23,61923.55,17,681,30.954545454545453,30.954545454545453,0.55,4,4,2,10,2692.33,Steady middle - hold
C02546,2026-01-04,2024-09-05,16,61907.88,86,572,38.13333333333333,38.13333333333333,2.26,1,1,2,4,3869.24,Dormant low value - do not spend
C02501,2025-12-25,2024-05-02,23,61906.61,96,698,31.727272727272727,31.727272727272727,3.03,1,4,2,7,2691.59,Loyal but slipping - reactivate
C01828,2026-03-31,2024-06-23,27,61896.25,0,646,24.846153846153847,24.846153846153847,0.0,5,5,2,12,2292.45,Steady middle - hold
C01051,2026-02-24,2024-04-25,20,61894.76,35,705,37.10526315789474,37.10526315789474,0.94,2,2,2,6,3094.74,Dormant low value - do not spend
C01406,2026-03-06,2024-05-01,18,61874.59,25,699,41.11764705882353,41.11764705882353,0.61,3,2,2,7,3437.48,Steady middle - hold
C01590,2026-02-24,2024-04-10,20,61826.840000000004,35,720,37.89473684210526,37.89473684210526,0.92,2,2,2,6,3091.34,Dormant low value - do not spend
C00297,2026-03-31,2024-04-04,17,61821.46,0,726,45.375,45.375,0.0,5,1,2,8,3636.56,New - convert to second purchase
C01575,2026-02-06,2024-04-07,21,61820.45,53,723,36.15,36.15,1.47,2,3,2,7,2943.83,Dormant low value - do not spend
C00647,2026-03-19,2024-05-08,22,61735.26,12,692,32.95238095238095,32.95238095238095,0.36,4,3,2,9,2806.15,Steady middle - hold
C00446,2026-02-15,2024-04-05,16,61656.86,44,725,48.333333333333336,48.333333333333336,0.91,2,1,2,5,3853.55,Dormant low value - do not spend
C02184,2026-01-20,2024-04-02,21,61624.049999999996,70,728,36.4,36.4,1.92,1,3,2,6,2934.48,Dormant low value - do not spend
C01200,2026-02-28,2024-04-17,22,61604.61,31,713,33.95238095238095,33.95238095238095,0.91,2,3,2,7,2800.21,Dormant low value - do not spend
C01778,2026-03-20,2024-09-29,20,61581.85,11,548,28.842105263157894,28.842105263157894,0.38,4,3,2,9,3079.09,Steady middle - hold
C00586,2026-03-27,2024-04-06,19,61572.58,4,724,40.22222222222222,40.22222222222222,0.1,5,2,2,9,3240.66,New - convert to second purchase
C02450,2026-01-25,2024-04-13,22,61533.020000000004,65,717,34.142857142857146,34.142857142857146,1.9,1,4,2,7,2796.96,Loyal but slipping - reactivate
C01255,2026-03-07,2024-05-29,18,61530.740000000005,24,671,39.470588235294116,39.470588235294116,0.61,3,2,2,7,3418.37,Steady middle - hold
C00417,2026-02-26,2024-04-11,22,61476.59,33,719,34.23809523809524,34.23809523809524,0.96,2,3,2,7,2794.39,Dormant low value - do not spend
C01223,2026-01-31,2024-04-06,16,61454.29,59,724,48.266666666666666,48.266666666666666,1.22,1,1,2,4,3840.89,Dormant low value - do not spend
C00177,2026-02-27,2024-05-22,21,61454.270000000004,32,678,33.9,33.9,0.94,2,3,2,7,2926.39,Dormant low value - do not spend
C01573,2026-03-07,2024-06-23,18,61396.22,24,646,38.0,38.0,0.63,3,2,2,7,3410.9,Steady middle - hold
C01995,2026-02-21,2024-05-01,22,61379.09,38,699,33.285714285714285,33.285714285714285,1.14,2,3,2,7,2789.96,Dormant low value - do not spend
C00118,2026-03-15,2024-04-16,21,61358.44,16,714,35.7,35.7,0.45,4,3,2,9,2921.83,Steady middle - hold
C00065,2026-02-18,2024-04-02,25,61317.53,41,728,30.333333333333332,30.333333333333332,1.35,2,4,2,8,2452.7,Loyal but slipping - reactivate
C00471,2026-03-28,2024-04-28,11,61288.52,3,702,70.2,70.2,0.04,5,1,2,8,5571.68,New - convert to second purchase
C01014,2026-02-01,2024-04-28,25,61283.59,58,702,29.25,29.25,1.98,1,4,2,7,2451.34,Loyal but slipping - reactivate
C00816,2025-11-25,2024-06-01,12,61251.76,126,668,60.72727272727273,60.72727272727273,2.07,1,1,2,4,5104.31,Dormant low value - do not spend
C02392,2026-03-17,2024-07-11,20,61239.32,14,628,33.05263157894737,33.05263157894737,0.42,4,3,2,9,3061.97,Steady middle - hold
C01090,2026-03-18,2024-04-16,29,61233.49,13,714,25.5,25.5,0.51,4,5,2,11,2111.5,Steady middle - hold
C00287,2026-02-20,2024-04-16,17,61215.01,39,714,44.625,44.625,0.87,2,1,2,5,3600.88,Dormant low value - do not spend
C00906,2026-03-11,2024-04-05,19,61211.83,20,725,40.27777777777778,40.27777777777778,0.5,3,2,2,7,3221.68,Steady middle - hold
C01398,2026-03-16,2024-04-13,24,61166.47,15,717,31.17391304347826,31.17391304347826,0.48,4,4,2,10,2548.6,Steady middle - hold
C01004,2026-03-23,2024-04-05,23,61159.15,8,725,32.95454545454545,32.95454545454545,0.24,4,4,2,10,2659.09,Steady middle - hold
C00349,2026-03-07,2024-05-10,23,61145.909999999996,24,690,31.363636363636363,31.363636363636363,0.77,3,4,2,9,2658.52,Steady middle - hold
C01205,2026-02-12,2024-05-06,21,61145.17,47,694,34.7,34.7,1.35,2,3,2,7,2911.67,Dormant low value - do not spend
C00644,2026-01-16,2024-04-15,20,61119.58,74,715,37.63157894736842,37.63157894736842,1.97,1,2,2,5,3055.98,Dormant low value - do not spend
C00216,2026-03-21,2024-04-06,21,61118.24,10,724,36.2,36.2,0.28,4,3,2,9,2910.39,Steady middle - hold
C01540,2026-01-19,2024-09-21,17,61092.83,71,556,34.75,34.75,2.04,1,1,2,4,3593.7,Dormant low value - do not spend
C00247,2026-03-21,2024-08-06,22,61067.18,10,602,28.666666666666668,28.666666666666668,0.35,4,3,2,9,2775.78,Steady middle - hold
C02415,2026-03-17,2024-04-10,25,61047.71,14,720,30.0,30.0,0.47,4,5,2,11,2441.91,Steady middle - hold
C00553,2026-03-08,2024-06-08,20,61047.18,23,661,34.78947368421053,34.78947368421053,0.66,3,2,2,7,3052.36,Steady middle - hold
C00942,2026-01-01,2024-04-10,18,61041.19,89,720,42.35294117647059,42.35294117647059,2.1,1,2,2,5,3391.18,Dormant low value - do not spend
C00384,2026-03-15,2024-06-25,18,61014.6,16,644,37.88235294117647,37.88235294117647,0.42,4,2,2,8,3389.7,New - convert to second purchase
C01492,2026-02-26,2024-04-04,22,61003.76,33,726,34.57142857142857,34.57142857142857,0.95,2,3,2,7,2772.9,Dormant low value - do not spend
C01617,2026-03-05,2024-04-10,20,61000.33,26,720,37.89473684210526,37.89473684210526,0.69,3,2,2,7,3050.02,Steady middle - hold
C01453,2025-12-31,2024-06-05,24,60975.1,90,664,28.869565217391305,28.869565217391305,3.12,1,4,2,7,2540.63,Loyal but slipping - reactivate
C02244,2026-03-21,2024-05-28,21,60971.98,10,672,33.6,33.6,0.3,4,3,2,9,2903.43,Steady middle - hold
C00763,2026-01-24,2024-06-23,20,60913.13,66,646,34.0,34.0,1.94,1,2,2,5,3045.66,Dormant low value - do not spend
C01750,2025-11-09,2024-04-28,19,60904.99,142,702,39.0,39.0,3.64,1,2,2,5,3205.53,Dormant low value - do not spend
C02267,2026-03-14,2024-06-15,17,60878.96,17,654,40.875,40.875,0.42,4,1,2,7,3581.12,New - convert to second purchase
C01197,2026-03-22,2024-04-18,23,60855.31,9,712,32.36363636363637,32.36363636363637,0.28,4,4,2,10,2645.88,Steady middle - hold
C00641,2026-03-31,2024-04-14,22,60789.78,0,716,34.095238095238095,34.095238095238095,0.0,5,3,2,10,2763.17,Steady middle - hold
C02433,2026-03-31,2024-04-07,18,60769.55,0,723,42.529411764705884,42.529411764705884,0.0,5,2,2,9,3376.09,New - convert to second purchase
C01395,2026-03-27,2024-06-17,21,60726.86,4,652,32.6,32.6,0.12,5,3,2,10,2891.76,Steady middle - hold
C00390,2026-01-18,2024-05-19,19,60707.53,72,681,37.833333333333336,37.833333333333336,1.9,1,2,2,5,3195.13,Dormant low value - do not spend
C00389,2026-03-21,2024-04-08,19,60702.06,10,722,40.111111111111114,40.111111111111114,0.25,4,2,2,8,3194.85,New - convert to second purchase
C00011,2026-03-22,2024-05-08,26,60684.81,9,692,27.68,27.68,0.33,4,5,2,11,2334.03,Steady middle - hold
C02140,2026-01-22,2024-04-13,17,60644.14,68,717,44.8125,44.8125,1.52,1,1,2,4,3567.3,Dormant low value - do not spend
C01717,2026-03-19,2024-04-09,20,60619.78,12,721,37.94736842105263,37.94736842105263,0.32,4,3,2,9,3030.99,Steady middle - hold
C02300,2026-02-11,2024-04-11,25,60569.52,48,719,29.958333333333332,29.958333333333332,1.6,2,5,2,9,2422.78,Loyal but slipping - reactivate
C00791,2026-03-21,2024-09-23,19,60565.82,10,554,30.77777777777778,30.77777777777778,0.32,4,2,2,8,3187.67,New - convert to second purchase
C01062,2026-01-02,2024-05-26,21,60524.52,88,674,33.7,33.7,2.61,1,3,2,6,2882.12,Dormant low value - do not spend
C02467,2026-03-28,2024-04-14,20,60499.61,3,716,37.68421052631579,37.68421052631579,0.08,5,3,2,10,3024.98,Steady middle - hold
C01046,2026-02-25,2024-04-25,24,60491.78,34,705,30.652173913043477,30.652173913043477,1.11,2,4,2,8,2520.49,Loyal but slipping - reactivate
C01485,2026-03-09,2024-04-13,15,60464.39,22,717,51.214285714285715,51.214285714285715,0.43,3,1,2,6,4030.96,Steady middle - hold
C01227,2026-03-28,2024-04-17,19,60464.100000000006,3,713,39.611111111111114,39.611111111111114,0.08,5,2,2,9,3182.32,New - convert to second purchase
C01363,2026-03-30,2024-04-19,18,60448.96,1,711,41.8235294117647,41.8235294117647,0.02,5,2,2,9,3358.28,New - convert to second purchase
C00248,2026-03-22,2024-04-28,23,60421.85,9,702,31.90909090909091,31.90909090909091,0.28,4,4,2,10,2627.04,Steady middle - hold
C01344,2025-12-17,2024-04-04,22,60356.7,104,726,34.57142857142857,34.57142857142857,3.01,1,3,2,6,2743.49,Dormant low value - do not spend
C00598,2025-10-26,2024-05-10,16,60348.82,156,690,46.0,46.0,3.39,1,1,2,4,3771.8,Dormant low value - do not spend
C00909,2026-03-17,2024-04-06,30,60325.51,14,724,24.96551724137931,24.96551724137931,0.56,4,5,2,11,2010.85,Steady middle - hold
C02151,2026-03-13,2024-04-03,21,60321.79,18,727,36.35,36.35,0.5,3,3,2,8,2872.47,Steady middle - hold
C01192,2026-02-14,2024-04-08,19,60318.950000000004,45,722,40.111111111111114,40.111111111111114,1.12,2,2,2,6,3174.68,Dormant low value - do not spend
C01887,2026-03-13,2024-05-31,22,60300.82,18,669,31.857142857142858,31.857142857142858,0.57,3,3,2,8,2740.95,Steady middle - hold
C02108,2026-02-19,2024-04-26,24,60299.299999999996,40,704,30.608695652173914,30.608695652173914,1.31,2,4,2,8,2512.47,Loyal but slipping - reactivate
C00523,2026-03-26,2024-04-14,24,60262.76,5,716,31.130434782608695,31.130434782608695,0.16,5,4,2,11,2510.95,Steady middle - hold
C01190,2026-03-15,2024-05-16,20,60244.409999999996,16,684,36.0,36.0,0.44,4,2,2,8,3012.22,New - convert to second purchase
C02454,2025-11-30,2024-05-01,13,60240.229999999996,121,699,58.25,58.25,2.08,1,1,2,4,4633.86,Dormant low value - do not spend
C00393,2026-02-06,2024-04-17,24,60210.67,53,713,31.0,31.0,1.71,2,4,2,8,2508.78,Loyal but slipping - reactivate
C01490,2026-03-26,2024-04-09,24,60141.11,5,721,31.347826086956523,31.347826086956523,0.16,5,4,2,11,2505.88,Steady middle - hold
C01471,2026-03-22,2024-04-29,21,60056.4,9,701,35.05,35.05,0.26,4,3,2,9,2859.83,Steady middle - hold
C01477,2026-01-13,2024-06-07,17,60052.85,77,662,41.375,41.375,1.86,1,1,2,4,3532.52,Dormant low value - do not spend
C00878,2025-12-04,2024-04-13,19,59965.11,117,717,39.833333333333336,39.833333333333336,2.94,1,2,2,5,3156.06,Dormant low value - do not spend
C02569,2026-02-15,2024-06-08,17,59927.99,44,661,41.3125,41.3125,1.07,2,1,2,5,3525.18,Dormant low value - do not spend
C01891,2026-03-20,2024-04-15,28,59894.61,11,715,26.48148148148148,26.48148148148148,0.42,4,5,2,11,2139.09,Steady middle - hold
C01730,2025-12-07,2024-04-07,21,59850.43,114,723,36.15,36.15,3.15,1,3,2,6,2850.02,Dormant low value - do not spend
C01096,2026-03-04,2024-04-19,24,59844.990000000005,27,711,30.91304347826087,30.91304347826087,0.87,3,4,2,9,2493.54,Steady middle - hold
C02169,2026-03-30,2024-04-03,21,59767.45,1,727,36.35,36.35,0.03,5,3,2,10,2846.07,Steady middle - hold
C00804,2026-01-31,2024-04-18,24,59760.75,59,712,30.956521739130434,30.956521739130434,1.91,1,4,2,7,2490.03,Loyal but slipping - reactivate
C00568,2026-03-10,2024-05-10,23,59701.25,21,690,31.363636363636363,31.363636363636363,0.67,3,4,2,9,2595.71,Steady middle - hold
C01428,2026-02-22,2024-05-02,22,59672.17,37,698,33.23809523809524,33.23809523809524,1.11,2,3,2,7,2712.37,Dormant low value - do not spend
C00517,2026-03-18,2024-04-30,21,59632.71,13,700,35.0,35.0,0.37,4,3,2,9,2839.65,Steady middle - hold
C00359,2026-03-04,2024-04-27,22,59628.07,27,703,33.476190476190474,33.476190476190474,0.81,3,3,2,8,2710.37,Steady middle - hold
C00814,2026-02-22,2024-04-09,25,59624.9,37,721,30.041666666666668,30.041666666666668,1.23,2,4,2,8,2385.0,Loyal but slipping - reactivate
C01059,2026-03-17,2024-07-15,17,59613.99,14,624,39.0,39.0,0.36,4,1,2,7,3506.71,New - convert to second purchase
C01881,2026-02-16,2024-04-26,19,59595.36,43,704,39.111111111111114,39.111111111111114,1.1,2,2,2,6,3136.6,Dormant low value - do not spend
C02503,2026-02-21,2024-10-04,26,59573.3,38,543,21.72,21.72,1.75,2,5,2,9,2291.28,Loyal but slipping - reactivate
C00455,2026-01-07,2024-05-05,21,59550.96,83,695,34.75,34.75,2.39,1,3,2,6,2835.76,Dormant low value - do not spend
C02054,2026-03-29,2024-04-15,18,59541.58,2,715,42.05882352941177,42.05882352941177,0.05,5,2,2,9,3307.87,New - convert to second purchase
C01782,2026-03-05,2024-06-17,14,59526.77,26,652,50.15384615384615,50.15384615384615,0.52,3,1,2,6,4251.91,Steady middle - hold
C00294,2026-02-28,2024-04-28,22,59508.63,31,702,33.42857142857143,33.42857142857143,0.93,2,3,2,7,2704.94,Dormant low value - do not spend
C01984,2025-12-13,2024-04-24,21,59438.66,108,706,35.3,35.3,3.06,1,3,2,6,2830.41,Dormant low value - do not spend
C02294,2026-02-28,2024-04-02,12,59434.3,31,728,66.18181818181819,66.18181818181819,0.47,3,1,2,6,4952.86,Steady middle - hold
C01761,2026-01-04,2024-04-27,18,59410.63,86,703,41.35294117647059,41.35294117647059,2.08,1,2,2,5,3300.59,Dormant low value - do not spend
C01472,2026-03-15,2024-04-04,21,59406.54,16,726,36.3,36.3,0.44,4,3,2,9,2828.88,Steady middle - hold
C02099,2026-02-22,2024-06-09,26,59382.63,37,660,26.4,26.4,1.4,2,5,2,9,2283.95,Loyal but slipping - reactivate
C02475,2026-03-15,2024-04-20,18,59378.44,16,710,41.76470588235294,41.76470588235294,0.38,4,2,2,8,3298.8,New - convert to second purchase
C02335,2025-11-17,2024-04-13,31,59371.19,134,717,23.9,23.9,5.61,1,5,2,8,1915.2,Loyal but slipping - reactivate
C01830,2026-03-22,2024-04-19,19,59299.59,9,711,39.5,39.5,0.23,4,2,2,8,3121.03,New - convert to second purchase
C01066,2026-03-02,2024-06-22,18,59290.25,29,647,38.05882352941177,38.05882352941177,0.76,3,2,2,7,3293.9,Steady middle - hold
C00552,2025-10-26,2024-04-02,17,59259.99,156,728,45.5,45.5,3.43,1,1,2,4,3485.88,Dormant low value - do not spend
C01171,2026-03-29,2024-05-19,26,59251.95,2,681,27.24,27.24,0.07,5,5,2,12,2278.92,Steady middle - hold
C01902,2026-01-16,2024-04-22,16,59239.71,74,708,47.2,47.2,1.57,1,1,2,4,3702.48,Dormant low value - do not spend
C02163,2026-03-04,2024-04-05,25,59229.590000000004,27,725,30.208333333333332,30.208333333333332,0.89,3,5,2,10,2369.18,Steady middle - hold
C02225,2026-02-01,2024-04-10,22,59199.079999999994,58,720,34.285714285714285,34.285714285714285,1.69,1,4,2,7,2690.87,Loyal but slipping - reactivate
C00566,2026-03-15,2024-05-02,18,59172.95,16,698,41.05882352941177,41.05882352941177,0.39,4,2,2,8,3287.39,New - convert to second purchase
C01503,2026-02-03,2024-04-16,30,59111.22,56,714,24.620689655172413,24.620689655172413,2.27,2,5,2,9,1970.37,Loyal but slipping - reactivate
C00174,2026-03-19,2024-04-16,19,59081.46,12,714,39.666666666666664,39.666666666666664,0.3,4,2,2,8,3109.55,New - convert to second purchase
C01213,2026-03-24,2024-04-04,19,59074.82,7,726,40.333333333333336,40.333333333333336,0.17,5,2,2,9,3109.2,New - convert to second purchase
C00066,2026-01-22,2024-05-04,16,58972.44,68,696,46.4,46.4,1.47,1,1,2,4,3685.78,Dormant low value - do not spend
C02127,2026-01-17,2024-08-24,17,58939.13,73,584,36.5,36.5,2.0,1,1,2,4,3467.01,Dormant low value - do not spend
C02014,2026-03-19,2024-05-29,27,58872.72,12,671,25.807692307692307,25.807692307692307,0.46,4,5,2,11,2180.47,Steady middle - hold
C01212,2026-02-07,2024-05-03,25,58853.990000000005,52,697,29.041666666666668,29.041666666666668,1.79,2,4,2,8,2354.16,Loyal but slipping - reactivate
C01591,2026-03-06,2024-05-02,24,58804.71,25,698,30.347826086956523,30.347826086956523,0.82,3,4,2,9,2450.2,Steady middle - hold
C01442,2026-02-08,2024-04-19,18,58781.630000000005,51,711,41.8235294117647,41.8235294117647,1.22,2,2,2,6,3265.65,Dormant low value - do not spend
C02019,2026-03-20,2024-04-07,25,58760.38,11,723,30.125,30.125,0.37,4,5,2,11,2350.42,Steady middle - hold
C00717,2026-03-27,2024-04-21,24,58751.2,4,709,30.82608695652174,30.82608695652174,0.13,5,4,2,11,2447.97,Steady middle - hold
C01489,2026-03-08,2024-04-04,23,58716.83,23,726,33.0,33.0,0.7,3,4,2,9,2552.91,Steady middle - hold
C00889,2026-02-18,2024-04-23,21,58715.11,41,707,35.35,35.35,1.16,2,3,2,7,2795.96,Dormant low value - do not spend
C02270,2026-02-06,2024-07-16,19,58658.119999999995,53,623,34.611111111111114,34.611111111111114,1.53,2,2,2,6,3087.27,Dormant low value - do not spend
C01905,2026-03-27,2024-07-03,18,58654.99,4,636,37.411764705882355,37.411764705882355,0.11,5,2,2,9,3258.61,New - convert to second purchase
C00651,2025-12-17,2024-04-14,19,58652.42,104,716,39.77777777777778,39.77777777777778,2.61,1,2,2,5,3086.97,Dormant low value - do not spend
C02456,2026-03-27,2024-04-27,17,58564.5,4,703,43.9375,43.9375,0.09,5,1,2,8,3444.97,New - convert to second purchase
C02398,2026-03-29,2024-04-17,25,58549.01,2,713,29.708333333333332,29.708333333333332,0.07,5,5,2,12,2341.96,Steady middle - hold
C02520,2026-03-28,2024-04-17,22,58524.05,3,713,33.95238095238095,33.95238095238095,0.09,5,4,2,11,2660.18,Steady middle - hold
C01700,2026-03-27,2024-04-07,19,58519.64,4,723,40.166666666666664,40.166666666666664,0.1,5,2,2,9,3079.98,New - convert to second purchase
C00374,2026-03-15,2024-04-16,22,58519.05,16,714,34.0,34.0,0.47,4,3,2,9,2659.96,Steady middle - hold
C01645,2026-03-29,2024-04-13,18,58507.57,2,717,42.1764705882353,42.1764705882353,0.05,5,2,2,9,3250.42,New - convert to second purchase
C00661,2026-01-22,2024-04-26,17,58482.45,68,704,44.0,44.0,1.55,1,1,2,4,3440.14,Dormant low value - do not spend
C00617,2026-03-24,2024-06-04,21,58476.28,7,665,33.25,33.25,0.21,4,3,2,9,2784.58,Steady middle - hold
C00990,2026-02-18,2024-05-23,20,58469.04,41,677,35.63157894736842,35.63157894736842,1.15,2,2,2,6,2923.45,Dormant low value - do not spend
C00902,2026-03-23,2024-06-20,18,58439.49,8,649,38.1764705882353,38.1764705882353,0.21,4,2,2,8,3246.64,New - convert to second purchase
C02289,2026-03-21,2024-04-13,17,58438.780000000006,10,717,44.8125,44.8125,0.22,4,1,2,7,3437.58,New - convert to second purchase
C01724,2026-03-12,2024-04-04,18,58374.49,19,726,42.705882352941174,42.705882352941174,0.44,3,2,2,7,3243.03,Steady middle - hold
C00483,2026-03-08,2024-04-10,23,58293.5,23,720,32.72727272727273,32.72727272727273,0.7,3,4,2,9,2534.5,Steady middle - hold
C01856,2025-12-04,2024-04-01,20,58279.62,117,729,38.36842105263158,38.36842105263158,3.05,1,3,2,6,2913.98,Dormant low value - do not spend
C00860,2026-03-08,2024-05-01,19,58270.03,23,699,38.833333333333336,38.833333333333336,0.59,3,2,2,7,3066.84,Steady middle - hold
C00201,2025-11-30,2024-05-18,16,58259.44,121,682,45.46666666666667,45.46666666666667,2.66,1,1,2,4,3641.22,Dormant low value - do not spend
C02337,2026-03-29,2024-05-01,21,58246.46,2,699,34.95,34.95,0.06,5,3,2,10,2773.64,Steady middle - hold
C02295,2026-03-27,2024-04-10,24,58211.79,4,720,31.304347826086957,31.304347826086957,0.13,5,4,2,11,2425.49,Steady middle - hold
C00132,2026-03-22,2024-04-08,23,58190.35,9,722,32.81818181818182,32.81818181818182,0.27,4,4,2,10,2530.02,Steady middle - hold
C01343,2026-03-23,2024-06-02,17,58188.719999999994,8,667,41.6875,41.6875,0.19,4,1,2,7,3422.87,New - convert to second purchase
C01443,2026-01-16,2024-04-29,19,58125.18,74,701,38.94444444444444,38.94444444444444,1.9,1,2,2,5,3059.22,Dormant low value - do not spend
C01736,2026-03-17,2024-06-09,22,58059.17,14,660,31.428571428571427,31.428571428571427,0.45,4,3,2,9,2639.05,Steady middle - hold
C02067,2025-12-27,2024-04-19,23,58054.63,94,711,32.31818181818182,32.31818181818182,2.91,1,4,2,7,2524.11,Loyal but slipping - reactivate
C01375,2026-03-15,2024-04-11,16,58012.44,16,719,47.93333333333333,47.93333333333333,0.33,4,1,2,7,3625.78,New - convert to second purchase
C00507,2026-02-17,2024-04-09,24,57966.71,42,721,31.347826086956523,31.347826086956523,1.34,2,4,2,8,2415.28,Loyal but slipping - reactivate
C01330,2026-03-31,2024-07-30,18,57937.68,0,609,35.8235294117647,35.8235294117647,0.0,5,2,2,9,3218.76,New - convert to second purchase
C02568,2026-03-13,2024-04-05,23,57928.97,18,725,32.95454545454545,32.95454545454545,0.55,3,4,2,9,2518.65,Steady middle - hold
C01743,2026-03-11,2024-04-10,19,57888.62,20,720,40.0,40.0,0.5,3,2,2,7,3046.77,Steady middle - hold
C01532,2026-03-21,2024-05-17,20,57866.54,10,683,35.94736842105263,35.94736842105263,0.28,4,2,2,8,2893.33,New - convert to second purchase
C00500,2026-03-08,2024-04-05,15,57857.17,23,725,51.785714285714285,51.785714285714285,0.44,3,1,2,6,3857.14,Steady middle - hold
C01648,2026-03-16,2024-05-02,12,57849.030000000006,15,698,63.45454545454545,63.45454545454545,0.24,4,1,2,7,4820.75,New - convert to second purchase
C02285,2026-03-21,2024-05-19,21,57843.94,10,681,34.05,34.05,0.29,4,3,2,9,2754.47,Steady middle - hold
C00080,2026-03-08,2024-04-07,21,57840.54,23,723,36.15,36.15,0.64,3,3,2,8,2754.31,Steady middle - hold
C01991,2026-02-04,2024-04-24,17,57793.84,55,706,44.125,44.125,1.25,2,1,2,5,3399.64,Dormant low value - do not spend
C01476,2026-02-15,2024-04-22,21,57788.92,44,708,35.4,35.4,1.24,2,3,2,7,2751.85,Dormant low value - do not spend
C00199,2026-01-31,2024-09-15,24,57727.38,59,562,24.434782608695652,24.434782608695652,2.41,1,4,2,7,2405.31,Loyal but slipping - reactivate
C00642,2026-01-07,2024-05-26,20,57696.11,83,674,35.473684210526315,35.473684210526315,2.34,1,2,2,5,2884.81,Dormant low value - do not spend
C01870,2026-02-01,2024-09-07,23,57687.31,58,570,25.90909090909091,25.90909090909091,2.24,1,4,2,7,2508.14,Loyal but slipping - reactivate
C02586,2026-03-19,2024-06-11,26,57624.38,12,658,26.32,26.32,0.46,4,5,2,11,2216.32,Steady middle - hold
C00815,2026-03-22,2024-05-30,19,57623.25,9,670,37.22222222222222,37.22222222222222,0.24,4,2,2,8,3032.8,New - convert to second purchase
C00775,2026-03-06,2024-04-03,23,57600.0,25,727,33.04545454545455,33.04545454545455,0.76,3,4,2,9,2504.35,Steady middle - hold
C01322,2026-03-13,2024-09-07,17,57566.97,18,570,35.625,35.625,0.51,3,1,2,6,3386.29,Steady middle - hold
C02401,2026-01-23,2024-04-18,23,57536.72,67,712,32.36363636363637,32.36363636363637,2.07,1,4,2,7,2501.6,Loyal but slipping - reactivate
C01913,2026-03-29,2024-04-03,20,57485.119999999995,2,727,38.26315789473684,38.26315789473684,0.05,5,3,2,10,2874.26,Steady middle - hold
C01818,2026-03-26,2024-04-25,24,57476.49,5,705,30.652173913043477,30.652173913043477,0.16,5,4,2,11,2394.85,Steady middle - hold
C00587,2025-12-17,2024-05-09,19,57428.7,104,691,38.388888888888886,38.388888888888886,2.71,1,2,2,5,3022.56,Dormant low value - do not spend
C01043,2026-03-22,2024-04-14,25,57424.5,9,716,29.833333333333332,29.833333333333332,0.3,4,4,2,10,2296.98,Steady middle - hold
C02517,2026-03-15,2024-04-16,22,57416.43,16,714,34.0,34.0,0.47,4,4,2,10,2609.84,Steady middle - hold
C01061,2026-03-21,2024-04-20,27,57352.56,10,710,27.307692307692307,27.307692307692307,0.37,4,5,2,11,2124.17,Steady middle - hold
C01760,2026-01-25,2024-04-12,17,57336.57,65,718,44.875,44.875,1.45,1,1,2,4,3372.74,Dormant low value - do not spend
C02362,2026-03-13,2024-05-20,21,57315.24,18,680,34.0,34.0,0.53,3,3,2,8,2729.3,Steady middle - hold
C01038,2026-03-22,2024-06-07,22,57301.53,9,662,31.523809523809526,31.523809523809526,0.29,4,3,2,9,2604.61,Steady middle - hold
C01000,2026-03-13,2024-04-28,22,57258.92,18,702,33.42857142857143,33.42857142857143,0.54,3,3,2,8,2602.68,Steady middle - hold
C00520,2026-01-26,2024-04-16,22,57227.130000000005,64,714,34.0,34.0,1.88,1,3,2,6,2601.23,Dormant low value - do not spend
C01138,2026-03-21,2024-04-27,25,57225.340000000004,10,703,29.291666666666668,29.291666666666668,0.34,4,4,2,10,2289.01,Steady middle - hold
C01281,2026-02-22,2024-04-14,22,57188.05,37,716,34.095238095238095,34.095238095238095,1.09,2,3,2,7,2599.46,Dormant low value - do not spend
C01531,2026-02-26,2024-10-12,22,57170.35,33,535,25.476190476190474,25.476190476190474,1.3,2,3,2,7,2598.65,Dormant low value - do not spend
C01175,2026-03-27,2024-05-16,29,57130.93,4,684,24.428571428571427,24.428571428571427,0.16,5,5,2,12,1970.03,Steady middle - hold
C02340,2026-03-26,2024-04-08,24,57117.68,5,722,31.391304347826086,31.391304347826086,0.16,5,4,2,11,2379.9,Steady middle - hold
C01209,2026-03-22,2024-04-14,25,57077.34,9,716,29.833333333333332,29.833333333333332,0.3,4,4,2,10,2283.09,Steady middle - hold
C00706,2026-01-29,2024-06-23,15,56942.170000000006,61,646,46.142857142857146,46.142857142857146,1.32,1,1,2,4,3796.14,Dormant low value - do not spend
C00165,2026-03-29,2024-05-26,23,56899.64,2,674,30.636363636363637,30.636363636363637,0.07,5,4,2,11,2473.9,Steady middle - hold
C00298,2026-03-28,2024-04-20,24,56892.78,3,710,30.869565217391305,30.869565217391305,0.1,5,4,2,11,2370.53,Steady middle - hold
C01689,2026-03-19,2024-05-16,18,56848.84,12,684,40.23529411764706,40.23529411764706,0.3,4,2,2,8,3158.27,New - convert to second purchase
C01113,2026-01-20,2024-04-21,18,56836.53,70,709,41.705882352941174,41.705882352941174,1.68,1,2,2,5,3157.58,Dormant low value - do not spend
C00601,2026-03-15,2024-07-05,22,56833.73,16,634,30.19047619047619,30.19047619047619,0.53,4,3,2,9,2583.35,Steady middle - hold
C02399,2026-02-27,2024-04-19,16,56824.479999999996,32,711,47.4,47.4,0.68,2,1,2,5,3551.53,Dormant low value - do not spend
C00600,2026-01-04,2024-04-20,16,56812.270000000004,86,710,47.333333333333336,47.333333333333336,1.82,1,1,2,4,3550.77,Dormant low value - do not spend
C01177,2026-02-24,2024-05-27,27,56738.08,35,673,25.884615384615383,25.884615384615383,1.35,2,5,2,9,2101.41,Loyal but slipping - reactivate
C02101,2026-03-26,2024-05-07,20,56697.58,5,693,36.473684210526315,36.473684210526315,0.14,5,3,2,10,2834.88,Steady middle - hold
C01022,2026-03-30,2024-05-21,23,56654.07,1,679,30.863636363636363,30.863636363636363,0.03,5,4,2,11,2463.22,Steady middle - hold
C01204,2026-02-02,2024-05-30,22,56640.98,57,670,31.904761904761905,31.904761904761905,1.79,2,3,2,7,2574.59,Dormant low value - do not spend
C00768,2026-02-05,2024-04-12,17,56620.979999999996,54,718,44.875,44.875,1.2,2,1,2,5,3330.65,Dormant low value - do not spend
C01371,2026-02-14,2024-04-06,26,56616.93,45,724,28.96,28.96,1.55,2,5,2,9,2177.57,Loyal but slipping - reactivate
C02156,2026-02-18,2024-04-12,26,56588.880000000005,41,718,28.72,28.72,1.43,2,5,2,9,2176.5,Loyal but slipping - reactivate
C02256,2026-03-12,2024-04-04,27,56575.659999999996,19,726,27.923076923076923,27.923076923076923,0.68,3,5,2,10,2095.39,Steady middle - hold
C00048,2026-03-13,2024-05-07,18,56363.270000000004,18,693,40.76470588235294,40.76470588235294,0.44,3,1,2,6,3131.29,Steady middle - hold
C00551,2026-03-29,2024-04-05,19,56362.76,2,725,40.27777777777778,40.27777777777778,0.05,5,2,2,9,2966.46,New - convert to second purchase
C00267,2026-03-06,2024-04-11,25,56315.87,25,719,29.958333333333332,29.958333333333332,0.83,3,4,2,9,2252.63,Steady middle - hold
C00418,2026-02-01,2024-05-01,16,56288.49,58,699,46.6,46.6,1.24,1,1,2,4,3518.03,Dormant low value - do not spend
C01346,2026-03-23,2024-04-14,26,56275.05,8,716,28.64,28.64,0.28,4,5,2,11,2164.43,Steady middle - hold
C01294,2026-03-31,2024-06-12,20,56224.25,0,657,34.578947368421055,34.578947368421055,0.0,5,2,2,9,2811.21,New - convert to second purchase
C00799,2026-03-04,2024-05-04,17,56190.049999999996,27,696,43.5,43.5,0.62,3,1,2,6,3305.3,Steady middle - hold
C02388,2026-03-18,2024-06-03,24,56183.84,13,666,28.956521739130434,28.956521739130434,0.45,4,4,2,10,2340.99,Steady middle - hold
C01130,2026-03-13,2024-04-16,14,56147.65,18,714,54.92307692307692,54.92307692307692,0.33,3,1,2,6,4010.55,Steady middle - hold
C02599,2026-03-15,2024-04-13,24,56134.6,16,717,31.17391304347826,31.17391304347826,0.51,4,4,2,10,2338.94,Steady middle - hold
C00444,2026-03-21,2024-06-14,20,56109.47,10,655,34.473684210526315,34.473684210526315,0.29,4,2,2,8,2805.47,New - convert to second purchase
C00636,2026-03-25,2024-05-03,24,56083.9,6,697,30.304347826086957,30.304347826086957,0.2,5,4,2,11,2336.83,Steady middle - hold
C00886,2026-02-22,2024-04-11,29,56082.44,37,719,25.678571428571427,25.678571428571427,1.44,2,5,2,9,1933.88,Loyal but slipping - reactivate
C00809,2026-03-23,2024-04-20,16,56078.19,8,710,47.333333333333336,47.333333333333336,0.17,4,1,2,7,3504.89,New - convert to second purchase
C02045,2026-03-07,2024-06-04,21,56071.68,24,665,33.25,33.25,0.72,3,3,2,8,2670.08,Steady middle - hold
C01774,2026-02-10,2024-05-25,22,56065.91,49,675,32.142857142857146,32.142857142857146,1.52,2,3,2,7,2548.45,Dormant low value - do not spend
C02129,2026-03-26,2024-04-06,14,56059.630000000005,5,724,55.69230769230769,55.69230769230769,0.09,5,1,2,8,4004.26,New - convert to second purchase
C02237,2026-03-30,2024-06-08,19,56047.36,1,661,36.72222222222222,36.72222222222222,0.03,5,2,2,9,2949.86,New - convert to second purchase
C01439,2026-03-19,2024-04-29,16,55989.700000000004,12,701,46.733333333333334,46.733333333333334,0.26,4,1,2,7,3499.36,New - convert to second purchase
C01976,2026-03-23,2024-04-29,16,55986.95,8,701,46.733333333333334,46.733333333333334,0.17,4,1,2,7,3499.18,New - convert to second purchase
C01183,2026-03-31,2024-04-06,16,55980.31,0,724,48.266666666666666,48.266666666666666,0.0,5,1,2,8,3498.77,New - convert to second purchase
C00828,2026-01-11,2024-04-10,17,55960.12,79,720,45.0,45.0,1.76,1,1,2,4,3291.77,Dormant low value - do not spend
C01941,2026-03-11,2024-04-13,26,55951.74,20,717,28.68,28.68,0.7,3,5,2,10,2151.99,Steady middle - hold
C01904,2025-12-26,2024-05-21,19,55900.51,95,679,37.72222222222222,37.72222222222222,2.52,1,2,2,5,2942.13,Dormant low value - do not spend
C00303,2026-03-16,2024-05-13,20,55890.85,15,687,36.1578947368421,36.1578947368421,0.41,4,2,2,8,2794.54,New - convert to second purchase
C02134,2026-03-29,2024-04-28,12,55884.96000000001,2,702,63.81818181818182,63.81818181818182,0.03,5,1,2,8,4657.08,New - convert to second purchase
C01966,2026-02-21,2024-10-03,15,55884.45,38,544,38.857142857142854,38.857142857142854,0.98,2,1,2,5,3725.63,Dormant low value - do not spend
C01538,2026-03-07,2024-05-24,24,55883.96,24,676,29.391304347826086,29.391304347826086,0.82,3,4,2,9,2328.5,Steady middle - hold
C00713,2026-03-29,2024-04-15,20,55875.89,2,715,37.63157894736842,37.63157894736842,0.05,5,2,2,9,2793.79,New - convert to second purchase
C01838,2026-03-15,2024-04-16,23,55873.57,16,714,32.45454545454545,32.45454545454545,0.49,4,4,2,10,2429.29,Steady middle - hold
C02221,2026-03-24,2024-04-27,25,55863.04,7,703,29.291666666666668,29.291666666666668,0.24,5,5,2,12,2234.52,Steady middle - hold
C00752,2026-02-22,2024-04-09,23,55791.56,37,721,32.77272727272727,32.77272727272727,1.13,2,4,2,8,2425.72,Loyal but slipping - reactivate
C00240,2026-02-08,2024-04-07,18,55764.01,51,723,42.529411764705884,42.529411764705884,1.2,2,1,2,5,3098.0,Dormant low value - do not spend
C01182,2026-02-16,2024-04-17,18,55699.99,43,713,41.94117647058823,41.94117647058823,1.03,2,2,2,6,3094.44,Dormant low value - do not spend
C00563,2026-03-23,2024-04-20,23,55662.82,8,710,32.27272727272727,32.27272727272727,0.25,4,4,2,10,2420.12,Steady middle - hold
C00186,2026-03-19,2024-04-14,17,55652.65,12,716,44.75,44.75,0.27,4,1,2,7,3273.69,New - convert to second purchase
C01447,2026-03-29,2024-05-10,21,55648.86,2,690,34.5,34.5,0.06,5,3,2,10,2649.95,Steady middle - hold
C01083,2026-03-15,2024-06-27,18,55641.9,16,642,37.76470588235294,37.76470588235294,0.42,4,2,2,8,3091.22,New - convert to second purchase
C00192,2026-01-30,2024-09-24,18,55627.58,60,553,32.529411764705884,32.529411764705884,1.84,1,1,2,4,3090.42,Dormant low value - do not spend
C02098,2026-03-15,2024-04-07,19,55625.84,16,723,40.166666666666664,40.166666666666664,0.4,4,2,2,8,2927.68,New - convert to second purchase
C02015,2026-03-29,2024-04-13,25,55597.36,2,717,29.875,29.875,0.07,5,5,2,12,2223.89,Steady middle - hold
C00407,2025-11-19,2024-04-10,10,55591.64,132,720,80.0,80.0,1.65,1,1,2,4,5559.16,Dormant low value - do not spend
C01256,2026-03-22,2024-04-16,22,55501.08,9,714,34.0,34.0,0.26,4,3,2,9,2522.78,Steady middle - hold
C01086,2026-01-31,2024-06-23,16,55476.51,59,646,43.06666666666667,43.06666666666667,1.37,1,1,2,4,3467.28,Dormant low value - do not spend
C01296,2026-03-27,2024-08-11,16,55412.42,4,597,39.8,39.8,0.1,5,1,2,8,3463.28,New - convert to second purchase
C02275,2026-01-18,2024-04-23,18,55410.8,72,707,41.588235294117645,41.588235294117645,1.73,1,2,2,5,3078.38,Dormant low value - do not spend
C02346,2026-03-31,2024-07-25,19,55369.99,0,614,34.111111111111114,34.111111111111114,0.0,5,2,2,9,2914.21,New - convert to second purchase
C01389,2026-03-06,2024-04-16,16,55361.27,25,714,47.6,47.6,0.53,3,1,2,6,3460.08,Steady middle - hold
C02064,2026-01-22,2024-04-20,20,55349.71,68,710,37.36842105263158,37.36842105263158,1.82,1,3,2,6,2767.49,Dormant low value - do not spend
C00505,2026-01-30,2024-05-12,15,55335.86,60,688,49.142857142857146,49.142857142857146,1.22,1,1,2,4,3689.06,Dormant low value - do not spend
C01701,2026-03-11,2024-04-24,23,55290.48,20,706,32.09090909090909,32.09090909090909,0.62,3,4,2,9,2403.93,Steady middle - hold
C00238,2026-02-27,2024-04-05,20,55269.94,32,725,38.1578947368421,38.1578947368421,0.84,2,2,2,6,2763.5,Dormant low value - do not spend
C02559,2026-02-08,2024-05-08,16,55263.75,51,692,46.13333333333333,46.13333333333333,1.11,2,1,2,5,3453.98,Dormant low value - do not spend
C01311,2026-03-18,2024-04-21,24,55256.95,13,709,30.82608695652174,30.82608695652174,0.42,4,4,2,10,2302.37,Steady middle - hold
C02133,2026-03-27,2024-04-06,20,55252.06,4,724,38.10526315789474,38.10526315789474,0.1,5,3,2,10,2762.6,Steady middle - hold
C01714,2026-03-11,2024-05-25,20,55224.619999999995,20,675,35.526315789473685,35.526315789473685,0.56,3,3,2,8,2761.23,Steady middle - hold
C00448,2026-03-22,2024-07-10,25,55193.8,9,629,26.208333333333332,26.208333333333332,0.34,4,4,2,10,2207.75,Steady middle - hold
C01587,2026-03-22,2024-04-20,21,55091.65,9,710,35.5,35.5,0.25,4,3,2,9,2623.41,Steady middle - hold
C00210,2026-03-06,2024-05-19,17,55080.78,25,681,42.5625,42.5625,0.59,3,1,2,6,3240.05,Steady middle - hold
C02153,2026-01-02,2024-04-06,16,55079.0,88,724,48.266666666666666,48.266666666666666,1.82,1,1,2,4,3442.44,Dormant low value - do not spend
C01906,2026-01-30,2024-09-01,25,55078.85,60,576,24.0,24.0,2.5,1,5,2,8,2203.15,Loyal but slipping - reactivate
C01885,2026-03-03,2024-05-20,14,55075.950000000004,28,680,52.30769230769231,52.30769230769231,0.54,3,1,2,6,3934.0,Steady middle - hold
C00686,2026-03-25,2024-05-09,22,55036.45,6,691,32.904761904761905,32.904761904761905,0.18,5,3,2,10,2501.66,Steady middle - hold
C00467,2026-03-22,2024-04-14,22,55034.73,9,716,34.095238095238095,34.095238095238095,0.26,4,3,2,9,2501.58,Steady middle - hold
C00527,2026-03-15,2024-04-20,12,54956.9,16,710,64.54545454545455,64.54545454545455,0.25,4,1,2,7,4579.74,New - convert to second purchase
C00445,2026-03-03,2024-05-05,19,54878.950000000004,28,695,38.611111111111114,38.611111111111114,0.73,3,2,2,7,2888.37,Steady middle - hold
C00270,2026-03-10,2024-05-25,16,54869.479999999996,21,675,45.0,45.0,0.47,3,1,2,6,3429.34,Steady middle - hold
C00856,2026-03-06,2024-05-04,20,54754.4,25,696,36.63157894736842,36.63157894736842,0.68,3,2,2,7,2737.72,Steady middle - hold
C01937,2026-02-02,2024-04-27,21,54724.25,57,703,35.15,35.15,1.62,2,3,2,7,2605.92,Dormant low value - do not spend
C00961,2026-03-03,2024-04-11,20,54689.369999999995,28,719,37.8421052631579,37.8421052631579,0.74,3,2,2,7,2734.47,Steady middle - hold
C01111,2026-03-25,2024-05-04,24,54686.56,6,696,30.26086956521739,30.26086956521739,0.2,5,4,2,11,2278.61,Steady middle - hold
C01967,2026-03-27,2024-06-17,20,54659.15,4,652,34.31578947368421,34.31578947368421,0.12,5,3,2,10,2732.96,Steady middle - hold
C01215,2026-03-27,2024-04-26,15,54651.97,4,704,50.285714285714285,50.285714285714285,0.08,5,1,2,8,3643.46,New - convert to second purchase
C01508,2026-03-06,2024-08-21,18,54607.92,25,587,34.529411764705884,34.529411764705884,0.72,3,2,2,7,3033.77,Steady middle - hold
C00722,2025-12-28,2024-04-14,20,54605.72,93,716,37.68421052631579,37.68421052631579,2.47,1,2,2,5,2730.29,Dormant low value - do not spend
C02561,2026-03-25,2024-04-28,17,54588.48,6,702,43.875,43.875,0.14,5,1,2,8,3211.09,New - convert to second purchase
C02342,2026-02-16,2024-07-05,18,54587.31,43,634,37.294117647058826,37.294117647058826,1.15,2,2,2,6,3032.63,Dormant low value - do not spend
C00101,2026-02-24,2024-06-02,17,54585.51,35,667,41.6875,41.6875,0.84,2,1,2,5,3210.91,Dormant low value - do not spend
C01827,2026-03-31,2024-04-30,18,54581.01,0,700,41.1764705882353,41.1764705882353,0.0,5,2,2,9,3032.28,New - convert to second purchase
C01208,2026-01-26,2024-06-16,18,54504.03,64,653,38.411764705882355,38.411764705882355,1.67,1,2,2,5,3028.0,Dormant low value - do not spend
C02093,2026-02-02,2024-09-21,21,54463.67,57,556,27.8,27.8,2.05,2,3,2,7,2593.51,Dormant low value - do not spend
C00937,2026-02-22,2024-04-12,26,54454.83,37,718,28.72,28.72,1.29,2,5,2,9,2094.42,Loyal but slipping - reactivate
C00111,2026-03-30,2024-04-04,21,54448.909999999996,1,726,36.3,36.3,0.03,5,3,2,10,2592.81,Steady middle - hold
C02303,2026-03-25,2024-04-16,20,54442.95,6,714,37.578947368421055,37.578947368421055,0.16,5,3,2,10,2722.15,Steady middle - hold
C01079,2026-03-31,2024-04-14,23,54374.79,0,716,32.54545454545455,32.54545454545455,0.0,5,4,2,11,2364.12,Steady middle - hold
C01898,2026-03-23,2024-04-05,18,54370.47,8,725,42.64705882352941,42.64705882352941,0.19,4,2,2,8,3020.58,New - convert to second purchase
C01297,2026-02-22,2024-06-17,21,54343.15,37,652,32.6,32.6,1.13,2,3,2,7,2587.77,Dormant low value - do not spend
C00087,2026-03-31,2024-04-07,22,54329.54,0,723,34.42857142857143,34.42857142857143,0.0,5,3,2,10,2469.52,Steady middle - hold
C01058,2026-03-23,2024-04-10,23,54323.29,8,720,32.72727272727273,32.72727272727273,0.24,4,4,2,10,2361.88,Steady middle - hold
C01285,2026-02-16,2024-07-14,22,54315.51,43,625,29.761904761904763,29.761904761904763,1.44,2,3,2,7,2468.89,Dormant low value - do not spend
C01985,2026-02-19,2024-05-06,21,54253.01,40,694,34.7,34.7,1.15,2,3,2,7,2583.48,Dormant low value - do not spend
C00083,2026-03-05,2024-06-11,20,54218.47,26,658,34.63157894736842,34.63157894736842,0.75,3,2,2,7,2710.92,Steady middle - hold
C00728,2026-02-04,2024-04-01,20,54211.24,55,729,38.36842105263158,38.36842105263158,1.43,2,2,2,6,2710.56,Dormant low value - do not spend
C01201,2026-03-10,2024-04-21,25,54194.52,21,709,29.541666666666668,29.541666666666668,0.71,3,4,2,9,2167.78,Steady middle - hold
C01120,2026-02-10,2024-04-20,17,54149.88,49,710,44.375,44.375,1.1,2,1,2,5,3185.29,Dormant low value - do not spend
C00361,2026-03-17,2024-05-16,21,54078.24,14,684,34.2,34.2,0.41,4,3,2,9,2575.15,Steady middle - hold
C01639,2026-01-10,2024-10-08,13,54026.98,80,539,44.916666666666664,44.916666666666664,1.78,1,1,2,4,4155.92,Dormant low value - do not spend
C02074,2026-03-07,2024-05-14,20,53991.88,24,686,36.10526315789474,36.10526315789474,0.66,3,3,2,8,2699.59,Steady middle - hold
C02434,2026-03-20,2024-04-20,19,53960.55,11,710,39.44444444444444,39.44444444444444,0.28,4,2,2,8,2840.03,New - convert to second purchase
C01615,2026-02-23,2024-07-17,16,53923.46,36,622,41.46666666666667,41.46666666666667,0.87,2,1,2,5,3370.22,Dormant low value - do not spend
C02552,2026-03-23,2024-04-08,22,53922.87,8,722,34.38095238095238,34.38095238095238,0.23,4,4,2,10,2451.04,Steady middle - hold
C00196,2026-03-21,2024-08-22,17,53876.63,10,586,36.625,36.625,0.27,4,1,2,7,3169.21,New - convert to second purchase
C02219,2026-03-22,2024-06-03,20,53853.06,9,666,35.05263157894737,35.05263157894737,0.26,4,3,2,9,2692.65,Steady middle - hold
C01917,2026-03-28,2024-04-20,27,53842.56,3,710,27.307692307692307,27.307692307692307,0.11,5,5,2,12,1994.17,Steady middle - hold
C01075,2026-03-02,2024-04-11,22,53833.68,29,719,34.23809523809524,34.23809523809524,0.85,3,3,2,8,2446.99,Steady middle - hold
C00935,2026-03-29,2024-05-01,24,53781.53,2,699,30.391304347826086,30.391304347826086,0.07,5,4,2,11,2240.9,Steady middle - hold
C01806,2025-10-30,2024-04-02,19,53748.79,152,728,40.44444444444444,40.44444444444444,3.76,1,2,2,5,2828.88,Dormant low value - do not spend
C01647,2026-02-09,2024-04-19,15,53726.96,50,711,50.785714285714285,50.785714285714285,0.98,2,1,2,5,3581.8,Dormant low value - do not spend
C01028,2026-01-28,2024-04-22,15,53690.490000000005,62,708,50.57142857142857,50.57142857142857,1.23,1,1,2,4,3579.37,Dormant low value - do not spend
C00964,2026-02-25,2024-04-23,18,53635.25,34,707,41.588235294117645,41.588235294117645,0.82,2,2,2,6,2979.74,Dormant low value - do not spend
C01245,2026-01-18,2024-06-07,18,53604.81,72,662,38.94117647058823,38.94117647058823,1.85,1,2,2,5,2978.04,Dormant low value - do not spend
C01452,2026-03-21,2024-04-25,14,53541.770000000004,10,705,54.23076923076923,54.23076923076923,0.18,4,1,2,7,3824.41,New - convert to second purchase
C01589,2026-03-21,2024-04-03,21,53486.479999999996,10,727,36.35,36.35,0.28,4,3,2,9,2546.98,Steady middle - hold
C00484,2026-03-28,2024-04-01,17,53478.200000000004,3,729,45.5625,45.5625,0.07,5,1,2,8,3145.78,New - convert to second purchase
C02567,2026-03-29,2024-05-08,22,53458.27,2,692,32.95238095238095,32.95238095238095,0.06,5,4,2,11,2429.92,Steady middle - hold
C01306,2026-02-12,2024-04-14,21,53372.44,47,716,35.8,35.8,1.31,2,3,2,7,2541.54,Dormant low value - do not spend
C01148,2026-03-14,2024-08-25,17,53357.52,17,583,36.4375,36.4375,0.47,3,1,2,6,3138.68,Steady middle - hold
C01338,2026-03-07,2024-04-02,15,53356.479999999996,24,728,52.0,52.0,0.46,3,1,2,6,3557.1,Steady middle - hold
C00834,2026-01-11,2024-04-26,23,53284.36,79,704,32.0,32.0,2.47,1,4,2,7,2316.71,Loyal but slipping - reactivate
C01987,2026-01-30,2024-04-11,21,53260.07,60,719,35.95,35.95,1.67,1,3,2,6,2536.19,Dormant low value - do not spend
C01628,2026-01-31,2024-06-26,16,53254.07,59,643,42.86666666666667,42.86666666666667,1.38,1,1,2,4,3328.38,Dormant low value - do not spend
C00339,2026-02-04,2024-04-20,20,53188.5,55,710,37.36842105263158,37.36842105263158,1.47,2,2,2,6,2659.42,Dormant low value - do not spend
C00898,2026-01-14,2024-04-28,18,53127.61,76,702,41.294117647058826,41.294117647058826,1.84,1,2,2,5,2951.53,Dormant low value - do not spend
C01672,2026-03-31,2024-04-08,22,53118.24,0,722,34.38095238095238,34.38095238095238,0.0,5,3,2,10,2414.47,Steady middle - hold
C01498,2026-01-13,2024-04-04,16,53111.92,77,726,48.4,48.4,1.59,1,1,2,4,3319.5,Dormant low value - do not spend
C00565,2026-03-20,2024-05-15,19,53044.59,11,685,38.05555555555556,38.05555555555556,0.29,4,2,2,8,2791.82,New - convert to second purchase
C01551,2026-03-29,2024-05-04,20,53038.01,2,696,36.63157894736842,36.63157894736842,0.05,5,2,2,9,2651.9,New - convert to second purchase
C00818,2026-03-02,2024-05-26,26,53017.63,29,674,26.96,26.96,1.08,3,5,2,10,2039.14,Steady middle - hold
C00018,2026-03-03,2024-06-14,20,52999.43,28,655,34.473684210526315,34.473684210526315,0.81,3,2,2,7,2649.97,Steady middle - hold
C02070,2025-12-25,2024-04-23,18,52965.75,96,707,41.588235294117645,41.588235294117645,2.31,1,2,2,5,2942.54,Dormant low value - do not spend
C00027,2026-03-14,2024-05-13,18,52961.380000000005,17,687,40.411764705882355,40.411764705882355,0.42,3,1,2,6,2942.3,Steady middle - hold
C00949,2026-03-23,2024-05-13,23,52958.7,8,687,31.227272727272727,31.227272727272727,0.26,4,4,2,10,2302.55,Steady middle - hold
C00305,2026-01-30,2024-04-19,21,52956.96,60,711,35.55,35.55,1.69,1,3,2,6,2521.76,Dormant low value - do not spend
C01055,2026-03-04,2024-04-29,16,52902.05,27,701,46.733333333333334,46.733333333333334,0.58,3,1,2,6,3306.38,Steady middle - hold
C00725,2026-03-21,2024-04-18,20,52897.93,10,712,37.473684210526315,37.473684210526315,0.27,4,2,2,8,2644.9,New - convert to second purchase
C01659,2026-03-14,2024-04-26,22,52892.369999999995,17,704,33.523809523809526,33.523809523809526,0.51,3,3,2,8,2404.2,Steady middle - hold
C00141,2026-01-16,2024-04-13,16,52883.159999999996,74,717,47.8,47.8,1.55,1,1,2,4,3305.2,Dormant low value - do not spend
C01510,2026-03-16,2024-05-02,18,52853.07,15,698,41.05882352941177,41.05882352941177,0.37,4,2,2,8,2936.28,New - convert to second purchase
C01364,2026-03-17,2024-04-25,24,52839.35,14,705,30.652173913043477,30.652173913043477,0.46,4,4,2,10,2201.64,Steady middle - hold
C01662,2026-03-28,2024-04-06,16,52828.89,3,724,48.266666666666666,48.266666666666666,0.06,5,1,2,8,3301.81,New - convert to second purchase
C00031,2026-03-28,2024-04-26,18,52811.75,3,704,41.411764705882355,41.411764705882355,0.07,5,1,2,8,2933.99,New - convert to second purchase
C01282,2026-03-06,2024-04-22,29,52794.53,25,708,25.285714285714285,25.285714285714285,0.99,3,5,2,10,1820.5,Steady middle - hold
C00253,2026-03-10,2024-04-21,20,52726.8,21,709,37.31578947368421,37.31578947368421,0.56,3,2,2,7,2636.34,Steady middle - hold
C01557,2026-02-21,2024-04-21,18,52725.799999999996,38,709,41.705882352941174,41.705882352941174,0.91,2,2,2,6,2929.21,Dormant low value - do not spend
C01279,2026-03-12,2024-04-17,24,52715.29,19,713,31.0,31.0,0.61,3,4,2,9,2196.47,Steady middle - hold
C01073,2026-01-12,2024-04-12,12,52707.66,78,718,65.27272727272727,65.27272727272727,1.19,1,1,2,4,4392.3,Dormant low value - do not spend
C02176,2026-02-14,2024-04-10,15,52706.62,45,720,51.42857142857143,51.42857142857143,0.88,2,1,2,5,3513.77,Dormant low value - do not spend
C00273,2026-02-28,2024-04-08,14,52706.35,31,722,55.53846153846154,55.53846153846154,0.56,2,1,2,5,3764.74,Dormant low value - do not spend
C00413,2026-03-03,2024-04-14,18,52689.92,28,716,42.11764705882353,42.11764705882353,0.66,3,2,2,7,2927.22,Steady middle - hold
C01601,2026-03-11,2024-04-22,14,52649.53,20,708,54.46153846153846,54.46153846153846,0.37,3,1,2,6,3760.68,Steady middle - hold
C00538,2026-03-15,2024-04-05,19,52637.06,16,725,40.27777777777778,40.27777777777778,0.4,4,2,2,8,2770.37,New - convert to second purchase
C00227,2026-03-28,2024-05-30,20,52610.229999999996,3,670,35.26315789473684,35.26315789473684,0.09,5,2,2,9,2630.51,New - convert to second purchase
C01290,2026-03-29,2024-06-09,24,52599.03,2,660,28.695652173913043,28.695652173913043,0.07,5,4,2,11,2191.63,Steady middle - hold
C02084,2025-12-26,2024-04-23,23,52589.69,95,707,32.13636363636363,32.13636363636363,2.96,1,4,2,7,2286.51,Loyal but slipping - reactivate
C00726,2026-01-29,2024-04-25,15,52559.44,61,705,50.357142857142854,50.357142857142854,1.21,1,1,2,4,3503.96,Dormant low value - do not spend
C01275,2026-03-15,2024-04-28,21,52555.26,16,702,35.1,35.1,0.46,4,3,2,9,2502.63,Steady middle - hold
C02588,2026-03-29,2024-04-25,20,52524.92,2,705,37.10526315789474,37.10526315789474,0.05,5,3,2,10,2626.25,Steady middle - hold
C01093,2026-01-22,2024-04-25,17,52498.770000000004,68,705,44.0625,44.0625,1.54,1,1,2,4,3088.16,Dormant low value - do not spend
C00569,2026-03-28,2024-04-08,26,52474.42,3,722,28.88,28.88,0.1,5,5,2,12,2018.25,Steady middle - hold
C02257,2026-03-17,2024-06-18,20,52473.020000000004,14,651,34.26315789473684,34.26315789473684,0.41,4,3,2,9,2623.65,Steady middle - hold
C01089,2026-03-19,2024-04-09,17,52367.91,12,721,45.0625,45.0625,0.27,4,1,2,7,3080.47,New - convert to second purchase
C00306,2026-03-19,2024-04-08,11,52363.41,12,722,72.2,72.2,0.17,4,1,2,7,4760.31,New - convert to second purchase
C00609,2026-03-19,2024-06-22,21,52361.68,12,647,32.35,32.35,0.37,4,3,2,9,2493.41,Steady middle - hold
C01809,2026-03-05,2024-04-16,20,52349.36,26,714,37.578947368421055,37.578947368421055,0.69,3,3,2,8,2617.47,Steady middle - hold
C02025,2026-03-19,2024-05-10,15,52324.18,12,690,49.285714285714285,49.285714285714285,0.24,4,1,2,7,3488.28,New - convert to second purchase
C00439,2026-03-31,2024-04-24,18,52318.32,0,706,41.529411764705884,41.529411764705884,0.0,5,2,2,9,2906.57,New - convert to second purchase
C00213,2026-03-22,2024-05-09,18,52284.34,9,691,40.64705882352941,40.64705882352941,0.22,4,1,2,7,2904.69,New - convert to second purchase
C01644,2026-01-20,2024-06-17,20,52280.729999999996,70,652,34.31578947368421,34.31578947368421,2.04,1,2,2,5,2614.04,Dormant low value - do not spend
C01026,2026-03-15,2024-06-22,13,52229.15,16,647,53.916666666666664,53.916666666666664,0.3,4,1,2,7,4017.63,New - convert to second purchase
C00408,2026-03-09,2024-07-10,20,52222.92,22,629,33.10526315789474,33.10526315789474,0.66,3,2,2,7,2611.15,Steady middle - hold
C01921,2026-03-07,2024-04-04,16,52221.77,24,726,48.4,48.4,0.5,3,1,2,6,3263.86,Steady middle - hold
C00377,2026-02-26,2024-05-15,21,52214.53,33,685,34.25,34.25,0.96,2,3,2,7,2486.41,Dormant low value - do not spend
C01983,2026-03-15,2024-04-14,23,52183.84,16,716,32.54545454545455,32.54545454545455,0.49,4,4,2,10,2268.86,Steady middle - hold
C00852,2026-03-29,2024-05-24,14,52169.97,2,676,52.0,52.0,0.04,5,1,2,8,3726.43,New - convert to second purchase
C00639,2026-03-16,2024-04-10,19,52165.35,15,720,40.0,40.0,0.38,4,2,2,8,2745.54,New - convert to second purchase
C02262,2026-01-09,2024-04-21,17,52162.86,81,709,44.3125,44.3125,1.83,1,1,2,4,3068.4,Dormant low value - do not spend
C01788,2026-03-25,2024-04-26,23,52156.26,6,704,32.0,32.0,0.19,5,4,2,11,2267.66,Steady middle - hold
C01239,2025-11-15,2024-04-11,17,52149.08,136,719,44.9375,44.9375,3.03,1,1,2,4,3067.59,Dormant low value - do not spend
C00474,2026-01-16,2024-04-21,19,52126.3,74,709,39.388888888888886,39.388888888888886,1.88,1,2,2,5,2743.49,Dormant low value - do not spend
C00351,2025-12-06,2024-04-20,20,52102.76,115,710,37.36842105263158,37.36842105263158,3.08,1,2,2,5,2605.14,Dormant low value - do not spend
C00364,2026-01-18,2024-05-22,16,52074.02,72,678,45.2,45.2,1.59,1,1,2,4,3254.63,Dormant low value - do not spend
C01728,2026-02-17,2024-05-01,26,52069.64,42,699,27.96,27.96,1.5,2,5,2,9,2002.68,Loyal but slipping - reactivate
C02349,2026-02-23,2024-08-21,15,52059.69,36,587,41.92857142857143,41.92857142857143,0.86,2,1,2,5,3470.65,Dormant low value - do not spend
C00019,2026-02-26,2024-06-13,14,51984.47,33,656,50.46153846153846,50.46153846153846,0.65,2,1,2,5,3713.18,Dormant low value - do not spend
C00363,2026-03-01,2024-07-31,21,51975.61,30,608,30.4,30.4,0.99,3,3,2,8,2475.03,Steady middle - hold
C01834,2026-02-11,2024-04-30,21,51923.22,48,700,35.0,35.0,1.37,2,3,2,7,2472.53,Dormant low value - do not spend
C02041,2026-03-28,2024-05-02,17,51889.76,3,698,43.625,43.625,0.07,5,1,2,8,3052.34,New - convert to second purchase
C00557,2026-03-13,2024-04-07,23,51707.44,18,723,32.86363636363637,32.86363636363637,0.55,3,4,2,9,2248.15,Steady middle - hold
C01755,2026-01-28,2024-04-22,20,51703.64,62,708,37.26315789473684,37.26315789473684,1.66,1,3,2,6,2585.18,Dormant low value - do not spend
C02047,2026-03-25,2024-07-06,21,51620.52,6,633,31.65,31.65,0.19,5,3,2,10,2458.12,Steady middle - hold
C01388,2026-03-15,2024-05-04,19,51597.61,16,696,38.666666666666664,38.666666666666664,0.41,4,2,2,8,2715.66,New - convert to second purchase
C02030,2026-02-27,2024-05-25,23,51558.74,32,675,30.681818181818183,30.681818181818183,1.04,2,4,2,8,2241.68,Loyal but slipping - reactivate
C01804,2026-01-21,2024-04-05,22,51549.26,69,725,34.523809523809526,34.523809523809526,2.0,1,3,2,6,2343.15,Dormant low value - do not spend
C01869,2026-03-18,2024-04-15,20,51451.090000000004,13,715,37.63157894736842,37.63157894736842,0.35,4,3,2,9,2572.55,Steady middle - hold
C01277,2025-11-09,2024-04-25,18,51418.39,142,705,41.470588235294116,41.470588235294116,3.42,1,2,2,5,2856.58,Dormant low value - do not spend
C02428,2026-02-08,2024-05-19,20,51411.149999999994,51,681,35.8421052631579,35.8421052631579,1.42,2,3,2,7,2570.56,Dormant low value - do not spend
C00550,2026-02-21,2024-05-18,16,51409.270000000004,38,682,45.46666666666667,45.46666666666667,0.84,2,1,2,5,3213.08,Dormant low value - do not spend
C01010,2026-03-26,2024-06-23,14,51385.59,5,646,49.69230769230769,49.69230769230769,0.1,5,1,2,8,3670.4,New - convert to second purchase
C02506,2026-02-04,2024-04-03,15,51374.63,55,727,51.92857142857143,51.92857142857143,1.06,2,1,2,5,3424.98,Dormant low value - do not spend
C00055,2026-03-11,2024-05-20,17,51316.53,20,680,42.5,42.5,0.47,3,1,2,6,3018.62,Steady middle - hold
C02076,2026-03-25,2024-04-17,19,51304.43,6,713,39.611111111111114,39.611111111111114,0.15,5,2,2,9,2700.23,New - convert to second purchase
C00040,2025-12-24,2024-08-11,17,51253.46,97,597,37.3125,37.3125,2.6,1,1,2,4,3014.91,Dormant low value - do not spend
C00032,2026-02-09,2024-04-19,28,51104.02,50,711,26.333333333333332,26.333333333333332,1.9,2,5,2,9,1825.14,Loyal but slipping - reactivate
C02088,2026-03-20,2024-09-20,18,51087.03,11,557,32.76470588235294,32.76470588235294,0.34,4,2,2,8,2838.17,New - convert to second purchase
C01863,2026-03-18,2024-04-20,25,51084.39,13,710,29.583333333333332,29.583333333333332,0.44,4,5,2,11,2043.38,Steady middle - hold
C01766,2025-12-10,2024-05-18,19,51046.33,111,682,37.888888888888886,37.888888888888886,2.93,1,2,2,5,2686.65,Dormant low value - do not spend
C02121,2026-02-08,2024-04-20,14,51026.44,51,710,54.61538461538461,54.61538461538461,0.93,2,1,2,5,3644.75,Dormant low value - do not spend
C02130,2026-03-11,2024-04-02,21,50995.130000000005,20,728,36.4,36.4,0.55,3,3,2,8,2428.34,Steady middle - hold
C02440,2026-03-12,2024-05-18,16,50985.58,19,682,45.46666666666667,45.46666666666667,0.42,3,1,2,6,3186.6,Steady middle - hold
C02579,2026-03-27,2024-09-05,17,50969.18,4,572,35.75,35.75,0.11,5,1,2,8,2998.19,New - convert to second purchase
C02095,2026-01-31,2024-04-23,21,50907.240000000005,59,707,35.35,35.35,1.67,1,3,2,6,2424.15,Dormant low value - do not spend
C02016,2026-01-11,2024-04-13,19,50904.46,79,717,39.833333333333336,39.833333333333336,1.98,1,2,2,5,2679.18,Dormant low value - do not spend
C02414,2026-02-09,2024-04-11,17,50894.96000000001,50,719,44.9375,44.9375,1.11,2,1,2,5,2993.82,Dormant low value - do not spend
C00957,2026-03-25,2024-05-05,18,50870.229999999996,6,695,40.88235294117647,40.88235294117647,0.15,5,2,2,9,2826.12,New - convert to second purchase
C01207,2026-03-31,2024-05-05,20,50830.270000000004,0,695,36.578947368421055,36.578947368421055,0.0,5,2,2,9,2541.51,New - convert to second purchase
C02022,2026-02-27,2024-04-22,25,50819.45,32,708,29.5,29.5,1.08,2,5,2,9,2032.78,Loyal but slipping - reactivate
C01377,2026-02-14,2024-05-15,20,50798.03,45,685,36.05263157894737,36.05263157894737,1.25,2,2,2,6,2539.9,Dormant low value - do not spend
C02380,2026-01-29,2024-04-19,20,50773.19,61,711,37.421052631578945,37.421052631578945,1.63,1,3,2,6,2538.66,Dormant low value - do not spend
C01808,2026-03-29,2024-05-15,19,50676.51,2,685,38.05555555555556,38.05555555555556,0.05,5,2,2,9,2667.18,New - convert to second purchase
C01704,2026-02-28,2024-04-13,17,50668.47,31,717,44.8125,44.8125,0.69,3,1,2,6,2980.5,Steady middle - hold
C00968,2025-12-15,2024-06-26,18,50610.04,106,643,37.8235294117647,37.8235294117647,2.8,1,2,2,5,2811.67,Dormant low value - do not spend
C00028,2026-03-24,2024-04-02,17,50461.72,7,728,45.5,45.5,0.15,4,1,2,7,2968.34,New - convert to second purchase
C02100,2026-03-26,2024-05-14,19,50440.35,5,686,38.111111111111114,38.111111111111114,0.13,5,2,2,9,2654.76,New - convert to second purchase
C02004,2026-01-17,2024-04-09,22,50436.46,73,721,34.333333333333336,34.333333333333336,2.13,1,4,2,7,2292.57,Loyal but slipping - reactivate
C00312,2026-02-08,2024-05-26,20,50392.92,51,674,35.473684210526315,35.473684210526315,1.44,2,2,2,6,2519.65,Dormant low value - do not spend
C02306,2026-03-25,2024-04-03,25,50377.0,6,727,30.291666666666668,30.291666666666668,0.2,5,5,2,12,2015.08,Steady middle - hold
C01528,2026-03-07,2024-05-06,19,50357.77,24,694,38.55555555555556,38.55555555555556,0.62,3,2,2,7,2650.41,Steady middle - hold
C00700,2025-12-24,2024-05-29,17,50344.86,97,671,41.9375,41.9375,2.31,1,1,2,4,2961.46,Dormant low value - do not spend
C01140,2026-02-28,2024-04-01,19,50341.76,31,729,40.5,40.5,0.77,2,2,2,6,2649.57,Dormant low value - do not spend
C01588,2026-01-31,2024-04-13,18,50237.3,59,717,42.1764705882353,42.1764705882353,1.4,1,2,2,5,2790.96,Dormant low value - do not spend
C01143,2026-03-29,2024-08-23,19,50183.18,2,585,32.5,32.5,0.06,5,2,2,9,2641.22,New - convert to second purchase
C01045,2026-03-26,2024-08-27,15,50157.520000000004,5,581,41.5,41.5,0.12,5,1,2,8,3343.83,New - convert to second purchase
C00634,2026-02-17,2024-09-15,16,50143.649999999994,42,562,37.46666666666667,37.46666666666667,1.12,2,1,2,5,3133.98,Dormant low value - do not spend
C01237,2026-03-09,2024-05-30,13,50142.16,22,670,55.833333333333336,55.833333333333336,0.39,3,1,2,6,3857.09,Steady middle - hold
C02480,2026-03-13,2024-04-24,18,50073.61,18,706,41.529411764705884,41.529411764705884,0.43,3,2,2,7,2781.87,Steady middle - hold
C02191,2026-02-21,2024-05-13,22,50054.1,38,687,32.714285714285715,32.714285714285715,1.16,2,4,2,8,2275.19,Loyal but slipping - reactivate
C01253,2026-02-04,2024-04-05,20,50049.57,55,725,38.1578947368421,38.1578947368421,1.44,2,2,2,6,2502.48,Dormant low value - do not spend
C01795,2026-03-12,2024-04-20,25,50020.79,19,710,29.583333333333332,29.583333333333332,0.64,3,5,2,10,2000.83,Steady middle - hold
C02029,2026-02-07,2024-05-02,15,50004.49,52,698,49.857142857142854,49.857142857142854,1.04,2,1,2,5,3333.63,Dormant low value - do not spend
C01915,2026-03-07,2024-04-16,21,49947.03,24,714,35.7,35.7,0.67,3,3,2,8,2378.43,Steady middle - hold
C02301,2026-03-30,2024-04-02,19,49924.72,1,728,40.44444444444444,40.44444444444444,0.02,5,2,2,9,2627.62,New - convert to second purchase
C02535,2026-02-24,2024-04-14,27,49889.229999999996,35,716,27.53846153846154,27.53846153846154,1.27,2,5,2,9,1847.75,Loyal but slipping - reactivate
C01274,2026-01-11,2024-04-11,16,49880.090000000004,79,719,47.93333333333333,47.93333333333333,1.65,1,1,2,4,3117.51,Dormant low value - do not spend
C00667,2026-03-15,2024-04-12,20,49827.66,16,718,37.78947368421053,37.78947368421053,0.42,4,2,2,8,2491.38,New - convert to second purchase
C00918,2026-03-31,2024-04-02,19,49771.74,0,728,40.44444444444444,40.44444444444444,0.0,5,2,2,9,2619.57,New - convert to second purchase
C01849,2026-03-29,2024-04-16,17,49755.78,2,714,44.625,44.625,0.04,5,1,2,8,2926.81,New - convert to second purchase
C01955,2026-02-22,2024-05-14,17,49695.97,37,686,42.875,42.875,0.86,2,1,2,5,2923.29,Dormant low value - do not spend
C01792,2026-01-11,2024-06-07,17,49577.0,79,662,41.375,41.375,1.91,1,1,2,4,2916.29,Dormant low value - do not spend
C01790,2026-03-31,2024-04-03,22,49567.159999999996,0,727,34.61904761904762,34.61904761904762,0.0,5,3,2,10,2253.05,Steady middle - hold
C01267,2026-03-27,2024-04-20,22,49556.36,4,710,33.80952380952381,33.80952380952381,0.12,5,3,2,10,2252.56,Steady middle - hold
C01152,2026-03-19,2024-04-02,26,49530.87,12,728,29.12,29.12,0.41,4,5,2,11,1905.03,Steady middle - hold
C01861,2026-03-07,2024-05-10,18,49524.31,24,690,40.588235294117645,40.588235294117645,0.59,3,2,2,7,2751.35,Steady middle - hold
C00923,2026-03-31,2024-04-19,18,49507.26,0,711,41.8235294117647,41.8235294117647,0.0,5,2,2,9,2750.4,New - convert to second purchase
C00737,2026-03-13,2024-04-06,23,49492.46,18,724,32.90909090909091,32.90909090909091,0.55,3,4,2,9,2151.85,Steady middle - hold
C01626,2026-03-13,2024-09-07,12,49488.2,18,570,51.81818181818182,51.81818181818182,0.35,3,1,2,6,4124.02,Steady middle - hold
C02044,2025-11-26,2024-05-21,12,49443.63,125,679,61.72727272727273,61.72727272727273,2.03,1,1,2,4,4120.3,Dormant low value - do not spend
C02418,2026-01-20,2024-04-09,23,49435.87,70,721,32.77272727272727,32.77272727272727,2.14,1,4,2,7,2149.39,Loyal but slipping - reactivate
C00958,2026-03-29,2024-05-06,20,49432.450000000004,2,694,36.526315789473685,36.526315789473685,0.05,5,2,2,9,2471.62,New - convert to second purchase
C00800,2026-02-09,2024-07-04,21,49430.79,50,635,31.75,31.75,1.57,2,3,2,7,2353.85,Dormant low value - do not spend
C02585,2026-01-07,2024-04-29,20,49428.35,83,701,36.89473684210526,36.89473684210526,2.25,1,3,2,6,2471.42,Dormant low value - do not spend
C01493,2026-03-24,2024-05-25,24,49420.46,7,675,29.347826086956523,29.347826086956523,0.24,5,4,2,11,2059.19,Steady middle - hold
C02514,2026-01-12,2024-05-11,22,49398.45,78,689,32.80952380952381,32.80952380952381,2.38,1,4,2,7,2245.38,Loyal but slipping - reactivate
C01403,2025-12-19,2024-04-27,18,49336.18,102,703,41.35294117647059,41.35294117647059,2.47,1,2,2,5,2740.9,Dormant low value - do not spend
C00533,2026-02-27,2024-04-02,17,49328.63,32,728,45.5,45.5,0.7,2,1,2,5,2901.68,Dormant low value - do not spend
C01056,2026-02-15,2024-06-26,18,49199.96,44,643,37.8235294117647,37.8235294117647,1.16,2,2,2,6,2733.33,Dormant low value - do not spend
C01607,2026-01-28,2024-04-08,20,49183.9,62,722,38.0,38.0,1.63,1,2,2,5,2459.2,Dormant low value - do not spend
C00687,2026-03-21,2024-06-10,20,49157.57,10,659,34.68421052631579,34.68421052631579,0.29,4,2,2,8,2457.88,New - convert to second purchase
C02527,2026-03-26,2024-06-26,20,49151.41,5,643,33.8421052631579,33.8421052631579,0.15,5,3,1,9,2457.57,Steady middle - hold
C00382,2026-03-26,2024-05-24,18,49150.88,5,676,39.76470588235294,39.76470588235294,0.13,5,2,1,8,2730.6,New - convert to second purchase
C02145,2026-03-08,2024-04-26,20,49128.58,23,704,37.05263157894737,37.05263157894737,0.62,3,3,1,7,2456.43,Steady middle - hold
C00502,2026-03-02,2024-05-13,20,49105.72,29,687,36.1578947368421,36.1578947368421,0.8,3,2,1,6,2455.29,Steady middle - hold
C01779,2026-03-22,2024-04-17,19,49099.15,9,713,39.611111111111114,39.611111111111114,0.23,4,2,1,7,2584.17,New - convert to second purchase
C01802,2026-03-16,2024-05-03,21,49077.03,15,697,34.85,34.85,0.43,4,3,1,8,2337.0,Steady middle - hold
C01342,2026-03-07,2024-04-29,23,49076.479999999996,24,701,31.863636363636363,31.863636363636363,0.75,3,4,1,8,2133.76,Steady middle - hold
C00632,2025-12-02,2024-04-14,22,49022.94,119,716,34.095238095238095,34.095238095238095,3.49,1,3,1,5,2228.32,Dormant low value - do not spend
C01914,2026-01-31,2024-05-08,16,48977.16,59,692,46.13333333333333,46.13333333333333,1.28,1,1,1,3,3061.07,Dormant low value - do not spend
C02185,2026-03-21,2024-10-26,21,48948.97,10,521,26.05,26.05,0.38,4,3,1,8,2330.9,Steady middle - hold
C00122,2026-03-07,2024-05-15,20,48831.2,24,685,36.05263157894737,36.05263157894737,0.67,3,2,1,6,2441.56,Steady middle - hold
C00228,2026-03-03,2024-09-10,19,48773.39,28,567,31.5,31.5,0.89,3,2,1,6,2567.02,Steady middle - hold
C01029,2026-02-15,2024-05-18,18,48644.56,44,682,40.11764705882353,40.11764705882353,1.1,2,2,1,5,2702.48,Dormant low value - do not spend
C01814,2026-02-04,2024-06-08,18,48606.63,55,661,38.88235294117647,38.88235294117647,1.41,2,2,1,5,2700.37,Dormant low value - do not spend
C00621,2026-03-30,2024-07-13,14,48600.52,1,626,48.15384615384615,48.15384615384615,0.02,5,1,1,7,3471.47,New - convert to second purchase
C01653,2026-01-24,2024-04-06,21,48587.78,66,724,36.2,36.2,1.82,1,3,1,5,2313.7,Dormant low value - do not spend
C02120,2026-02-22,2024-05-25,19,48529.64,37,675,37.5,37.5,0.99,2,2,1,5,2554.19,Dormant low value - do not spend
C00806,2026-03-26,2024-04-13,18,48524.32,5,717,42.1764705882353,42.1764705882353,0.12,5,2,1,8,2695.8,New - convert to second purchase
C01570,2026-03-25,2024-05-14,21,48519.81,6,686,34.3,34.3,0.17,5,3,1,9,2310.47,Steady middle - hold
C01706,2026-02-27,2024-04-13,17,48493.95,32,717,44.8125,44.8125,0.71,2,1,1,4,2852.59,Dormant low value - do not spend
C00442,2026-03-16,2024-06-28,21,48478.92,15,641,32.05,32.05,0.47,4,3,1,8,2308.52,Steady middle - hold
C01007,2026-03-13,2024-04-21,23,48321.48,18,709,32.22727272727273,32.22727272727273,0.56,3,4,1,8,2100.93,Steady middle - hold
C01336,2026-03-24,2024-04-14,16,48227.38,7,716,47.733333333333334,47.733333333333334,0.15,5,1,1,7,3014.21,New - convert to second purchase
C01603,2026-03-06,2024-07-16,23,48224.78,25,623,28.318181818181817,28.318181818181817,0.88,3,4,1,8,2096.73,Steady middle - hold
C00526,2026-01-20,2024-04-05,13,48219.58,70,725,60.416666666666664,60.416666666666664,1.16,1,1,1,3,3709.2,Dormant low value - do not spend
C01404,2026-03-30,2024-04-24,21,48186.9,1,706,35.3,35.3,0.03,5,3,1,9,2294.61,Steady middle - hold
C00006,2026-03-15,2024-04-05,17,48164.799999999996,16,725,45.3125,45.3125,0.35,4,1,1,6,2833.22,New - convert to second purchase
C01819,2026-03-23,2024-04-14,24,48123.88,8,716,31.130434782608695,31.130434782608695,0.26,4,4,1,9,2005.16,Steady middle - hold
C01036,2026-01-01,2024-06-15,16,48109.9,89,654,43.6,43.6,2.04,1,1,1,3,3006.87,Dormant low value - do not spend
C00677,2026-02-16,2024-04-03,21,48090.1,43,727,36.35,36.35,1.18,2,3,1,6,2290.0,Dormant low value - do not spend
C02449,2026-03-15,2024-04-12,21,48051.99,16,718,35.9,35.9,0.45,4,3,1,8,2288.19,Steady middle - hold
C01271,2026-01-18,2024-04-02,22,48037.7,72,728,34.666666666666664,34.666666666666664,2.08,1,3,1,5,2183.53,Dormant low value - do not spend
C02128,2026-03-21,2024-04-07,23,47987.35,10,723,32.86363636363637,32.86363636363637,0.3,4,4,1,9,2086.41,Steady middle - hold
C00910,2026-03-25,2024-07-15,20,47955.44,6,624,32.8421052631579,32.8421052631579,0.18,5,2,1,8,2397.77,New - convert to second purchase
C00404,2026-03-19,2024-04-24,21,47951.97,12,706,35.3,35.3,0.34,4,3,1,8,2283.43,Steady middle - hold
C00976,2026-02-13,2024-04-11,16,47934.75,46,719,47.93333333333333,47.93333333333333,0.96,2,1,1,4,2995.92,Dormant low value - do not spend
C01744,2026-03-17,2024-04-14,17,47926.43,14,716,44.75,44.75,0.31,4,1,1,6,2819.2,New - convert to second purchase
C00036,2026-03-10,2024-10-05,20,47913.79,21,542,28.526315789473685,28.526315789473685,0.74,3,2,1,6,2395.69,Steady middle - hold
C00437,2026-02-20,2024-04-27,19,47893.54,39,703,39.05555555555556,39.05555555555556,1.0,2,2,1,5,2520.71,Dormant low value - do not spend
C00592,2026-03-25,2024-04-04,23,47856.14,6,726,33.0,33.0,0.18,5,4,1,10,2080.7,Steady middle - hold
C01358,2026-02-07,2024-04-05,23,47850.0,52,725,32.95454545454545,32.95454545454545,1.58,2,4,1,7,2080.43,Loyal but slipping - reactivate
C02429,2026-02-15,2024-06-01,18,47841.74,44,668,39.294117647058826,39.294117647058826,1.12,2,2,1,5,2657.87,Dormant low value - do not spend
C01235,2026-01-07,2024-09-23,19,47821.689999999995,83,554,30.77777777777778,30.77777777777778,2.7,1,2,1,4,2516.93,Dormant low value - do not spend
C00705,2026-03-30,2024-05-30,15,47788.46,1,670,47.857142857142854,47.857142857142854,0.02,5,1,1,7,3185.9,New - convert to second purchase
C02123,2026-03-20,2024-04-24,16,47782.08,11,706,47.06666666666667,47.06666666666667,0.23,4,1,1,6,2986.38,New - convert to second purchase
C02135,2026-02-12,2024-04-11,23,47764.29,47,719,32.68181818181818,32.68181818181818,1.44,2,4,1,7,2076.71,Loyal but slipping - reactivate
C00585,2026-03-15,2024-05-05,21,47740.83,16,695,34.75,34.75,0.46,4,3,1,8,2273.37,Steady middle - hold
C01117,2026-01-13,2024-07-05,19,47710.56,77,634,35.22222222222222,35.22222222222222,2.19,1,2,1,4,2511.08,Dormant low value - do not spend
C01396,2026-02-14,2024-04-21,20,47702.89,45,709,37.31578947368421,37.31578947368421,1.21,2,2,1,5,2385.14,Dormant low value - do not spend
C02334,2026-03-19,2024-09-04,23,47654.49,12,573,26.045454545454547,26.045454545454547,0.46,4,4,1,9,2071.93,Steady middle - hold
C01359,2026-03-11,2024-04-21,22,47572.55,20,709,33.76190476190476,33.76190476190476,0.59,3,3,1,7,2162.39,Steady middle - hold
C01323,2026-02-08,2024-08-16,21,47559.83,51,592,29.6,29.6,1.72,2,3,1,6,2264.75,Dormant low value - do not spend
C02435,2026-03-26,2024-04-28,14,47532.39,5,702,54.0,54.0,0.09,5,1,1,7,3395.17,New - convert to second purchase
C00412,2025-11-25,2024-04-24,16,47490.69,126,706,47.06666666666667,47.06666666666667,2.68,1,1,1,3,2968.17,Dormant low value - do not spend
C01872,2026-02-20,2024-05-18,20,47484.07,39,682,35.89473684210526,35.89473684210526,1.09,2,3,1,6,2374.2,Dormant low value - do not spend
C00096,2026-01-04,2024-04-09,15,47437.04,86,721,51.5,51.5,1.67,1,1,1,3,3162.47,Dormant low value - do not spend
C01441,2026-02-26,2024-04-21,23,47418.229999999996,33,709,32.22727272727273,32.22727272727273,1.02,2,4,1,7,2061.66,Loyal but slipping - reactivate
C01975,2026-02-26,2024-05-27,19,47415.87,33,673,37.388888888888886,37.388888888888886,0.88,2,2,1,5,2495.57,Dormant low value - do not spend
C02276,2025-12-07,2024-04-05,19,47409.64,114,725,40.27777777777778,40.27777777777778,2.83,1,2,1,4,2495.24,Dormant low value - do not spend
C00460,2026-02-10,2024-04-12,22,47398.369999999995,49,718,34.19047619047619,34.19047619047619,1.43,2,3,1,6,2154.47,Dormant low value - do not spend
C00492,2026-03-08,2024-04-13,21,47343.93,23,717,35.85,35.85,0.64,3,3,1,7,2254.47,Steady middle - hold
C01843,2026-01-25,2024-04-08,23,47245.71,65,722,32.81818181818182,32.81818181818182,1.98,1,4,1,6,2054.16,Loyal but slipping - reactivate
C01977,2026-03-12,2024-06-27,20,47235.49,19,642,33.78947368421053,33.78947368421053,0.56,3,3,1,7,2361.77,Steady middle - hold
C01769,2026-03-15,2024-04-03,17,47210.07,16,727,45.4375,45.4375,0.35,4,1,1,6,2777.06,New - convert to second purchase
C02090,2026-03-22,2024-05-11,19,47172.13,9,689,38.27777777777778,38.27777777777778,0.24,4,2,1,7,2482.74,New - convert to second purchase
C01857,2026-03-15,2024-04-09,22,47165.44,16,721,34.333333333333336,34.333333333333336,0.47,4,3,1,8,2143.88,Steady middle - hold
C00930,2026-03-17,2024-05-14,21,47144.79,14,686,34.3,34.3,0.41,4,3,1,8,2244.99,Steady middle - hold
C01232,2026-02-28,2024-05-11,15,47084.82000000001,31,689,49.214285714285715,49.214285714285715,0.63,2,1,1,4,3138.99,Dormant low value - do not spend
C02243,2026-03-29,2024-04-10,22,47080.63,2,720,34.285714285714285,34.285714285714285,0.06,5,4,1,10,2140.03,Steady middle - hold
C00307,2025-12-13,2024-04-01,16,47055.270000000004,108,729,48.6,48.6,2.22,1,1,1,3,2940.95,Dormant low value - do not spend
C00627,2026-02-20,2024-10-29,15,47039.79,39,518,37.0,37.0,1.05,2,1,1,4,3135.99,Dormant low value - do not spend
C02457,2026-01-06,2024-04-06,21,47027.57,84,724,36.2,36.2,2.32,1,3,1,5,2239.41,Dormant low value - do not spend
C02448,2026-02-28,2024-04-04,19,47023.35,31,726,40.333333333333336,40.333333333333336,0.77,3,2,1,6,2474.91,Steady middle - hold
C01687,2026-01-15,2024-04-20,17,47013.22,75,710,44.375,44.375,1.69,1,1,1,3,2765.48,Dormant low value - do not spend
C02192,2026-01-26,2024-04-19,14,47007.05,64,711,54.69230769230769,54.69230769230769,1.17,1,1,1,3,3357.65,Dormant low value - do not spend
C02584,2026-03-26,2024-05-20,19,46986.41,5,680,37.77777777777778,37.77777777777778,0.13,5,2,1,8,2472.97,New - convert to second purchase
C01332,2026-03-22,2024-07-13,16,46983.61,9,626,41.733333333333334,41.733333333333334,0.22,4,1,1,6,2936.48,New - convert to second purchase
C00576,2026-03-18,2024-04-02,23,46973.51,13,728,33.09090909090909,33.09090909090909,0.39,4,4,1,9,2042.33,Steady middle - hold
C00008,2026-03-24,2024-08-20,18,46960.86,7,588,34.588235294117645,34.588235294117645,0.2,4,1,1,6,2608.94,New - convert to second purchase
C00939,2026-03-28,2024-05-21,19,46951.21,3,679,37.72222222222222,37.72222222222222,0.08,5,2,1,8,2471.12,New - convert to second purchase
C01565,2026-02-14,2024-05-13,22,46866.520000000004,45,687,32.714285714285715,32.714285714285715,1.38,2,3,1,6,2130.3,Dormant low value - do not spend
C02236,2026-03-29,2024-04-28,21,46862.19,2,702,35.1,35.1,0.06,5,3,1,9,2231.53,Steady middle - hold
C01021,2025-12-02,2024-05-15,16,46836.79,119,685,45.666666666666664,45.666666666666664,2.61,1,1,1,3,2927.3,Dormant low value - do not spend
C01635,2026-01-23,2024-05-17,17,46827.65,67,683,42.6875,42.6875,1.57,1,1,1,3,2754.57,Dormant low value - do not spend
C01546,2026-03-31,2024-04-20,21,46805.76,0,710,35.5,35.5,0.0,5,3,1,9,2228.85,Steady middle - hold
C00836,2026-01-04,2024-04-01,21,46790.020000000004,86,729,36.45,36.45,2.36,1,3,1,5,2228.1,Dormant low value - do not spend
C01553,2026-02-07,2024-05-30,20,46772.59,52,670,35.26315789473684,35.26315789473684,1.47,2,2,1,5,2338.63,Dormant low value - do not spend
C02179,2026-03-03,2024-06-19,21,46739.85,28,650,32.5,32.5,0.86,3,3,1,7,2225.71,Steady middle - hold
C01407,2026-01-14,2024-06-11,20,46721.37,76,658,34.63157894736842,34.63157894736842,2.19,1,2,1,4,2336.07,Dormant low value - do not spend
C00532,2026-03-27,2024-09-08,19,46704.1,4,569,31.61111111111111,31.61111111111111,0.13,5,2,1,8,2458.11,New - convert to second purchase
C01486,2026-03-24,2024-04-20,17,46702.5,7,710,44.375,44.375,0.16,5,1,1,7,2747.21,New - convert to second purchase
C02464,2026-02-18,2024-08-30,14,46676.12,41,578,44.46153846153846,44.46153846153846,0.92,2,1,1,4,3334.01,Dormant low value - do not spend
C01812,2026-03-14,2024-08-10,15,46656.69,17,598,42.714285714285715,42.714285714285715,0.4,3,1,1,5,3110.45,Steady middle - hold
C01202,2026-01-24,2024-04-16,21,46626.99,66,714,35.7,35.7,1.85,1,3,1,5,2220.33,Dormant low value - do not spend
C00944,2026-03-12,2024-08-21,15,46616.66,19,587,41.92857142857143,41.92857142857143,0.45,3,1,1,5,3107.78,Steady middle - hold
C00779,2026-03-20,2024-04-28,22,46578.27,11,702,33.42857142857143,33.42857142857143,0.33,4,3,1,8,2117.19,Steady middle - hold
C01488,2026-03-30,2024-04-06,24,46564.17,1,724,31.47826086956522,31.47826086956522,0.03,5,4,1,10,1940.17,Steady middle - hold
C02571,2026-03-01,2024-06-23,14,46527.85,30,646,49.69230769230769,49.69230769230769,0.6,3,1,1,5,3323.42,Steady middle - hold
C02319,2026-03-08,2024-06-13,16,46470.25,23,656,43.733333333333334,43.733333333333334,0.53,3,1,1,5,2904.39,Steady middle - hold
C01325,2026-03-14,2024-04-18,20,46468.21,17,712,37.473684210526315,37.473684210526315,0.45,3,2,1,6,2323.41,Steady middle - hold
C00155,2026-03-07,2024-04-30,14,46462.79,24,700,53.84615384615385,53.84615384615385,0.45,3,1,1,5,3318.77,Steady middle - hold
C02523,2025-12-22,2024-04-01,21,46461.18,99,729,36.45,36.45,2.72,1,3,1,5,2212.44,Dormant low value - do not spend
C01796,2026-03-29,2024-04-20,19,46435.9,2,710,39.44444444444444,39.44444444444444,0.05,5,2,1,8,2443.99,New - convert to second purchase
C00837,2026-03-04,2024-07-05,23,46431.130000000005,27,634,28.818181818181817,28.818181818181817,0.94,3,4,1,8,2018.74,Steady middle - hold
C01035,2025-12-31,2024-06-26,18,46423.770000000004,90,643,37.8235294117647,37.8235294117647,2.38,1,2,1,4,2579.1,Dormant low value - do not spend
C00123,2026-01-04,2024-05-30,15,46396.61,86,670,47.857142857142854,47.857142857142854,1.8,1,1,1,3,3093.11,Dormant low value - do not spend
C00545,2026-01-27,2024-07-07,18,46363.33,63,632,37.1764705882353,37.1764705882353,1.69,1,2,1,4,2575.74,Dormant low value - do not spend
C01683,2026-03-02,2024-04-07,18,46333.5,29,723,42.529411764705884,42.529411764705884,0.68,3,2,1,6,2574.08,Steady middle - hold
C00798,2025-12-30,2024-04-13,18,46247.76,91,717,42.1764705882353,42.1764705882353,2.16,1,2,1,4,2569.32,Dormant low value - do not spend
C01110,2026-03-29,2024-05-13,23,46245.56,2,687,31.227272727272727,31.227272727272727,0.06,5,4,1,10,2010.68,Steady middle - hold
C02286,2026-01-20,2024-05-26,20,46216.24,70,674,35.473684210526315,35.473684210526315,1.97,1,3,1,5,2310.81,Dormant low value - do not spend
C01633,2026-01-03,2024-05-05,21,46188.54,87,695,34.75,34.75,2.5,1,3,1,5,2199.45,Dormant low value - do not spend
C00946,2025-10-26,2024-04-14,16,46176.57,156,716,47.733333333333334,47.733333333333334,3.27,1,1,1,3,2886.04,Dormant low value - do not spend
C02051,2026-02-08,2024-05-03,17,46166.21,51,697,43.5625,43.5625,1.17,2,1,1,4,2715.66,Dormant low value - do not spend
C00326,2026-02-06,2024-04-20,16,46161.6,53,710,47.333333333333336,47.333333333333336,1.12,2,1,1,4,2885.1,Dormant low value - do not spend
C00007,2026-03-28,2024-04-12,22,46125.59,3,718,34.19047619047619,34.19047619047619,0.09,5,3,1,9,2096.62,Steady middle - hold
C01614,2026-02-07,2024-04-07,22,46120.22,52,723,34.42857142857143,34.42857142857143,1.51,2,3,1,6,2096.37,Dormant low value - do not spend
C02438,2026-03-28,2024-05-12,18,46117.67,3,688,40.470588235294116,40.470588235294116,0.07,5,2,1,8,2562.09,New - convert to second purchase
C00774,2025-11-23,2024-05-29,22,46051.520000000004,128,671,31.952380952380953,31.952380952380953,4.01,1,3,1,5,2093.25,Dormant low value - do not spend
C01155,2026-03-29,2024-04-20,17,46023.15,2,710,44.375,44.375,0.05,5,1,1,7,2707.24,New - convert to second purchase
C02574,2026-03-13,2024-04-22,21,45999.729999999996,18,708,35.4,35.4,0.51,3,3,1,7,2190.46,Steady middle - hold
C00811,2026-03-20,2024-04-28,22,45995.43,11,702,33.42857142857143,33.42857142857143,0.33,4,3,1,8,2090.7,Steady middle - hold
C00304,2026-03-13,2024-09-20,20,45945.94,18,557,29.31578947368421,29.31578947368421,0.61,3,2,1,6,2297.3,Steady middle - hold
C00721,2026-02-28,2024-04-08,18,45939.19,31,722,42.470588235294116,42.470588235294116,0.73,2,2,1,5,2552.18,Dormant low value - do not spend
C01690,2025-10-29,2024-06-06,17,45835.42,153,663,41.4375,41.4375,3.69,1,1,1,3,2696.2,Dormant low value - do not spend
C02279,2025-11-26,2024-04-08,18,45801.94,125,722,42.470588235294116,42.470588235294116,2.94,1,2,1,4,2544.55,Dormant low value - do not spend
C00286,2026-01-21,2024-05-04,19,45735.96,69,696,38.666666666666664,38.666666666666664,1.78,1,2,1,4,2407.16,Dormant low value - do not spend
C01012,2026-03-12,2024-05-03,15,45705.29,19,697,49.785714285714285,49.785714285714285,0.38,3,1,1,5,3047.02,Steady middle - hold
C01979,2026-03-06,2024-06-23,21,45662.03,25,646,32.3,32.3,0.77,3,3,1,7,2174.38,Steady middle - hold
C01042,2026-03-03,2024-04-12,15,45617.74,28,718,51.285714285714285,51.285714285714285,0.55,3,1,1,5,3041.18,Steady middle - hold
C01172,2026-02-26,2024-04-13,21,45606.880000000005,33,717,35.85,35.85,0.92,2,3,1,6,2171.76,Dormant low value - do not spend
C00099,2026-01-16,2024-06-09,17,45582.45,74,660,41.25,41.25,1.79,1,1,1,3,2681.32,Dormant low value - do not spend
C02455,2026-03-19,2024-05-18,18,45570.57,12,682,40.11764705882353,40.11764705882353,0.3,4,2,1,7,2531.7,New - convert to second purchase
C01217,2026-01-18,2024-04-27,21,45565.54,72,703,35.15,35.15,2.05,1,3,1,5,2169.79,Dormant low value - do not spend
C01423,2026-03-31,2024-04-07,15,45528.78,0,723,51.642857142857146,51.642857142857146,0.0,5,1,1,7,3035.25,New - convert to second purchase
C02365,2026-02-28,2024-05-20,20,45412.38,31,680,35.78947368421053,35.78947368421053,0.87,3,3,1,7,2270.62,Steady middle - hold
C00342,2026-01-12,2024-04-14,18,45390.66,78,716,42.11764705882353,42.11764705882353,1.85,1,2,1,4,2521.7,Dormant low value - do not spend
C00463,2026-03-20,2024-04-02,20,45361.03,11,728,38.31578947368421,38.31578947368421,0.29,4,2,1,7,2268.05,New - convert to second purchase
C00464,2025-11-22,2024-05-20,16,45324.55,129,680,45.333333333333336,45.333333333333336,2.85,1,1,1,3,2832.78,Dormant low value - do not spend
C01221,2026-03-27,2024-04-06,22,45265.619999999995,4,724,34.476190476190474,34.476190476190474,0.12,5,3,1,9,2057.53,Steady middle - hold
C00770,2026-02-07,2024-04-05,21,45255.24,52,725,36.25,36.25,1.43,2,3,1,6,2155.01,Dormant low value - do not spend
C02258,2026-03-27,2024-04-18,22,45235.34,4,712,33.904761904761905,33.904761904761905,0.12,5,4,1,10,2056.15,Steady middle - hold
C00867,2026-03-14,2024-04-12,22,45216.18,17,718,34.19047619047619,34.19047619047619,0.5,3,3,1,7,2055.28,Steady middle - hold
C02462,2026-01-23,2024-04-28,21,45212.17,67,702,35.1,35.1,1.91,1,3,1,5,2152.96,Dormant low value - do not spend
C02515,2026-03-23,2024-04-20,23,45209.09,8,710,32.27272727272727,32.27272727272727,0.25,4,4,1,9,1965.61,Steady middle - hold
C01219,2025-11-28,2024-04-25,15,45142.520000000004,123,705,50.357142857142854,50.357142857142854,2.44,1,1,1,3,3009.5,Dormant low value - do not spend
C01948,2026-03-22,2024-06-04,16,45117.159999999996,9,665,44.333333333333336,44.333333333333336,0.2,4,1,1,6,2819.82,New - convert to second purchase
C00525,2026-02-13,2024-04-12,19,45113.64,46,718,39.888888888888886,39.888888888888886,1.15,2,2,1,5,2374.4,Dormant low value - do not spend
C00776,2026-02-27,2024-06-18,14,45064.83,32,651,50.07692307692308,50.07692307692308,0.64,2,1,1,4,3218.92,Dormant low value - do not spend
C01727,2026-02-28,2024-04-03,20,44927.58,31,727,38.26315789473684,38.26315789473684,0.81,3,3,1,7,2246.38,Steady middle - hold
C00997,2026-03-25,2024-06-02,21,44909.85,6,667,33.35,33.35,0.18,5,3,1,9,2138.56,Steady middle - hold
C01759,2026-01-23,2024-04-24,22,44873.229999999996,67,706,33.61904761904762,33.61904761904762,1.99,1,3,1,5,2039.69,Dormant low value - do not spend
C01119,2026-03-08,2024-04-12,21,44808.27,23,718,35.9,35.9,0.64,3,3,1,7,2133.73,Steady middle - hold
C00198,2026-03-15,2024-05-07,26,44723.27,16,693,27.72,27.72,0.58,4,5,1,10,1720.13,Steady middle - hold
C01935,2026-02-19,2024-04-30,17,44702.409999999996,40,700,43.75,43.75,0.91,2,1,1,4,2629.55,Dormant low value - do not spend
C01432,2026-03-14,2024-06-14,15,44663.19,17,655,46.785714285714285,46.785714285714285,0.36,3,1,1,5,2977.55,Steady middle - hold
C02550,2026-01-15,2024-05-21,15,44643.22,75,679,48.5,48.5,1.55,1,1,1,3,2976.21,Dormant low value - do not spend
C01858,2026-03-14,2024-05-10,14,44633.52,17,690,53.07692307692308,53.07692307692308,0.32,3,1,1,5,3188.11,Steady middle - hold
C01347,2026-02-16,2024-04-20,22,44588.82,43,710,33.80952380952381,33.80952380952381,1.27,2,3,1,6,2026.76,Dormant low value - do not spend
C02519,2026-03-01,2024-05-07,16,44587.86,30,693,46.2,46.2,0.65,3,1,1,5,2786.74,Steady middle - hold
C01144,2026-03-15,2024-04-04,16,44581.53,16,726,48.4,48.4,0.33,4,1,1,6,2786.35,New - convert to second purchase
C02452,2026-03-22,2024-06-22,20,44487.86,9,647,34.05263157894737,34.05263157894737,0.26,4,3,1,8,2224.39,Steady middle - hold
C01959,2026-03-21,2024-06-24,18,44445.130000000005,10,645,37.94117647058823,37.94117647058823,0.26,4,2,1,7,2469.17,New - convert to second purchase
C00973,2026-03-31,2024-04-05,21,44426.11,0,725,36.25,36.25,0.0,5,3,1,9,2115.53,Steady middle - hold
C00913,2026-03-30,2024-04-18,20,44422.93,1,712,37.473684210526315,37.473684210526315,0.03,5,2,1,8,2221.15,New - convert to second purchase
C01469,2026-03-08,2024-04-13,15,44392.58,23,717,51.214285714285715,51.214285714285715,0.45,3,1,1,5,2959.51,Steady middle - hold
C01015,2026-03-26,2024-04-17,17,44354.94,5,713,44.5625,44.5625,0.11,5,1,1,7,2609.11,New - convert to second purchase
C02170,2026-03-24,2024-05-14,21,44297.79,7,686,34.3,34.3,0.2,5,3,1,9,2109.42,Steady middle - hold
C02383,2026-01-10,2024-05-17,21,44281.22,80,683,34.15,34.15,2.34,1,3,1,5,2108.63,Dormant low value - do not spend
C02291,2026-01-29,2024-07-13,20,44275.340000000004,61,626,32.94736842105263,32.94736842105263,1.85,1,3,1,5,2213.77,Dormant low value - do not spend
C00275,2026-01-04,2024-04-05,16,44228.64,86,725,48.333333333333336,48.333333333333336,1.78,1,1,1,3,2764.29,Dormant low value - do not spend
C01825,2026-02-08,2024-08-24,14,44210.73,51,584,44.92307692307692,44.92307692307692,1.14,2,1,1,4,3157.91,Dormant low value - do not spend
C00970,2026-02-07,2024-05-04,16,44201.44,52,696,46.4,46.4,1.12,2,1,1,4,2762.59,Dormant low value - do not spend
C00130,2025-10-13,2024-06-30,12,44184.72,169,639,58.09090909090909,58.09090909090909,2.91,1,1,1,3,3682.06,Dormant low value - do not spend
C02068,2026-03-22,2024-06-06,17,44163.75,9,663,41.4375,41.4375,0.22,4,1,1,6,2597.87,New - convert to second purchase
C02352,2026-03-07,2024-06-16,17,44151.23,24,653,40.8125,40.8125,0.59,3,1,1,5,2597.13,Steady middle - hold
C01191,2026-03-15,2024-04-12,18,44143.34,16,718,42.23529411764706,42.23529411764706,0.38,4,2,1,7,2452.41,New - convert to second purchase
C00819,2025-11-29,2024-05-24,17,44143.020000000004,122,676,42.25,42.25,2.89,1,1,1,3,2596.65,Dormant low value - do not spend
C01807,2026-03-07,2024-05-03,22,44067.479999999996,24,697,33.19047619047619,33.19047619047619,0.72,3,3,1,7,2003.07,Steady middle - hold
C02505,2026-03-08,2024-04-17,22,44060.35,23,713,33.95238095238095,33.95238095238095,0.68,3,4,1,8,2002.74,Steady middle - hold
C00124,2026-03-24,2024-04-01,19,44052.93,7,729,40.5,40.5,0.17,4,2,1,7,2318.58,New - convert to second purchase
C00599,2026-02-22,2024-04-05,17,44039.57,37,725,45.3125,45.3125,0.82,2,1,1,4,2590.56,Dormant low value - do not spend
C01654,2026-02-28,2024-05-17,18,44020.840000000004,31,683,40.1764705882353,40.1764705882353,0.77,3,2,1,6,2445.6,Steady middle - hold
C00766,2026-01-21,2024-05-05,18,43947.76,69,695,40.88235294117647,40.88235294117647,1.69,1,2,1,4,2441.54,Dormant low value - do not spend
C01068,2026-03-26,2024-04-12,23,43922.14,5,718,32.63636363636363,32.63636363636363,0.15,5,4,1,10,1909.66,Steady middle - hold
C00042,2026-03-28,2024-04-09,21,43827.72,3,721,36.05,36.05,0.08,5,3,1,9,2087.03,Steady middle - hold
C01582,2026-03-20,2024-06-21,25,43825.1,11,648,27.0,27.0,0.41,4,4,1,9,1753.0,Steady middle - hold
C01722,2026-03-26,2024-04-06,19,43812.46,5,724,40.22222222222222,40.22222222222222,0.12,5,2,1,8,2305.92,New - convert to second purchase
C00787,2026-03-20,2024-06-15,18,43793.24,11,654,38.470588235294116,38.470588235294116,0.29,4,2,1,7,2432.96,New - convert to second purchase
C01800,2026-03-18,2024-04-02,18,43763.86,13,728,42.8235294117647,42.8235294117647,0.3,4,2,1,7,2431.33,New - convert to second purchase
C01511,2026-02-21,2024-04-10,19,43739.49,38,720,40.0,40.0,0.95,2,2,1,5,2302.08,Dormant low value - do not spend
C00451,2026-03-23,2024-04-05,17,43724.57,8,725,45.3125,45.3125,0.18,4,1,1,6,2572.03,New - convert to second purchase
C00271,2026-03-09,2024-05-20,19,43645.95,22,680,37.77777777777778,37.77777777777778,0.58,3,2,1,6,2297.16,Steady middle - hold
C02111,2026-03-19,2024-04-27,20,43645.46,12,703,37.0,37.0,0.32,4,3,1,8,2182.27,Steady middle - hold
C02597,2026-03-15,2024-05-27,19,43638.56,16,673,37.388888888888886,37.388888888888886,0.43,4,2,1,7,2296.77,New - convert to second purchase
C01165,2026-01-22,2024-05-02,22,43631.38,68,698,33.23809523809524,33.23809523809524,2.05,1,3,1,5,1983.24,Dormant low value - do not spend
C01713,2026-03-15,2024-06-07,21,43625.18,16,662,33.1,33.1,0.48,4,3,1,8,2077.39,Steady middle - hold
C02069,2026-03-25,2024-08-04,19,43598.62,6,604,33.55555555555556,33.55555555555556,0.18,5,2,1,8,2294.66,New - convert to second purchase
C00142,2026-01-24,2024-07-30,14,43587.25,66,609,46.84615384615385,46.84615384615385,1.41,1,1,1,3,3113.38,Dormant low value - do not spend
C00424,2026-03-22,2024-08-17,15,43500.41,9,591,42.214285714285715,42.214285714285715,0.21,4,1,1,6,2900.03,New - convert to second purchase
C00064,2026-02-13,2024-04-18,17,43462.81,46,712,44.5,44.5,1.03,2,1,1,4,2556.64,Dormant low value - do not spend
C00038,2026-03-14,2024-06-23,18,43455.28,17,646,38.0,38.0,0.45,3,1,1,5,2414.18,Steady middle - hold
C01450,2026-03-30,2024-08-03,13,43435.19,1,605,50.416666666666664,50.416666666666664,0.02,5,1,1,7,3341.17,New - convert to second purchase
C01241,2026-03-15,2024-04-12,18,43378.0,16,718,42.23529411764706,42.23529411764706,0.38,4,2,1,7,2409.89,New - convert to second purchase
C02497,2026-03-14,2024-04-02,20,43364.909999999996,17,728,38.31578947368421,38.31578947368421,0.44,4,3,1,8,2168.25,Steady middle - hold
C01381,2026-03-29,2024-04-07,17,43360.0,2,723,45.1875,45.1875,0.04,5,1,1,7,2550.59,New - convert to second purchase
C00756,2025-12-29,2024-04-13,13,43317.01,92,717,59.75,59.75,1.54,1,1,1,3,3332.08,Dormant low value - do not spend
C00411,2026-01-17,2024-04-17,19,43295.99,73,713,39.611111111111114,39.611111111111114,1.84,1,2,1,4,2278.74,Dormant low value - do not spend
C02413,2026-02-21,2024-04-18,15,43182.11,38,712,50.857142857142854,50.857142857142854,0.75,2,1,1,4,2878.81,Dormant low value - do not spend
C00915,2026-02-27,2024-09-22,14,43178.5,32,555,42.69230769230769,42.69230769230769,0.75,2,1,1,4,3084.18,Dormant low value - do not spend
C01385,2026-01-04,2024-05-05,10,43126.54,86,695,77.22222222222223,77.22222222222223,1.11,1,1,1,3,4312.65,Dormant low value - do not spend
C00069,2026-03-14,2024-10-13,13,42986.45,17,534,44.5,44.5,0.38,3,1,1,5,3306.65,Steady middle - hold
C00748,2025-11-24,2024-05-11,18,42984.62,127,689,40.529411764705884,40.529411764705884,3.13,1,2,1,4,2388.03,Dormant low value - do not spend
C01382,2026-03-27,2024-06-08,18,42973.3,4,661,38.88235294117647,38.88235294117647,0.1,5,2,1,8,2387.41,New - convert to second purchase
C01811,2026-03-24,2024-05-01,14,42955.16,7,699,53.76923076923077,53.76923076923077,0.13,5,1,1,7,3068.23,New - convert to second purchase
C01763,2026-03-08,2024-10-05,15,42907.81,23,542,38.714285714285715,38.714285714285715,0.59,3,1,1,5,2860.52,Steady middle - hold
C00300,2026-03-12,2024-09-19,14,42870.72,19,558,42.92307692307692,42.92307692307692,0.44,3,1,1,5,3062.19,Steady middle - hold
C00308,2026-03-06,2024-04-10,19,42852.76,25,720,40.0,40.0,0.62,3,2,1,6,2255.41,Steady middle - hold
C01559,2026-03-22,2024-06-14,19,42828.36,9,655,36.388888888888886,36.388888888888886,0.25,4,2,1,7,2254.12,New - convert to second purchase
C01013,2026-03-12,2024-04-17,23,42815.59,19,713,32.40909090909091,32.40909090909091,0.59,3,4,1,8,1861.55,Steady middle - hold
C01125,2026-02-28,2024-06-01,22,42792.01,31,668,31.80952380952381,31.80952380952381,0.97,2,3,1,6,1945.09,Dormant low value - do not spend
C02201,2026-01-17,2024-04-11,22,42750.41,73,719,34.23809523809524,34.23809523809524,2.13,1,4,1,6,1943.2,Loyal but slipping - reactivate
C00162,2026-03-13,2024-05-31,20,42749.92,18,669,35.21052631578947,35.21052631578947,0.51,3,2,1,6,2137.5,Steady middle - hold
C02598,2025-11-26,2024-04-04,21,42726.83,125,726,36.3,36.3,3.44,1,3,1,5,2034.61,Dormant low value - do not spend
C02174,2026-03-25,2024-05-26,21,42703.64,6,674,33.7,33.7,0.18,5,3,1,9,2033.51,Steady middle - hold
C00994,2026-02-22,2024-06-20,23,42684.66,37,649,29.5,29.5,1.25,2,4,1,7,1855.85,Loyal but slipping - reactivate
C01077,2026-03-06,2024-04-19,12,42540.29,25,711,64.63636363636364,64.63636363636364,0.39,3,1,1,5,3545.02,Steady middle - hold
C00738,2026-02-07,2024-06-02,17,42539.4,52,667,41.6875,41.6875,1.25,2,1,1,4,2502.32,Dormant low value - do not spend
C00034,2026-03-29,2024-06-17,22,42520.38,2,652,31.047619047619047,31.047619047619047,0.06,5,3,1,9,1932.74,Steady middle - hold
C00741,2026-01-31,2024-10-09,17,42508.85,59,538,33.625,33.625,1.75,1,1,1,3,2500.52,Dormant low value - do not spend
C00257,2026-02-12,2024-04-17,18,42385.06,47,713,41.94117647058823,41.94117647058823,1.12,2,1,1,4,2354.73,Dormant low value - do not spend
C02171,2026-03-22,2024-05-03,22,42358.09,9,697,33.19047619047619,33.19047619047619,0.27,4,4,1,9,1925.37,Steady middle - hold
C01878,2026-02-28,2024-05-25,21,42270.62,31,675,33.75,33.75,0.92,3,3,1,7,2012.89,Steady middle - hold
C02387,2026-01-21,2024-04-22,22,42222.88,69,708,33.714285714285715,33.714285714285715,2.05,1,4,1,6,1919.22,Loyal but slipping - reactivate
C02092,2026-01-10,2024-06-06,19,42214.61,80,663,36.833333333333336,36.833333333333336,2.17,1,2,1,4,2221.82,Dormant low value - do not spend
C00336,2026-03-31,2024-06-19,19,42166.93,0,650,36.111111111111114,36.111111111111114,0.0,5,2,1,8,2219.31,New - convert to second purchase
C01631,2026-02-05,2024-04-20,20,42142.9,54,710,37.36842105263158,37.36842105263158,1.45,2,2,1,5,2107.14,Dormant low value - do not spend
C01772,2025-11-29,2024-08-31,16,42067.52,122,577,38.46666666666667,38.46666666666667,3.17,1,1,1,3,2629.22,Dormant low value - do not spend
C02596,2026-02-16,2024-10-18,14,42013.57,43,529,40.69230769230769,40.69230769230769,1.06,2,1,1,4,3000.97,Dormant low value - do not spend
C01815,2026-03-24,2024-05-13,18,42005.0,7,687,40.411764705882355,40.411764705882355,0.17,5,2,1,8,2333.61,New - convert to second purchase
C00135,2026-03-06,2024-05-05,21,42002.81,25,695,34.75,34.75,0.72,3,3,1,7,2000.13,Steady middle - hold
C01116,2026-01-18,2024-05-06,20,41956.72,72,694,36.526315789473685,36.526315789473685,1.97,1,2,1,4,2097.84,Dormant low value - do not spend
C00296,2026-02-15,2024-07-24,16,41942.41,44,615,41.0,41.0,1.07,2,1,1,4,2621.4,Dormant low value - do not spend
C02152,2026-02-05,2024-04-19,15,41932.6,54,711,50.785714285714285,50.785714285714285,1.06,2,1,1,4,2795.51,Dormant low value - do not spend
C00035,2026-01-26,2024-05-09,15,41915.85,64,691,49.357142857142854,49.357142857142854,1.3,1,1,1,3,2794.39,Dormant low value - do not spend
C00206,2026-03-04,2024-05-11,15,41898.76,27,689,49.214285714285715,49.214285714285715,0.55,3,1,1,5,2793.25,Steady middle - hold
C02355,2026-03-16,2024-04-04,18,41880.979999999996,15,726,42.705882352941174,42.705882352941174,0.35,4,2,1,7,2326.72,New - convert to second purchase
C00333,2025-11-25,2024-06-19,21,41876.95,126,650,32.5,32.5,3.88,1,3,1,5,1994.14,Dormant low value - do not spend
C01911,2026-03-18,2024-07-30,12,41827.08,13,609,55.36363636363637,55.36363636363637,0.23,4,1,1,6,3485.59,New - convert to second purchase
C01824,2026-03-28,2024-04-06,22,41823.94,3,724,34.476190476190474,34.476190476190474,0.09,5,3,1,9,1901.09,Steady middle - hold
C02338,2026-03-11,2024-06-04,23,41823.61,20,665,30.227272727272727,30.227272727272727,0.66,3,4,1,8,1818.42,Steady middle - hold
C00904,2026-01-10,2024-06-30,13,41816.48,80,639,53.25,53.25,1.5,1,1,1,3,3216.65,Dormant low value - do not spend
C01378,2026-03-13,2024-05-11,19,41683.47,18,689,38.27777777777778,38.27777777777778,0.47,3,2,1,6,2193.87,Steady middle - hold
C02406,2026-02-26,2024-04-15,13,41675.81,33,715,59.583333333333336,59.583333333333336,0.55,2,1,1,4,3205.83,Dormant low value - do not spend
C00440,2026-02-13,2024-06-18,17,41656.46,46,651,40.6875,40.6875,1.13,2,1,1,4,2450.38,Dormant low value - do not spend
C00284,2026-02-21,2024-04-23,18,41635.71,38,707,41.588235294117645,41.588235294117645,0.91,2,1,1,4,2313.09,Dormant low value - do not spend
C00051,2026-02-28,2024-04-13,22,41632.14,31,717,34.142857142857146,34.142857142857146,0.91,2,3,1,6,1892.37,Dormant low value - do not spend
C01737,2026-03-28,2024-04-12,15,41601.51,3,718,51.285714285714285,51.285714285714285,0.06,5,1,1,7,2773.43,New - convert to second purchase
C01435,2026-01-25,2024-10-14,20,41598.31,65,533,28.05263157894737,28.05263157894737,2.32,1,2,1,4,2079.92,Dormant low value - do not spend
C01159,2025-12-17,2024-08-13,21,41574.27,104,595,29.75,29.75,3.5,1,3,1,5,1979.73,Dormant low value - do not spend
C01392,2026-03-07,2024-04-13,21,41550.58,24,717,35.85,35.85,0.67,3,3,1,7,1978.6,Steady middle - hold
C02138,2026-02-21,2024-10-04,16,41544.14,38,543,36.2,36.2,1.05,2,1,1,4,2596.51,Dormant low value - do not spend
C02007,2026-02-12,2024-05-23,18,41533.75,47,677,39.8235294117647,39.8235294117647,1.18,2,2,1,5,2307.43,Dormant low value - do not spend
C00378,2026-03-02,2024-04-05,18,41486.44,29,725,42.64705882352941,42.64705882352941,0.68,3,2,1,6,2304.8,Steady middle - hold
C02122,2026-02-15,2024-05-04,16,41477.479999999996,44,696,46.4,46.4,0.95,2,1,1,4,2592.34,Dormant low value - do not spend
C00733,2026-03-03,2024-04-22,20,41475.97,28,708,37.26315789473684,37.26315789473684,0.75,3,2,1,6,2073.8,Steady middle - hold
C01307,2026-03-08,2024-04-01,23,41468.34,23,729,33.13636363636363,33.13636363636363,0.69,3,4,1,8,1802.97,Steady middle - hold
C00516,2026-03-01,2024-04-14,19,41396.229999999996,30,716,39.77777777777778,39.77777777777778,0.75,3,2,1,6,2178.75,Steady middle - hold
C01170,2026-03-29,2024-10-25,18,41234.5,2,522,30.705882352941178,30.705882352941178,0.07,5,2,1,8,2290.81,New - convert to second purchase
C01988,2025-12-25,2024-05-19,18,41163.09,96,681,40.05882352941177,40.05882352941177,2.4,1,2,1,4,2286.84,Dormant low value - do not spend
C01833,2026-01-31,2024-06-24,21,41063.08,59,645,32.25,32.25,1.83,1,3,1,5,1955.38,Dormant low value - do not spend
C01161,2026-03-28,2024-05-17,15,41024.86,3,683,48.785714285714285,48.785714285714285,0.06,5,1,1,7,2734.99,New - convert to second purchase
C00959,2026-03-15,2024-07-20,18,40945.24,16,619,36.411764705882355,36.411764705882355,0.44,4,2,1,7,2274.74,New - convert to second purchase
C01771,2026-01-06,2024-05-02,20,40940.36,84,698,36.73684210526316,36.73684210526316,2.29,1,3,1,5,2047.02,Dormant low value - do not spend
C01335,2026-03-29,2024-04-16,14,40916.22,2,714,54.92307692307692,54.92307692307692,0.04,5,1,1,7,2922.59,New - convert to second purchase
C01418,2026-03-06,2024-04-20,15,40900.53,25,710,50.714285714285715,50.714285714285715,0.49,3,1,1,5,2726.7,Steady middle - hold
C02468,2026-01-24,2024-05-13,16,40851.19,66,687,45.8,45.8,1.44,1,1,1,3,2553.2,Dormant low value - do not spend
C01738,2026-03-15,2024-05-10,15,40840.13,16,690,49.285714285714285,49.285714285714285,0.32,4,1,1,6,2722.68,New - convert to second purchase
C01258,2025-12-11,2024-05-26,16,40812.11,110,674,44.93333333333333,44.93333333333333,2.45,1,1,1,3,2550.76,Dormant low value - do not spend
C00154,2026-01-28,2024-09-16,16,40764.44,62,561,37.4,37.4,1.66,1,1,1,3,2547.78,Dormant low value - do not spend
C00209,2026-01-20,2024-04-14,15,40742.22,70,716,51.142857142857146,51.142857142857146,1.37,1,1,1,3,2716.15,Dormant low value - do not spend
C00873,2026-03-23,2024-05-22,19,40693.659999999996,8,678,37.666666666666664,37.666666666666664,0.21,4,2,1,7,2141.77,New - convert to second purchase
C02307,2026-03-22,2024-04-13,18,40684.79,9,717,42.1764705882353,42.1764705882353,0.21,4,2,1,7,2260.27,New - convert to second purchase
C02160,2026-03-24,2024-05-10,19,40629.5,7,690,38.333333333333336,38.333333333333336,0.18,5,2,1,8,2138.39,New - convert to second purchase
C00689,2025-12-13,2024-04-13,15,40605.23,108,717,51.214285714285715,51.214285714285715,2.11,1,1,1,3,2707.02,Dormant low value - do not spend
C00595,2025-12-26,2024-05-13,13,40549.0,95,687,57.25,57.25,1.66,1,1,1,3,3119.15,Dormant low value - do not spend
C01961,2026-03-20,2024-04-04,23,40459.659999999996,11,726,33.0,33.0,0.33,4,4,1,9,1759.12,Steady middle - hold
C00182,2026-03-06,2024-05-18,20,40409.06,25,682,35.89473684210526,35.89473684210526,0.7,3,2,1,6,2020.45,Steady middle - hold
C01360,2026-03-03,2024-04-28,17,40340.61,28,702,43.875,43.875,0.64,3,1,1,5,2372.98,Steady middle - hold
C01413,2026-03-22,2024-05-12,18,40325.85,9,688,40.470588235294116,40.470588235294116,0.22,4,2,1,7,2240.32,New - convert to second purchase
C01537,2026-01-31,2024-04-25,14,40319.7,59,705,54.23076923076923,54.23076923076923,1.09,1,1,1,3,2879.98,Dormant low value - do not spend
C00531,2026-03-21,2024-04-01,16,40273.46,10,729,48.6,48.6,0.21,4,1,1,6,2517.09,New - convert to second purchase
C02539,2026-03-02,2024-04-13,25,40177.38,29,717,29.875,29.875,0.97,3,5,1,9,1607.1,Steady middle - hold
C00650,2025-12-13,2024-04-06,24,40147.78,108,724,31.47826086956522,31.47826086956522,3.43,1,4,1,6,1672.82,Loyal but slipping - reactivate
C01399,2025-12-14,2024-04-26,18,40143.81,107,704,41.411764705882355,41.411764705882355,2.58,1,2,1,4,2230.21,Dormant low value - do not spend
C01719,2026-02-22,2024-05-03,20,40119.93,37,697,36.68421052631579,36.68421052631579,1.01,2,3,1,6,2006.0,Dormant low value - do not spend
C01243,2026-03-12,2024-07-20,23,40106.42,19,619,28.136363636363637,28.136363636363637,0.68,3,4,1,8,1743.76,Steady middle - hold
C00070,2026-03-14,2024-10-03,20,40005.66,17,544,28.63157894736842,28.63157894736842,0.59,3,2,1,6,2000.28,Steady middle - hold
C02321,2026-03-25,2024-04-14,20,39991.08,6,716,37.68421052631579,37.68421052631579,0.16,5,3,1,9,1999.55,Steady middle - hold
C01504,2026-02-14,2024-08-15,18,39972.17,45,593,34.88235294117647,34.88235294117647,1.29,2,2,1,5,2220.68,Dormant low value - do not spend
C00840,2026-03-10,2024-08-11,16,39960.57,21,597,39.8,39.8,0.53,3,1,1,5,2497.54,Steady middle - hold
C01301,2026-01-19,2024-04-14,16,39956.11,71,716,47.733333333333334,47.733333333333334,1.49,1,1,1,3,2497.26,Dormant low value - do not spend
C00425,2026-03-15,2024-04-14,22,39888.65,16,716,34.095238095238095,34.095238095238095,0.47,4,3,1,8,1813.12,Steady middle - hold
C01034,2026-02-03,2024-04-27,18,39875.79,56,703,41.35294117647059,41.35294117647059,1.35,2,2,1,5,2215.32,Dormant low value - do not spend
C00473,2025-11-09,2024-04-29,17,39847.72,142,701,43.8125,43.8125,3.24,1,1,1,3,2343.98,Dormant low value - do not spend
C02199,2025-12-17,2024-05-13,15,39834.75,104,687,49.07142857142857,49.07142857142857,2.12,1,1,1,3,2655.65,Dormant low value - do not spend
C01218,2026-01-13,2024-04-19,19,39737.26,77,711,39.5,39.5,1.95,1,2,1,4,2091.43,Dormant low value - do not spend
C01864,2026-02-09,2024-04-09,18,39613.340000000004,50,721,42.411764705882355,42.411764705882355,1.18,2,2,1,5,2200.74,Dormant low value - do not spend
C00801,2025-12-13,2024-04-01,19,39527.98,108,729,40.5,40.5,2.67,1,2,1,4,2080.42,Dormant low value - do not spend
C00427,2026-03-26,2024-05-08,17,39521.51,5,692,43.25,43.25,0.12,5,1,1,7,2324.79,New - convert to second purchase
C01135,2026-02-21,2024-10-18,13,39503.5,38,529,44.083333333333336,44.083333333333336,0.86,2,1,1,4,3038.73,Dormant low value - do not spend
C00334,2026-03-29,2024-05-25,15,39494.93,2,675,48.214285714285715,48.214285714285715,0.04,5,1,1,7,2633.0,New - convert to second purchase
C00633,2025-11-09,2024-04-21,19,39437.18,142,709,39.388888888888886,39.388888888888886,3.61,1,2,1,4,2075.64,Dormant low value - do not spend
C01916,2025-12-02,2024-06-13,17,39389.54,119,656,41.0,41.0,2.9,1,1,1,3,2317.03,Dormant low value - do not spend
C00180,2026-03-01,2024-04-27,22,39334.27,30,703,33.476190476190474,33.476190476190474,0.9,3,3,1,7,1787.92,Steady middle - hold
C00785,2026-03-14,2024-04-06,13,39321.82,17,724,60.333333333333336,60.333333333333336,0.28,3,1,1,5,3024.76,Steady middle - hold
C00261,2026-03-01,2024-04-07,18,39316.85,30,723,42.529411764705884,42.529411764705884,0.71,3,1,1,5,2184.27,Steady middle - hold
C02513,2026-02-14,2024-04-13,18,39310.92,45,717,42.1764705882353,42.1764705882353,1.07,2,2,1,5,2183.94,Dormant low value - do not spend
C01444,2026-03-20,2024-05-27,18,39285.67,11,673,39.588235294117645,39.588235294117645,0.28,4,2,1,7,2182.54,New - convert to second purchase
C00979,2026-01-02,2024-04-20,14,39153.97,88,710,54.61538461538461,54.61538461538461,1.61,1,1,1,3,2796.71,Dormant low value - do not spend
C00769,2026-02-18,2024-09-04,14,39125.76,41,573,44.07692307692308,44.07692307692308,0.93,2,1,1,4,2794.7,Dormant low value - do not spend
C00352,2026-03-17,2024-07-02,21,39095.590000000004,14,637,31.85,31.85,0.44,4,3,1,8,1861.69,Steady middle - hold
C01446,2026-03-08,2024-06-16,18,39093.42,23,653,38.411764705882355,38.411764705882355,0.6,3,2,1,6,2171.86,Steady middle - hold
C02109,2026-01-31,2024-04-03,17,39084.479999999996,59,727,45.4375,45.4375,1.3,1,1,1,3,2299.09,Dormant low value - do not spend
C01031,2026-03-19,2024-04-29,17,39006.5,12,701,43.8125,43.8125,0.27,4,1,1,6,2294.5,New - convert to second purchase
C00232,2026-03-17,2024-04-24,19,38862.24,14,706,39.22222222222222,39.22222222222222,0.36,4,2,1,7,2045.38,New - convert to second purchase
C01426,2026-03-23,2024-04-19,17,38795.1,8,711,44.4375,44.4375,0.18,4,1,1,6,2282.06,New - convert to second purchase
C02516,2026-02-12,2024-05-19,27,38766.11,47,681,26.192307692307693,26.192307692307693,1.79,2,5,1,8,1435.78,Loyal but slipping - reactivate
C01333,2026-02-11,2024-06-01,14,38691.24,48,668,51.38461538461539,51.38461538461539,0.93,2,1,1,4,2763.66,Dormant low value - do not spend
C00358,2026-03-30,2024-04-13,15,38631.47,1,717,51.214285714285715,51.214285714285715,0.02,5,1,1,7,2575.43,New - convert to second purchase
C00883,2026-01-31,2024-04-13,20,38601.78,59,717,37.73684210526316,37.73684210526316,1.56,1,2,1,4,1930.09,Dormant low value - do not spend
C00971,2025-11-23,2024-04-04,15,38532.32,128,726,51.857142857142854,51.857142857142854,2.47,1,1,1,3,2568.82,Dormant low value - do not spend
C01725,2026-02-12,2024-10-07,13,38505.78,47,540,45.0,45.0,1.04,2,1,1,4,2961.98,Dormant low value - do not spend
C02248,2026-03-14,2024-04-30,19,38485.46,17,700,38.888888888888886,38.888888888888886,0.44,4,2,1,7,2025.55,New - convert to second purchase
C02231,2026-02-28,2024-04-17,16,38467.590000000004,31,713,47.53333333333333,47.53333333333333,0.65,3,1,1,5,2404.22,Steady middle - hold
C01656,2026-03-06,2024-04-03,19,38415.67,25,727,40.388888888888886,40.388888888888886,0.62,3,2,1,6,2021.88,Steady middle - hold
C02066,2026-03-22,2024-06-22,21,38401.62,9,647,32.35,32.35,0.28,4,3,1,8,1828.65,Steady middle - hold
C00987,2026-03-15,2024-07-30,15,38374.45,16,609,43.5,43.5,0.37,4,1,1,6,2558.3,New - convert to second purchase
C00331,2026-03-01,2024-07-21,19,38372.36,30,618,34.333333333333336,34.333333333333336,0.87,3,2,1,6,2019.6,Steady middle - hold
C01552,2026-03-13,2024-04-07,15,38368.49,18,723,51.642857142857146,51.642857142857146,0.35,3,1,1,5,2557.9,Steady middle - hold
C00477,2026-03-03,2024-07-05,16,38365.24,28,634,42.266666666666666,42.266666666666666,0.66,3,1,1,5,2397.83,Steady middle - hold
C02032,2026-03-29,2024-05-13,22,38315.27,2,687,32.714285714285715,32.714285714285715,0.06,5,4,1,10,1741.6,Steady middle - hold
C00678,2026-03-14,2024-04-22,23,38131.88,17,708,32.18181818181818,32.18181818181818,0.53,3,4,1,8,1657.91,Steady middle - hold
C00947,2026-03-06,2024-04-14,20,37988.7,25,716,37.68421052631579,37.68421052631579,0.66,3,2,1,6,1899.44,Steady middle - hold
C00825,2026-02-21,2024-05-11,13,37825.92,38,689,57.416666666666664,57.416666666666664,0.66,2,1,1,4,2909.69,Dormant low value - do not spend
C00202,2026-03-16,2024-05-02,17,37792.78,15,698,43.625,43.625,0.34,4,1,1,6,2223.1,New - convert to second purchase
C01052,2026-03-14,2024-06-27,19,37742.03,17,642,35.666666666666664,35.666666666666664,0.48,3,2,1,6,1986.42,Steady middle - hold
C00409,2026-03-06,2024-05-10,18,37715.38,25,690,40.588235294117645,40.588235294117645,0.62,3,2,1,6,2095.3,Steady middle - hold
C02403,2026-03-15,2024-08-31,16,37695.950000000004,16,577,38.46666666666667,38.46666666666667,0.42,4,1,1,6,2356.0,New - convert to second purchase
C01408,2026-03-30,2024-08-30,18,37644.69,1,578,34.0,34.0,0.03,5,2,1,8,2091.37,New - convert to second purchase
C00780,2026-02-20,2024-04-28,14,37531.92,39,702,54.0,54.0,0.72,2,1,1,4,2680.85,Dormant low value - do not spend
C01016,2026-01-28,2024-04-18,21,37498.19,62,712,35.6,35.6,1.74,1,3,1,5,1785.63,Dormant low value - do not spend
C01597,2026-03-16,2024-04-11,17,37440.71,15,719,44.9375,44.9375,0.33,4,1,1,6,2202.39,New - convert to second purchase
C02537,2025-12-12,2024-05-29,14,37417.299999999996,109,671,51.61538461538461,51.61538461538461,2.11,1,1,1,3,2672.66,Dormant low value - do not spend
C00628,2026-01-28,2024-04-20,18,37375.96,62,710,41.76470588235294,41.76470588235294,1.48,1,2,1,4,2076.44,Dormant low value - do not spend
C01303,2026-01-06,2024-05-05,19,37362.87,84,695,38.611111111111114,38.611111111111114,2.18,1,2,1,4,1966.47,Dormant low value - do not spend
C00108,2026-03-23,2024-05-23,14,37351.270000000004,8,677,52.07692307692308,52.07692307692308,0.15,4,1,1,6,2667.95,New - convert to second purchase
C00611,2026-02-12,2024-04-20,19,37255.07,47,710,39.44444444444444,39.44444444444444,1.19,2,2,1,5,1960.79,Dormant low value - do not spend
C01238,2026-03-18,2024-05-13,18,37206.49,13,687,40.411764705882355,40.411764705882355,0.32,4,2,1,7,2067.03,New - convert to second purchase
C00978,2026-01-31,2024-04-26,14,37104.53,59,704,54.15384615384615,54.15384615384615,1.09,1,1,1,3,2650.32,Dormant low value - do not spend
C01456,2026-03-17,2024-04-12,17,37048.1,14,718,44.875,44.875,0.31,4,1,1,6,2179.3,New - convert to second purchase
C00280,2026-02-13,2024-04-11,20,37024.74,46,719,37.8421052631579,37.8421052631579,1.22,2,2,1,5,1851.24,Dormant low value - do not spend
C01548,2026-01-22,2024-08-29,11,36954.49,68,579,57.9,57.9,1.17,1,1,1,3,3359.5,Dormant low value - do not spend
C02583,2026-02-24,2024-04-07,19,36899.77,35,723,40.166666666666664,40.166666666666664,0.87,2,2,1,5,1942.09,Dormant low value - do not spend
C00191,2026-03-06,2024-04-01,17,36791.25,25,729,45.5625,45.5625,0.55,3,1,1,5,2164.19,Steady middle - hold
C01497,2026-03-30,2024-04-24,15,36644.78,1,706,50.42857142857143,50.42857142857143,0.02,5,1,1,7,2442.99,New - convert to second purchase
C00744,2026-01-13,2024-04-07,19,36560.76,77,723,40.166666666666664,40.166666666666664,1.92,1,2,1,4,1924.25,Dormant low value - do not spend
C01677,2026-03-08,2024-04-20,20,36445.04,23,710,37.36842105263158,37.36842105263158,0.62,3,3,1,7,1822.25,Steady middle - hold
C00694,2026-03-29,2024-06-13,14,36423.4,2,656,50.46153846153846,50.46153846153846,0.04,5,1,1,7,2601.67,New - convert to second purchase
C00845,2026-03-15,2024-05-02,15,36411.07,16,698,49.857142857142854,49.857142857142854,0.32,4,1,1,6,2427.4,New - convert to second purchase
C02233,2026-01-15,2024-06-09,15,36387.13,75,660,47.142857142857146,47.142857142857146,1.59,1,1,1,3,2425.81,Dormant low value - do not spend
C00614,2025-12-17,2024-06-29,19,36129.11,104,640,35.55555555555556,35.55555555555556,2.92,1,2,1,4,1901.53,Dormant low value - do not spend
C01866,2026-02-19,2024-04-04,18,36129.02,40,726,42.705882352941174,42.705882352941174,0.94,2,2,1,5,2007.17,Dormant low value - do not spend
C00696,2026-02-24,2024-06-17,11,36117.11,35,652,65.2,65.2,0.54,2,1,1,4,3283.37,Dormant low value - do not spend
C01579,2026-03-07,2024-05-06,20,36113.72,24,694,36.526315789473685,36.526315789473685,0.66,3,2,1,6,1805.69,Steady middle - hold
C00509,2026-03-31,2024-04-05,18,36034.13,0,725,42.64705882352941,42.64705882352941,0.0,5,2,1,8,2001.9,New - convert to second purchase
C00431,2026-03-25,2024-05-19,16,35989.23,6,681,45.4,45.4,0.13,5,1,1,7,2249.33,New - convert to second purchase
C02400,2026-02-26,2024-04-04,22,35957.56,33,726,34.57142857142857,34.57142857142857,0.95,2,4,1,7,1634.43,Loyal but slipping - reactivate
C00242,2026-03-04,2024-04-06,15,35948.37,27,724,51.714285714285715,51.714285714285715,0.52,3,1,1,5,2396.56,Steady middle - hold
C02037,2026-01-09,2024-04-02,16,35920.54,81,728,48.53333333333333,48.53333333333333,1.67,1,1,1,3,2245.03,Dormant low value - do not spend
C02573,2026-02-20,2024-04-28,13,35859.46,39,702,58.5,58.5,0.67,2,1,1,4,2758.42,Dormant low value - do not spend
C00793,2026-02-23,2024-05-14,17,35713.729999999996,36,686,42.875,42.875,0.84,2,1,1,4,2100.81,Dormant low value - do not spend
C01840,2026-03-26,2024-04-19,16,35712.32,5,711,47.4,47.4,0.11,5,1,1,7,2232.02,New - convert to second purchase
C01680,2026-03-08,2024-04-15,18,35647.32,23,715,42.05882352941177,42.05882352941177,0.55,3,2,1,6,1980.41,Steady middle - hold
C01671,2026-03-07,2024-05-17,17,35608.57,24,683,42.6875,42.6875,0.56,3,1,1,5,2094.62,Steady middle - hold
C02117,2026-01-18,2024-06-07,21,35567.77,72,662,33.1,33.1,2.18,1,3,1,5,1693.7,Dormant low value - do not spend
C01251,2026-02-18,2024-04-27,17,35555.99,41,703,43.9375,43.9375,0.93,2,1,1,4,2091.53,Dormant low value - do not spend
C01944,2025-12-12,2024-05-09,17,35541.759999999995,109,691,43.1875,43.1875,2.52,1,1,1,3,2090.69,Dormant low value - do not spend
C00004,2026-03-12,2024-05-11,15,35415.27,19,689,49.214285714285715,49.214285714285715,0.39,3,1,1,5,2361.02,Steady middle - hold
C00360,2026-03-20,2024-04-20,23,35414.27,11,710,32.27272727272727,32.27272727272727,0.34,4,4,1,9,1539.75,Steady middle - hold
C00732,2026-01-10,2024-06-05,17,35358.4,80,664,41.5,41.5,1.93,1,1,1,3,2079.91,Dormant low value - do not spend
C00262,2026-03-21,2024-04-19,16,35317.81,10,711,47.4,47.4,0.21,4,1,1,6,2207.36,New - convert to second purchase
C00966,2026-03-21,2024-05-27,21,35206.13,10,673,33.65,33.65,0.3,4,3,1,8,1676.48,Steady middle - hold
C02592,2025-12-12,2024-07-29,17,35171.4,109,610,38.125,38.125,2.86,1,1,1,3,2068.91,Dormant low value - do not spend
C00851,2026-03-12,2024-04-26,18,35108.13,19,704,41.411764705882355,41.411764705882355,0.46,3,2,1,6,1950.45,Steady middle - hold
C01810,2026-01-30,2024-04-06,14,35026.94,60,724,55.69230769230769,55.69230769230769,1.08,1,1,1,3,2501.92,Dormant low value - do not spend
C02594,2026-03-29,2024-05-05,15,34944.3,2,695,49.642857142857146,49.642857142857146,0.04,5,1,1,7,2329.62,New - convert to second purchase
C01425,2026-01-11,2024-05-11,17,34915.05,79,689,43.0625,43.0625,1.83,1,1,1,3,2053.83,Dormant low value - do not spend
C00723,2026-02-17,2024-04-13,18,34869.14,42,717,42.1764705882353,42.1764705882353,1.0,2,2,1,5,1937.17,Dormant low value - do not spend
C00478,2026-03-29,2024-05-19,15,34833.17,2,681,48.642857142857146,48.642857142857146,0.04,5,1,1,7,2322.21,New - convert to second purchase
C01236,2026-03-13,2024-04-16,16,34824.42,18,714,47.6,47.6,0.38,3,1,1,5,2176.53,Steady middle - hold
C02333,2026-03-25,2024-06-02,17,34755.87,6,667,41.6875,41.6875,0.14,5,1,1,7,2044.46,New - convert to second purchase
C00530,2026-03-27,2024-05-03,14,34740.69,4,697,53.61538461538461,53.61538461538461,0.07,5,1,1,7,2481.48,New - convert to second purchase
C00200,2026-01-17,2024-04-20,14,34713.68,73,710,54.61538461538461,54.61538461538461,1.34,1,1,1,3,2479.55,Dormant low value - do not spend
C00588,2026-02-20,2024-04-30,16,34699.98,39,700,46.666666666666664,46.666666666666664,0.84,2,1,1,4,2168.75,Dormant low value - do not spend
C02166,2026-02-16,2024-09-17,15,34650.4,43,560,40.0,40.0,1.08,2,1,1,4,2310.03,Dormant low value - do not spend
C01220,2026-03-16,2024-04-12,21,34612.24,15,718,35.9,35.9,0.42,4,3,1,8,1648.2,Steady middle - hold
C00012,2026-02-18,2024-10-13,11,34606.38,41,534,53.4,53.4,0.77,2,1,1,4,3146.03,Dormant low value - do not spend
C01318,2026-03-18,2024-04-08,16,34602.43,13,722,48.13333333333333,48.13333333333333,0.27,4,1,1,6,2162.65,New - convert to second purchase
C02177,2026-02-13,2024-07-16,16,34524.77,46,623,41.53333333333333,41.53333333333333,1.11,2,1,1,4,2157.8,Dormant low value - do not spend
C01402,2026-02-16,2024-04-05,18,34478.62,43,725,42.64705882352941,42.64705882352941,1.01,2,2,1,5,1915.48,Dormant low value - do not spend
C02358,2026-02-27,2024-05-30,17,34375.15,32,670,41.875,41.875,0.76,2,1,1,4,2022.07,Dormant low value - do not spend
C00755,2026-03-03,2024-10-09,13,34342.08,28,538,44.833333333333336,44.833333333333336,0.62,3,1,1,5,2641.7,Steady middle - hold
C02341,2026-02-07,2024-05-08,13,33998.61,52,692,57.666666666666664,57.666666666666664,0.9,2,1,1,4,2615.28,Dormant low value - do not spend
C02113,2026-02-28,2024-09-16,16,33944.06,31,561,37.4,37.4,0.83,3,1,1,5,2121.5,Steady middle - hold
C01835,2025-11-28,2024-04-19,18,33921.05,123,711,41.8235294117647,41.8235294117647,2.94,1,2,1,4,1884.5,Dormant low value - do not spend
C00894,2026-02-27,2024-04-10,16,33919.0,32,720,48.0,48.0,0.67,2,1,1,4,2119.94,Dormant low value - do not spend
C00854,2026-03-22,2024-04-17,15,33894.03,9,713,50.92857142857143,50.92857142857143,0.18,4,1,1,6,2259.6,New - convert to second purchase
C02524,2026-03-28,2024-04-06,21,33687.13,3,724,36.2,36.2,0.08,5,3,1,9,1604.15,Steady middle - hold
C01514,2026-03-25,2024-09-02,14,33656.44,6,575,44.23076923076923,44.23076923076923,0.14,5,1,1,7,2404.03,New - convert to second purchase
C00613,2026-03-26,2024-05-04,19,33471.3,5,696,38.666666666666664,38.666666666666664,0.13,5,2,1,8,1761.65,New - convert to second purchase
C00173,2026-03-24,2024-09-11,14,33453.9,7,566,43.53846153846154,43.53846153846154,0.16,4,1,1,6,2389.56,New - convert to second purchase
C00126,2026-03-29,2024-04-21,16,33364.88,2,709,47.266666666666666,47.266666666666666,0.04,5,1,1,7,2085.3,New - convert to second purchase
C00169,2026-01-16,2024-05-11,20,33229.15,74,689,36.26315789473684,36.26315789473684,2.04,1,2,1,4,1661.46,Dormant low value - do not spend
C02518,2026-01-31,2024-06-11,16,33192.23,59,658,43.86666666666667,43.86666666666667,1.34,1,1,1,3,2074.51,Dormant low value - do not spend
C00491,2026-01-29,2024-04-10,14,33179.28,61,720,55.38461538461539,55.38461538461539,1.1,1,1,1,3,2369.95,Dormant low value - do not spend
C01604,2026-03-30,2024-05-17,17,33171.26,1,683,42.6875,42.6875,0.02,5,1,1,7,1951.25,New - convert to second purchase
C02564,2026-03-14,2024-06-28,16,33123.56,17,641,42.733333333333334,42.733333333333334,0.4,4,1,1,6,2070.22,New - convert to second purchase
C01057,2026-03-27,2024-05-25,16,32984.36,4,675,45.0,45.0,0.09,5,1,1,7,2061.52,New - convert to second purchase
C02444,2026-03-06,2024-04-01,19,32868.74,25,729,40.5,40.5,0.62,3,2,1,6,1729.93,Steady middle - hold
C02385,2026-03-15,2024-04-14,19,32785.15,16,716,39.77777777777778,39.77777777777778,0.4,4,2,1,7,1725.53,New - convert to second purchase
C02493,2026-03-30,2024-04-06,16,32746.73,1,724,48.266666666666666,48.266666666666666,0.02,5,1,1,7,2046.67,New - convert to second purchase
C02003,2026-03-28,2024-05-05,12,32679.42,3,695,63.18181818181818,63.18181818181818,0.05,5,1,1,7,2723.28,New - convert to second purchase
C01196,2026-03-17,2024-04-24,19,32674.69,14,706,39.22222222222222,39.22222222222222,0.36,4,2,1,7,1719.72,New - convert to second purchase
C01522,2026-03-21,2024-04-05,19,32524.07,10,725,40.27777777777778,40.27777777777778,0.25,4,2,1,7,1711.79,New - convert to second purchase
C01314,2026-03-16,2024-05-17,22,32446.77,15,683,32.523809523809526,32.523809523809526,0.46,4,3,1,8,1474.85,Steady middle - hold
C01108,2025-11-29,2024-04-15,15,32406.34,122,715,51.07142857142857,51.07142857142857,2.39,1,1,1,3,2160.42,Dormant low value - do not spend
C01629,2026-02-22,2024-08-26,12,32338.859999999997,37,582,52.90909090909091,52.90909090909091,0.7,2,1,1,4,2694.9,Dormant low value - do not spend
C01147,2026-02-10,2024-04-17,13,32330.9,49,713,59.416666666666664,59.416666666666664,0.82,2,1,1,4,2486.99,Dormant low value - do not spend
C00340,2026-03-27,2024-05-31,17,32307.77,4,669,41.8125,41.8125,0.1,5,1,1,7,1900.46,New - convert to second purchase
C00511,2026-03-14,2024-04-10,17,32239.75,17,720,45.0,45.0,0.38,3,1,1,5,1896.46,Steady middle - hold
C01844,2026-01-31,2024-04-06,19,32212.37,59,724,40.22222222222222,40.22222222222222,1.47,1,2,1,4,1695.39,Dormant low value - do not spend
C00842,2026-03-26,2024-10-24,17,32131.65,5,523,32.6875,32.6875,0.15,5,1,1,7,1890.1,New - convert to second purchase
C02187,2026-02-06,2024-09-24,16,32102.809999999998,53,553,36.86666666666667,36.86666666666667,1.44,2,1,1,4,2006.43,Dormant low value - do not spend
C01300,2026-03-26,2024-08-25,18,32088.149999999998,5,583,34.294117647058826,34.294117647058826,0.15,5,2,1,8,1782.68,New - convert to second purchase
C01726,2026-03-04,2024-05-10,9,31757.489999999998,27,690,86.25,86.25,0.31,3,1,1,5,3528.61,Steady middle - hold
C00023,2026-03-27,2024-05-10,15,31517.14,4,690,49.285714285714285,49.285714285714285,0.08,5,1,1,7,2101.14,New - convert to second purchase
C00047,2026-03-20,2024-05-18,20,31472.22,11,682,35.89473684210526,35.89473684210526,0.31,4,2,1,7,1573.61,New - convert to second purchase
C01876,2026-03-05,2024-04-14,16,31384.45,26,716,47.733333333333334,47.733333333333334,0.54,3,1,1,5,1961.53,Steady middle - hold
C01288,2026-03-01,2024-05-19,14,31347.21,30,681,52.38461538461539,52.38461538461539,0.57,3,1,1,5,2239.09,Steady middle - hold
C00001,2026-02-22,2024-05-05,11,31317.83,37,695,69.5,69.5,0.53,2,1,1,4,2847.08,Dormant low value - do not spend
C01422,2026-03-04,2024-06-01,18,31220.78,27,668,39.294117647058826,39.294117647058826,0.69,3,2,1,6,1734.49,Steady middle - hold
C01181,2026-03-19,2024-06-04,15,31194.39,12,665,47.5,47.5,0.25,4,1,1,6,2079.63,New - convert to second purchase
C02136,2025-12-13,2024-05-07,18,31139.54,108,693,40.76470588235294,40.76470588235294,2.65,1,2,1,4,1729.97,Dormant low value - do not spend
C02558,2026-03-25,2024-05-25,13,31125.239999999998,6,675,56.25,56.25,0.11,5,1,1,7,2394.25,New - convert to second purchase
C00981,2026-03-26,2024-04-03,14,30994.13,5,727,55.92307692307692,55.92307692307692,0.09,5,1,1,7,2213.87,New - convert to second purchase
C02196,2026-01-21,2024-04-15,19,30924.14,69,715,39.72222222222222,39.72222222222222,1.74,1,2,1,4,1627.59,Dormant low value - do not spend
C00603,2025-12-31,2024-05-19,16,30810.3,90,681,45.4,45.4,1.98,1,1,1,3,1925.64,Dormant low value - do not spend
C00366,2026-03-13,2024-04-05,12,30751.719999999998,18,725,65.9090909090909,65.9090909090909,0.27,3,1,1,5,2562.64,Steady middle - hold
C01699,2026-03-25,2024-04-27,16,30667.329999999998,6,703,46.86666666666667,46.86666666666667,0.13,5,1,1,7,1916.71,New - convert to second purchase
C01210,2026-01-19,2024-05-14,15,30464.97,71,686,49.0,49.0,1.45,1,1,1,3,2031.0,Dormant low value - do not spend
C01855,2026-02-21,2024-10-17,16,30443.02,38,530,35.333333333333336,35.333333333333336,1.08,2,1,1,4,1902.69,Dormant low value - do not spend
C02207,2026-02-22,2024-04-01,8,30377.88,37,729,104.14285714285714,104.14285714285714,0.36,2,1,1,4,3797.24,Dormant low value - do not spend
C01156,2026-01-15,2024-06-03,12,30265.210000000003,75,666,60.54545454545455,60.54545454545455,1.24,1,1,1,3,2522.1,Dormant low value - do not spend
C00573,2026-02-14,2024-06-24,17,29937.9,45,645,40.3125,40.3125,1.12,2,1,1,4,1761.05,Dormant low value - do not spend
C01122,2026-03-19,2024-04-08,18,29932.36,12,722,42.470588235294116,42.470588235294116,0.28,4,2,1,7,1662.91,New - convert to second purchase
C02477,2026-03-17,2024-04-11,17,29687.84,14,719,44.9375,44.9375,0.31,4,1,1,6,1746.34,New - convert to second purchase
C02396,2026-01-17,2024-04-04,18,29672.33,73,726,42.705882352941174,42.705882352941174,1.71,1,2,1,4,1648.46,Dormant low value - do not spend
C00771,2026-03-16,2024-04-28,15,29572.5,15,702,50.142857142857146,50.142857142857146,0.3,4,1,1,6,1971.5,New - convert to second purchase
C01703,2026-03-06,2024-05-12,15,29442.3,25,688,49.142857142857146,49.142857142857146,0.51,3,1,1,5,1962.82,Steady middle - hold
C02502,2026-03-07,2024-04-09,20,29287.96,24,721,37.94736842105263,37.94736842105263,0.63,3,3,1,7,1464.4,Steady middle - hold
C01561,2026-03-27,2024-05-05,18,29025.28,4,695,40.88235294117647,40.88235294117647,0.1,5,2,1,8,1612.52,New - convert to second purchase
C01072,2026-02-14,2024-05-10,17,28899.62,45,690,43.125,43.125,1.04,2,1,1,4,1699.98,Dormant low value - do not spend
C02263,2026-03-14,2024-05-31,16,28863.62,17,669,44.6,44.6,0.38,4,1,1,6,1803.98,New - convert to second purchase
C02417,2026-03-08,2024-04-01,19,28849.36,23,729,40.5,40.5,0.57,3,2,1,6,1518.39,Steady middle - hold
C02224,2026-02-21,2024-09-20,10,28827.3,38,557,61.888888888888886,61.888888888888886,0.61,2,1,1,4,2882.73,Dormant low value - do not spend
C01060,2026-03-08,2024-04-26,14,28698.41,23,704,54.15384615384615,54.15384615384615,0.42,3,1,1,5,2049.89,Steady middle - hold
C01465,2026-03-21,2024-04-01,18,28564.95,10,729,42.88235294117647,42.88235294117647,0.23,4,2,1,7,1586.94,New - convert to second purchase
C02427,2026-03-16,2024-05-18,17,28553.73,15,682,42.625,42.625,0.35,4,1,1,6,1679.63,New - convert to second purchase
C02404,2026-01-05,2024-04-20,12,28437.120000000003,85,710,64.54545454545455,64.54545454545455,1.32,1,1,1,3,2369.76,Dormant low value - do not spend
C02028,2026-03-14,2024-05-13,15,28001.86,17,687,49.07142857142857,49.07142857142857,0.35,3,1,1,5,1866.79,Steady middle - hold
C02260,2026-03-25,2024-04-09,16,27713.15,6,721,48.06666666666667,48.06666666666667,0.12,5,1,1,7,1732.07,New - convert to second purchase
C01211,2026-01-23,2024-04-06,17,27577.12,67,724,45.25,45.25,1.48,1,1,1,3,1622.18,Dormant low value - do not spend
C00560,2026-02-03,2024-04-07,15,27573.75,56,723,51.642857142857146,51.642857142857146,1.08,2,1,1,4,1838.25,Dormant low value - do not spend
C00663,2026-03-03,2024-05-02,15,27466.17,28,698,49.857142857142854,49.857142857142854,0.56,3,1,1,5,1831.08,Steady middle - hold
C01020,2026-02-17,2024-04-04,18,27325.21,42,726,42.705882352941174,42.705882352941174,0.98,2,2,1,5,1518.07,Dormant low value - do not spend
C00058,2026-03-18,2024-11-11,13,26833.809999999998,13,505,42.083333333333336,42.083333333333336,0.31,4,1,1,6,2064.14,New - convert to second purchase
C01265,2026-01-13,2024-04-04,11,26740.48,77,726,72.6,72.6,1.06,1,1,1,3,2430.95,Dormant low value - do not spend
C00380,2025-12-27,2024-04-11,17,26579.3,94,719,44.9375,44.9375,2.09,1,1,1,3,1563.49,Dormant low value - do not spend
C01150,2026-03-15,2024-07-19,17,26361.23,16,620,38.75,38.75,0.41,4,1,1,6,1550.66,New - convert to second purchase
C00060,2026-03-01,2024-04-20,14,25959.63,30,710,54.61538461538461,54.61538461538461,0.55,3,1,1,5,1854.26,Steady middle - hold
C01720,2026-02-19,2024-04-01,16,25838.36,40,729,48.6,48.6,0.82,2,1,1,4,1614.9,Dormant low value - do not spend
C00475,2026-03-09,2024-04-24,15,25280.87,22,706,50.42857142857143,50.42857142857143,0.44,3,1,1,5,1685.39,Steady middle - hold
C00872,2026-03-17,2024-04-20,15,25274.3,14,710,50.714285714285715,50.714285714285715,0.28,4,1,1,6,1684.95,New - convert to second purchase
C00655,2026-03-01,2024-04-22,17,25261.55,30,708,44.25,44.25,0.68,3,1,1,5,1485.97,Steady middle - hold
C00596,2026-03-21,2024-06-02,16,25145.059999999998,10,667,44.46666666666667,44.46666666666667,0.22,4,1,1,6,1571.57,New - convert to second purchase
C00073,2026-03-06,2024-04-03,12,25103.71,25,727,66.0909090909091,66.0909090909091,0.38,3,1,1,5,2091.98,Steady middle - hold
C00931,2026-02-12,2024-10-25,13,25073.02,47,522,43.5,43.5,1.08,2,1,1,4,1928.69,Dormant low value - do not spend
C01373,2026-02-23,2024-10-19,9,24728.76,36,528,66.0,66.0,0.55,2,1,1,4,2747.64,Dormant low value - do not spend
C00664,2026-03-06,2024-08-04,13,24459.53,25,604,50.333333333333336,50.333333333333336,0.5,3,1,1,5,1881.5,Steady middle - hold
C00330,2026-03-25,2024-05-17,15,24448.1,6,683,48.785714285714285,48.785714285714285,0.12,5,1,1,7,1629.87,New - convert to second purchase
C02445,2026-03-14,2024-05-30,13,24362.77,17,670,55.833333333333336,55.833333333333336,0.3,4,1,1,6,1874.06,New - convert to second purchase
C00671,2026-03-29,2024-04-18,12,23934.61,2,712,64.72727272727273,64.72727272727273,0.03,5,1,1,7,1994.55,New - convert to second purchase
C02360,2026-01-03,2024-06-22,13,23183.72,87,647,53.916666666666664,53.916666666666664,1.61,1,1,1,3,1783.36,Dormant low value - do not spend
C01543,2026-03-07,2024-04-10,17,22958.09,24,720,45.0,45.0,0.53,3,1,1,5,1350.48,Steady middle - hold
C00887,2026-03-30,2024-04-06,13,22133.82,1,724,60.333333333333336,60.333333333333336,0.02,5,1,1,7,1702.6,New - convert to second purchase
C00468,2026-03-17,2024-05-31,15,21971.29,14,669,47.785714285714285,47.785714285714285,0.29,4,1,1,6,1464.75,New - convert to second purchase
C02011,2026-03-24,2024-04-09,11,21793.77,7,721,72.1,72.1,0.1,5,1,1,7,1981.25,New - convert to second purchase
C00208,2026-02-08,2024-04-12,16,21655.93,51,718,47.86666666666667,47.86666666666667,1.07,2,1,1,4,1353.5,Dormant low value - do not spend
C02208,2025-09-27,2024-04-29,7,20758.52,185,701,116.83333333333333,116.83333333333333,1.58,1,1,1,3,2965.5,Dormant low value - do not spend
C01178,2026-02-07,2024-06-02,13,20457.56,52,667,55.583333333333336,55.583333333333336,0.94,2,1,1,4,1573.66,Dormant low value - do not spend
C01982,2026-01-21,2024-08-19,9,20047.02,69,589,73.625,73.625,0.94,1,1,1,3,2227.45,Dormant low value - do not spend
C01749,2026-03-26,2024-05-14,11,20004.65,5,686,68.6,68.6,0.07,5,1,1,7,1818.6,New - convert to second purchase
C01519,2026-03-24,2024-06-15,15,19893.68,7,654,46.714285714285715,46.714285714285715,0.15,5,1,1,7,1326.25,New - convert to second purchase
C02463,2026-02-13,2024-05-21,14,19622.49,46,679,52.23076923076923,52.23076923076923,0.88,2,1,1,4,1401.61,Dormant low value - do not spend
C02483,2026-03-18,2024-04-17,14,19385.29,13,713,54.84615384615385,54.84615384615385,0.24,4,1,1,6,1384.66,New - convert to second purchase
C01918,2026-03-03,2024-05-08,10,18966.82,28,692,76.88888888888889,76.88888888888889,0.36,3,1,1,5,1896.68,Steady middle - hold
C00974,2026-01-22,2024-05-03,12,18001.26,68,697,63.36363636363637,63.36363636363637,1.07,1,1,1,3,1500.1,Dormant low value - do not spend
C00229,2026-02-24,2024-05-16,12,16958.85,35,684,62.18181818181818,62.18181818181818,0.56,2,1,1,4,1413.24,Dormant low value - do not spend
C01595,2026-03-15,2024-04-27,11,12477.42,16,703,70.3,70.3,0.23,4,1,1,6,1134.31,New - convert to second purchase
